date,symbol,returns,returns_squared
2022-12-11,ALGO-USD,,
2022-12-12,ALGO-USD,-0.01987113184288536,0.0003948618807173325
2022-12-13,ALGO-USD,0.02229544961700647,0.0004970870736244739
2022-12-14,ALGO-USD,-0.01168972780543276,0.0001366497361651078
2022-12-15,ALGO-USD,-0.047140108389494784,0.0022221898189733165
2022-12-16,ALGO-USD,-0.11851669374334173,0.014046206695853056
2022-12-17,ALGO-USD,0.048729722450069346,0.0023745858500607924
2022-12-18,ALGO-USD,-0.02957405386398282,0.0008746246619497571
2022-12-19,ALGO-USD,-0.0776632508489572,0.006031580532428051
2022-12-20,ALGO-USD,0.02755852967561956,0.0007594725578820038
2022-12-21,ALGO-USD,-0.03963679715496238,0.0015710756887036337
2022-12-22,ALGO-USD,-0.0006633006607256187,4.399677665190423e-07
2022-12-23,ALGO-USD,-0.009576920033924075,9.171739733617629e-05
2022-12-24,ALGO-USD,-0.010245610506859237,0.0001049725346582644
2022-12-25,ALGO-USD,-0.01488903754543347,0.00022168343902932754
2022-12-26,ALGO-USD,0.03394795355622482,0.0011524635506555973
2022-12-27,ALGO-USD,-0.0089095217358518,7.937957756161567e-05
2022-12-28,ALGO-USD,-0.016084662968121943,0.0002587163827980734
2022-12-29,ALGO-USD,-0.012496977285043509,0.00015617444126289344
2022-12-30,ALGO-USD,0.023354394836966552,0.0005454277582009299
2022-12-31,ALGO-USD,0.02254333145093823,0.0005082017929068608
2023-01-01,ALGO-USD,0.02689534576921848,0.0007233596240458185
2023-01-02,ALGO-USD,0.021006853160264294,0.00044128787969690593
2023-01-03,ALGO-USD,0.017152856429964558,0.0002942204837069765
2023-01-04,ALGO-USD,0.015143635769448993,0.000229329704317735
2023-01-05,ALGO-USD,-0.018969226398517613,0.0003598315501582175
2023-01-06,ALGO-USD,0.032433635298405594,0.0010519406986699814
2023-01-07,ALGO-USD,0.02579994162112098,0.0006656369876532507
2023-01-08,ALGO-USD,0.02656568512254176,0.0007057356260300366
2023-01-09,ALGO-USD,0.005702839711000163,3.2522380769360416e-05
2023-01-10,ALGO-USD,0.016856990198355737,0.0002841581185474614
2023-01-11,ALGO-USD,0.03265037470318499,0.0010660469682583825
2023-01-12,ALGO-USD,0.00850360543564932,7.231130540520466e-05
2023-01-13,ALGO-USD,0.039962199851945934,0.0015969774170068677
2023-01-14,ALGO-USD,0.038471827832356364,0.0014800815367624698
2023-01-15,ALGO-USD,0.04711094185072584,0.0022194408420624714
2023-01-16,ALGO-USD,-0.025156540157926566,0.000632851512717372
2023-01-17,ALGO-USD,-0.020453391807818244,0.00041834123644412646
2023-01-18,ALGO-USD,-0.08672446315024529,0.0075211325086982535
2023-01-19,ALGO-USD,0.037854157105821296,0.001432937210192201
2023-01-20,ALGO-USD,0.10227648789150501,0.010460479975421171
2023-01-21,ALGO-USD,-0.0004545992674830357,2.0666049399611264e-07
2023-01-22,ALGO-USD,0.029390789975988207,0.0008638185354126489
2023-01-23,ALGO-USD,0.01455954294674111,0.00021198029081799882
2023-01-24,ALGO-USD,-0.05298778690940076,0.0028077055615560623
2023-01-25,ALGO-USD,0.03513333503064775,0.0012343512303757403
2023-01-26,ALGO-USD,0.0017932309055643803,3.215677080671247e-06
2023-01-27,ALGO-USD,0.036288419859097365,0.001316849415870132
2023-01-28,ALGO-USD,0.01010488399021292,0.0001021086804556614
2023-01-29,ALGO-USD,0.01900882387484648,0.0003613353851049336
2023-01-30,ALGO-USD,-0.0855171619701749,0.007313184991433127
2023-01-31,ALGO-USD,0.010155580603748993,0.00010313581739924275
2023-02-01,ALGO-USD,0.036440002780825154,0.001327873802666545
2023-02-02,ALGO-USD,0.017455999095834507,0.0003047119044337751
2023-02-03,ALGO-USD,0.06074054592432998,0.0036894139191856394
2023-02-04,ALGO-USD,-0.014420787529418333,0.0002079591129686273
2023-02-05,ALGO-USD,-0.03714684514212374,0.001379888104012922
2023-02-06,ALGO-USD,-0.006538260735706847,4.2748853448085835e-05
2023-02-07,ALGO-USD,0.09293277515554199,0.008636500698110523
2023-02-08,ALGO-USD,0.038888381195748334,0.0015123061920258327
2023-02-09,ALGO-USD,-0.11968384345081884,0.01432422238316011
2023-02-10,ALGO-USD,-0.012902346922301855,0.00016647055610343215
2023-02-11,ALGO-USD,0.02055084334864543,0.0004223371623405642
2023-02-12,ALGO-USD,-0.03441828698615301,0.00118461847906119
2023-02-13,ALGO-USD,-0.014814575688600451,0.00021947165283327152
2023-02-14,ALGO-USD,0.036835149146827284,0.0013568282126690107
2023-02-15,ALGO-USD,0.07505022760881364,0.005632536664134732
2023-02-16,ALGO-USD,-0.05171835347380849,0.0026747880860417982
2023-02-17,ALGO-USD,0.05015782540902647,0.002515807449762381
2023-02-18,ALGO-USD,0.007139827567381074,5.097713769193475e-05
2023-02-19,ALGO-USD,0.016986345133322978,0.0002885359209883652
2023-02-20,ALGO-USD,0.024564951565334336,0.0006034368454072218
2023-02-21,ALGO-USD,-0.02332690354204603,0.0005441444288599196
2023-02-22,ALGO-USD,-0.025227662363748626,0.000636434948339299
2023-02-23,ALGO-USD,-0.009615789125084095,9.246340049808555e-05
2023-02-24,ALGO-USD,-0.044165914530908124,0.0019506280063514812
2023-02-25,ALGO-USD,-0.021592718396922228,0.00046624548776878365
2023-02-26,ALGO-USD,0.017612424899750678,0.0003101975108493577
2023-02-27,ALGO-USD,-0.0019317678974343222,3.731727209557822e-06
2023-02-28,ALGO-USD,-0.04029668975317524,0.0016238232050636585
2023-03-01,ALGO-USD,0.025605551488111944,0.0006556442670103518
2023-03-02,ALGO-USD,-0.03432067411739548,0.0011779086718724599
2023-03-03,ALGO-USD,-0.03772098108837452,0.001422872414269508
2023-03-04,ALGO-USD,-0.03406357188706255,0.001160326929705078
2023-03-05,ALGO-USD,0.00750351260447113,5.6302701405457116e-05
2023-03-06,ALGO-USD,-0.00537445607736553,2.8884778127531284e-05
2023-03-07,ALGO-USD,-0.036815394941287716,0.001355373304682993
2023-03-08,ALGO-USD,-0.07038037033608724,0.004953396528644788
2023-03-09,ALGO-USD,-0.04326638042916742,0.0018719796754414412
2023-03-10,ALGO-USD,-0.021862385763907977,0.00047796391128992615
2023-03-11,ALGO-USD,-0.0006391203512963184,4.0847482344112944e-07
2023-03-12,ALGO-USD,0.06960117671462052,0.004844323800059833
2023-03-13,ALGO-USD,0.05207745708915268,0.0027120615368725386
2023-03-14,ALGO-USD,0.04602423671886835,0.0021182303655544296
2023-03-15,ALGO-USD,-0.08018191203931901,0.006429139018281091
2023-03-16,ALGO-USD,0.020974087273679443,0.000439912336963922
2023-03-17,ALGO-USD,0.08639900822777147,0.007464788622742522
2023-03-18,ALGO-USD,-0.05088425256977347,0.002589207159584498
2023-03-19,ALGO-USD,0.024759107873161712,0.0006130134226748583
2023-03-20,ALGO-USD,-0.04902770426125702,0.00240371578512928
2023-03-21,ALGO-USD,0.06836461344586975,0.0046737203716031945
2023-03-22,ALGO-USD,-0.046710998998431674,0.002181917427431485
2023-03-23,ALGO-USD,0.02629606379413718,0.0006914829710653323
2023-03-24,ALGO-USD,-0.04766695020956402,0.0022721381422810554
2023-03-25,ALGO-USD,-0.012799946782328542,0.0001638386376304428
2023-03-26,ALGO-USD,0.020761024742416145,0.0004310201483552154
2023-03-27,ALGO-USD,-0.05006426478575987,0.002506430608538676
2023-03-28,ALGO-USD,0.008648110688554977,7.478981848149885e-05
2023-03-29,ALGO-USD,0.16000023014971587,0.02560007364796205
2023-03-30,ALGO-USD,-0.04157866954133327,0.0017287857608273948
2023-03-31,ALGO-USD,0.00366902547755954,1.346174795498101e-05
2023-04-01,ALGO-USD,-0.014320737098706626,0.00020508351105027228
2023-04-02,ALGO-USD,-0.03638940387774947,0.0013241887145779682
2023-04-03,ALGO-USD,0.0012565014012011488,1.5787957712204503e-06
2023-04-04,ALGO-USD,0.017530920408947104,0.0003073331703848381
2023-04-05,ALGO-USD,0.021868475849027957,0.000478230235959519
2023-04-06,ALGO-USD,-0.022957302730192586,0.000527037748645708
2023-04-07,ALGO-USD,0.0070807115033271195,5.0136475393349e-05
2023-04-08,ALGO-USD,-0.013760933380395746,0.0001893632874996899
2023-04-09,ALGO-USD,0.002552016522936018,6.5127883333384435e-06
2023-04-10,ALGO-USD,0.01792941259253311,0.0003214638359132849
2023-04-11,ALGO-USD,-0.003778231596706094,1.4275033998348282e-05
2023-04-12,ALGO-USD,-0.022737136690818005,0.0005169773848969423
2023-04-13,ALGO-USD,0.03127430743106174,0.0009780823052925637
2023-04-14,ALGO-USD,0.02718994983483225,0.0007392933720206943
2023-04-15,ALGO-USD,0.02015798823194981,0.00040634448955942696
2023-04-16,ALGO-USD,0.011272772069811587,0.00012707539013792423
2023-04-17,ALGO-USD,-0.06031702948032702,0.0036381440453306393
2023-04-18,ALGO-USD,0.007553446865279367,5.7054559546598705e-05
2023-04-19,ALGO-USD,-0.10422288695322113,0.01086241016486391
2023-04-20,ALGO-USD,-0.04282453930286523,0.0018339411665026486
2023-04-21,ALGO-USD,-0.028701002919972463,0.0008237475686122678
2023-04-22,ALGO-USD,0.0265845182198301,0.0007067366089804786
2023-04-23,ALGO-USD,-0.01133056033650981,0.0001283815975392893
2023-04-24,ALGO-USD,-0.013902449369690095,0.00019327809847679653
2023-04-25,ALGO-USD,0.01417941467563999,0.00020105580054375472
2023-04-26,ALGO-USD,-0.03791623950433198,0.0014376412181498653
2023-04-27,ALGO-USD,0.016683219392406468,0.00027832980929516724
2023-04-28,ALGO-USD,-0.0010823091487951464,1.1713930935656744e-06
2023-04-29,ALGO-USD,-0.001192446621035681,1.421928944019413e-06
2023-04-30,ALGO-USD,-0.013584873841862244,0.00018454879729931303
2023-05-01,ALGO-USD,-0.02120512736894864,0.00044965742673333466
2023-05-02,ALGO-USD,0.009807456066142084,9.618619448930716e-05
2023-05-03,ALGO-USD,0.012949605402134523,0.00016769228007099162
2023-05-04,ALGO-USD,-0.02290756522460824,0.0005247565445196808
2023-05-05,ALGO-USD,0.02781152273552423,0.0007734807968685811
2023-05-06,ALGO-USD,-0.036710703895108776,0.0013476757804743546
2023-05-07,ALGO-USD,-0.00822791838111725,6.76986408863271e-05
2023-05-08,ALGO-USD,-0.05566835243297896,0.003098965462602355
2023-05-09,ALGO-USD,0.006275157323773373,3.9377599438106594e-05
2023-05-10,ALGO-USD,0.02185035704542182,0.00047743810301241496
2023-05-11,ALGO-USD,-0.035976250386262176,0.0012942905918550294
2023-05-12,ALGO-USD,0.01138243696890262,0.00012955987135104108
2023-05-13,ALGO-USD,-0.013490623273840097,0.0001819969163166761
2023-05-14,ALGO-USD,0.003991621688330893,1.593304370275357e-05
2023-05-15,ALGO-USD,0.024370246132565443,0.000593908896561821
2023-05-16,ALGO-USD,0.01547093890754292,0.0002393499506809253
2023-05-17,ALGO-USD,0.016409022417879893,0.0002692560167104849
2023-05-18,ALGO-USD,-0.03978580472953164,0.001582910257976422
2023-05-19,ALGO-USD,-0.002683284370327832,7.20001501204563e-06
2023-05-20,ALGO-USD,-0.0024057055005435313,5.787418955345402e-06
2023-05-21,ALGO-USD,-0.017980127199248686,0.0003232849741011624
2023-05-22,ALGO-USD,-0.0015340270482068208,2.3532389846301317e-06
2023-05-23,ALGO-USD,0.006678280398416447,4.459942907987334e-05
2023-05-24,ALGO-USD,-0.04990278701672457,0.0024902881520365745
2023-05-25,ALGO-USD,-0.026206825461048355,0.0006867977007458524
2023-05-26,ALGO-USD,-0.00192899070234831,3.721005129746226e-06
2023-05-27,ALGO-USD,0.003758781745568207,1.4128440210816778e-05
2023-05-28,ALGO-USD,0.017501579504218823,0.0003063052851424924
2023-05-29,ALGO-USD,-0.0098662054678198,9.734201033323731e-05
2023-05-30,ALGO-USD,-0.0016673815814389759,2.78016133812194e-06
2023-05-31,ALGO-USD,-0.02517722463182126,0.0006338926401611871
2023-06-01,ALGO-USD,0.0036905782989071767,1.362036818036459e-05
2023-06-02,ALGO-USD,0.024227998223325997,0.0005869958979094876
2023-06-03,ALGO-USD,-0.00499967509719168,2.499675107747864e-05
2023-06-04,ALGO-USD,0.005071163502776255,2.5716699271889934e-05
2023-06-05,ALGO-USD,-0.09064978741932295,0.00821738395916844
2023-06-06,ALGO-USD,-0.0051936515200906586,2.697401611214001e-05
2023-06-07,ALGO-USD,-0.0879739874179496,0.007739422462213554
2023-06-08,ALGO-USD,-0.015895729231776956,0.00025267420780996844
2023-06-09,ALGO-USD,0.0077071073157291,5.939950317616502e-05
2023-06-10,ALGO-USD,-0.10478774456205053,0.010980471410401552
2023-06-11,ALGO-USD,-0.0042896936194446456,1.8401471348704105e-05
2023-06-12,ALGO-USD,0.01705201820089619,0.000290771324723695
2023-06-13,ALGO-USD,0.0026640880402863942,7.097365086397001e-06
2023-06-14,ALGO-USD,-0.0008767834512490857,7.68749220384258e-07
2023-06-15,ALGO-USD,-0.006143134309509746,3.773809914467578e-05
2023-06-16,ALGO-USD,0.035275956101675554,0.0012443930788873408
2023-06-17,ALGO-USD,0.019901614926863154,0.0003960742766971423
2023-06-18,ALGO-USD,-0.029269935499966926,0.0008567291241722241
2023-06-19,ALGO-USD,0.011608515275518982,0.00013475762690195756
2023-06-20,ALGO-USD,0.04416345234201713,0.0019504105227656182
2023-06-21,ALGO-USD,0.036314459622076134,0.0013187399776433979
2023-06-22,ALGO-USD,-0.005270584634148645,2.7779062385723807e-05
2023-06-23,ALGO-USD,0.08010929749150453,0.006417499544582373
2023-06-24,ALGO-USD,-0.017395107632179996,0.00030258976953512673
2023-06-25,ALGO-USD,0.032537229060732864,0.0010586712749505991
2023-06-26,ALGO-USD,-0.05518405497660406,0.003045279923660859
2023-06-27,ALGO-USD,-0.01685760279427273,0.00028417877196947175
2023-06-28,ALGO-USD,-0.06717326934798329,0.004512248114896711
2023-06-29,ALGO-USD,0.012136414548647556,0.00014729255809662408
2023-06-30,ALGO-USD,0.010801724528888279,0.00011667725279798671
2023-07-01,ALGO-USD,0.04912098629588857,0.0024128712946808726
2023-07-02,ALGO-USD,-0.02976598394603369,0.0008860138002755355
2023-07-03,ALGO-USD,0.03624766574729632,0.001313893272127719
2023-07-04,ALGO-USD,-0.03132187738574377,0.000981060002967567
2023-07-05,ALGO-USD,-0.03340550700252909,0.00111592789809602
2023-07-06,ALGO-USD,-0.05565922202341267,0.0030979489962515458
2023-07-07,ALGO-USD,-0.00801799968770256,6.428831899199833e-05
2023-07-08,ALGO-USD,-0.0058775985043322265,3.4546164178128426e-05
2023-07-09,ALGO-USD,-0.011556330321156882,0.00013354877049168994
2023-07-10,ALGO-USD,-0.004850347552843526,2.352587138337518e-05
2023-07-11,ALGO-USD,-0.012648683702759511,0.00015998919941245405
2023-07-12,ALGO-USD,-0.02339267279400037,0.000547217140447165
2023-07-13,ALGO-USD,0.14819742475399011,0.02196247670371456
2023-07-14,ALGO-USD,-0.06930252663504766,0.00480284019800149
2023-07-15,ALGO-USD,0.0024708590837767552,6.105144611882106e-06
2023-07-16,ALGO-USD,0.020827888224890678,0.00043380092790853975
2023-07-17,ALGO-USD,0.03531264405848611,0.0012469828304013343
2023-07-18,ALGO-USD,-0.051891126536439236,0.002692689013220748
2023-07-19,ALGO-USD,0.0011859637501827613,1.4065100167475592e-06
2023-07-20,ALGO-USD,0.008879975005211538,7.885395609318165e-05
2023-07-21,ALGO-USD,0.004122651273016142,1.699625351890162e-05
2023-07-22,ALGO-USD,-0.007968862059198112,6.350276251852718e-05
2023-07-23,ALGO-USD,0.0135859743548572,0.0001845786991708375
2023-07-24,ALGO-USD,-0.05538137036489588,0.003067096183493767
2023-07-25,ALGO-USD,0.0025534190886982167,6.5199490425284315e-06
2023-07-26,ALGO-USD,0.009323578051673609,8.692910768564985e-05
2023-07-27,ALGO-USD,-0.009264444371031577,8.582992950393867e-05
2023-07-28,ALGO-USD,0.005284955186995566,2.7930751328551337e-05
2023-07-29,ALGO-USD,0.00795371316204796,6.326155306413495e-05
2023-07-30,ALGO-USD,-0.01655388751960607,0.0002740311920117696
2023-07-31,ALGO-USD,0.001971700443538893,3.887602639051467e-06
2023-08-01,ALGO-USD,0.009201398563710494,8.466573552825356e-05
2023-08-02,ALGO-USD,-0.03508880722712204,0.001231224392622132
2023-08-03,ALGO-USD,-0.00497713746843409,2.47718973796905e-05
2023-08-04,ALGO-USD,-0.004014782492042901,1.6118478458414205e-05
2023-08-05,ALGO-USD,0.00459737324306797,2.1135840736077308e-05
2023-08-06,ALGO-USD,0.030925541943148893,0.0009563891444774614
2023-08-07,ALGO-USD,0.019551898947887114,0.0003822767524683892
2023-08-08,ALGO-USD,0.01139884907773836,0.00012993376029705667
2023-08-09,ALGO-USD,-0.0012463955787568315,1.553501938744577e-06
2023-08-10,ALGO-USD,-0.004080090957659488,1.6647142222774717e-05
2023-08-11,ALGO-USD,-0.0022128077471312846,4.896518125764231e-06
2023-08-12,ALGO-USD,0.028999710940542434,0.0008409832346350165
2023-08-13,ALGO-USD,0.011131018792864156,0.000123899579367095
2023-08-14,ALGO-USD,-0.015451253480650906,0.00023874123412332673
2023-08-15,ALGO-USD,-0.057540825182849975,0.003310946562723302
2023-08-16,ALGO-USD,-0.05428243759822704,0.0029465830316054127
2023-08-17,ALGO-USD,-0.08981390119927912,0.008066536848633872
2023-08-18,ALGO-USD,0.02233537235136307,0.0004988688580740339
2023-08-19,ALGO-USD,0.013900996610532124,0.00019323770676602558
2023-08-20,ALGO-USD,0.005934965211879417,3.5223812066218894e-05
2023-08-21,ALGO-USD,-0.009970355896950944,9.940799671186447e-05
2023-08-22,ALGO-USD,0.005284537091892805,2.792633227559086e-05
2023-08-23,ALGO-USD,0.017866758427994123,0.000319221056724299
2023-08-24,ALGO-USD,-0.013230794049484018,0.0001750539111798617
2023-08-25,ALGO-USD,-0.0033109094766025082,1.0962121562256295e-05
2023-08-26,ALGO-USD,-0.01384474226850052,0.00019167688848120495
2023-08-27,ALGO-USD,-0.004320541598502481,1.866707970439037e-05
2023-08-28,ALGO-USD,0.022095683090946894,0.0004882192112555565
2023-08-29,ALGO-USD,0.033984311963642044,0.0011549334596421437
2023-08-30,ALGO-USD,-0.037251644837228426,0.0013876850430790072
2023-08-31,ALGO-USD,-0.03769144723170459,0.0014206451944203716
2023-09-01,ALGO-USD,-0.0126302246567217,0.00015952257487926078
2023-09-02,ALGO-USD,0.024116407584933386,0.0005816011148026325
2023-09-03,ALGO-USD,0.002408940095611989,5.802992384247098e-06
2023-09-04,ALGO-USD,-0.00625677456381224,3.9147227942367845e-05
2023-09-05,ALGO-USD,0.001736540087938332,3.0155714770168697e-06
2023-09-06,ALGO-USD,0.0002765343635935391,7.647125424808369e-08
2023-09-07,ALGO-USD,0.03806239282800061,0.0014487457477930326
2023-09-08,ALGO-USD,-0.016397595875976,0.0002688811505118252
2023-09-09,ALGO-USD,-0.019138918197616372,0.0003662981897750511
2023-09-10,ALGO-USD,-0.02396039138783468,0.0005741003554582222
2023-09-11,ALGO-USD,-0.03696975796877511,0.0013667630042698106
2023-09-12,ALGO-USD,0.011531355532570453,0.0001329721604185432
2023-09-13,ALGO-USD,0.015620497390857802,0.00024399993873779538
2023-09-14,ALGO-USD,0.024702874920987217,0.0006102320293619391
2023-09-15,ALGO-USD,0.033720255990209,0.001137055664045226
2023-09-16,ALGO-USD,0.011240168969839592,0.00012634139847054484
2023-09-17,ALGO-USD,-0.025740496751258113,0.0006625731730015295
2023-09-18,ALGO-USD,0.016865801955803006,0.0002844552756123685
2023-09-19,ALGO-USD,0.005832519980687456,3.401828932511841e-05
2023-09-20,ALGO-USD,0.031548056322369566,0.0009952798577194024
2023-09-21,ALGO-USD,-0.025840428593066123,0.0006677277498733492
2023-09-22,ALGO-USD,0.044021922033626204,0.0019379296195346644
2023-09-23,ALGO-USD,-0.012890250301760942,0.00016615855284204804
2023-09-24,ALGO-USD,0.005549606934025952,3.0798137122188935e-05
2023-09-25,ALGO-USD,-0.0341426798937039,0.0011657225903239324
2023-09-26,ALGO-USD,-0.020378256600943168,0.0004152733420938838
2023-09-27,ALGO-USD,-0.00048093132604398736,2.3129494037042808e-07
2023-09-28,ALGO-USD,0.01997553901134963,0.00039902215879395093
2023-09-29,ALGO-USD,0.04135264478162215,0.0017100412304350216
2023-09-30,ALGO-USD,0.01707368533488607,0.0002915107309147036
2023-10-01,ALGO-USD,0.028646369423406925,0.0008206144811423032
2023-10-02,ALGO-USD,-0.04592807983936131,0.002109388517730747
2023-10-03,ALGO-USD,-0.002485878712520595,6.179592973363051e-06
2023-10-04,ALGO-USD,-0.01640607207466438,0.00026915920091908236
2023-10-05,ALGO-USD,0.007731563367912253,5.977707211204266e-05
2023-10-06,ALGO-USD,0.006225629102452501,3.875845772130354e-05
2023-10-07,ALGO-USD,-0.008725427323356238,7.613308197517162e-05
2023-10-08,ALGO-USD,0.013933536273317948,0.000194143433079867
2023-10-09,ALGO-USD,-0.04611909859501939,0.0021269712552171196
2023-10-10,ALGO-USD,-0.014778722159915492,0.0002184106286799772
2023-10-11,ALGO-USD,-0.002508814637876111,6.294150887221442e-06
2023-10-12,ALGO-USD,-0.01399634939203509,0.00019589779630392105
2023-10-13,ALGO-USD,0.015006126978346135,0.0002251838468902477
2023-10-14,ALGO-USD,0.0029232449405522942,8.545360982464586e-06
2023-10-15,ALGO-USD,-0.009960275913399208,9.920709627104043e-05
2023-10-16,ALGO-USD,0.004786632461331042,2.2911850319868067e-05
2023-10-17,ALGO-USD,-0.034053145450010924,0.0011596167150395996
2023-10-18,ALGO-USD,-0.017446796230079276,0.0003043906986939084
2023-10-19,ALGO-USD,-0.004997169969224169,2.497170770131588e-05
2023-10-20,ALGO-USD,0.01870515513706361,0.00034988282870161724
2023-10-21,ALGO-USD,0.03084011482498772,0.0009511126824184273
2023-10-22,ALGO-USD,0.000914020904891677,8.354342145790001e-07
2023-10-23,ALGO-USD,0.04200561740463549,0.0017644718935446158
2023-10-24,ALGO-USD,0.026657382861235535,0.000710616061010494
2023-10-25,ALGO-USD,0.0004267722176689581,1.8213452577408057e-07
2023-10-26,ALGO-USD,0.0034526378846804207,1.192070836273049e-05
2023-10-27,ALGO-USD,-0.018192379105136047,0.00033096265750499063
2023-10-28,ALGO-USD,0.025155772209614735,0.000632812875462025
2023-10-29,ALGO-USD,0.04524603625936208,0.0020472037971835076
2023-10-30,ALGO-USD,0.055316982457717545,0.0030599685482274306
2023-10-31,ALGO-USD,-0.026048401602951632,0.0006785192260686531
2023-11-01,ALGO-USD,0.04474885508788984,0.002002460031676964
2023-11-02,ALGO-USD,-0.025862108314720245,0.000668848646482322
2023-11-03,ALGO-USD,0.003836307719659704,1.4717256919920637e-05
2023-11-04,ALGO-USD,0.02753911518186203,0.0007584028649998637
2023-11-05,ALGO-USD,0.059551106554873945,0.0035463342919099506
2023-11-06,ALGO-USD,0.06219690636091668,0.003868455160868638
2023-11-07,ALGO-USD,-0.04200082087158841,0.0017640689538872564
2023-11-08,ALGO-USD,0.030351072619402952,0.0009211876091482716
2023-11-09,ALGO-USD,-0.029692206011333377,0.0008816270978194619
2023-11-10,ALGO-USD,0.03498849947757687,0.0012241950956923971
2023-11-11,ALGO-USD,0.03946594313697904,0.001557560667691263
2023-11-12,ALGO-USD,0.09462226327981815,0.008953372708195222
2023-11-13,ALGO-USD,-0.08285420751403438,0.0068648197027786715
2023-11-14,ALGO-USD,-0.03358449725372614,0.0011279184557855388
2023-11-15,ALGO-USD,0.10251294308733039,0.010508903500426239
2023-11-16,ALGO-USD,-0.0464133670162189,0.0021542006377822365
2023-11-17,ALGO-USD,0.0006259747595565024,3.91844399601821e-07
2023-11-18,ALGO-USD,-0.011972817342546405,0.00014334835511797995
2023-11-19,ALGO-USD,0.05259777554699796,0.0027665259924923766
2023-11-20,ALGO-USD,0.0021510450983512897,4.626995015141109e-06
2023-11-21,ALGO-USD,-0.12145020299584586,0.014750151807732165
2023-11-22,ALGO-USD,0.06405251363156439,0.0041027245025217415
2023-11-23,ALGO-USD,-0.01352718345877535,0.0001829846923273654
2023-11-24,ALGO-USD,0.022242099360464396,0.0004947109839607707
2023-11-25,ALGO-USD,0.051343284181776694,0.002636132830570681
2023-11-26,ALGO-USD,-0.028781508835993508,0.0008283752508763724
2023-11-27,ALGO-USD,-0.032861844323697764,0.001079900812354947
2023-11-28,ALGO-USD,0.009435058322794676,8.902032555453709e-05
2023-11-29,ALGO-USD,0.005853115878997617,3.4258965492974045e-05
2023-11-30,ALGO-USD,-0.002054223257057064,4.2198331898341325e-06
2023-12-01,ALGO-USD,0.042209359547669356,0.0017816300334244262
2023-12-02,ALGO-USD,0.06342510190869866,0.00402274355212881
2023-12-03,ALGO-USD,0.021470147408439333,0.0004609672297401142
2023-12-04,ALGO-USD,0.010182189346081172,0.00010367697987944892
2023-12-05,ALGO-USD,0.00623754782396313,3.8907002856227176e-05
2023-12-06,ALGO-USD,-0.005431327524189178,2.9499318675014945e-05
2023-12-07,ALGO-USD,0.07289584682881878,0.005313804484890609
2023-12-08,ALGO-USD,0.1252064874810408,0.015676664507340024
2023-12-09,ALGO-USD,0.08472880611336042,0.007178970585395422
2023-12-10,ALGO-USD,0.005348831272961929,2.8609995986615532e-05
2023-12-11,ALGO-USD,0.003954322647085506,1.5636667597253328e-05
2023-12-12,ALGO-USD,-0.02007464294938799,0.0004029912895454129
2023-12-13,ALGO-USD,0.012790428897383244,0.00016359507137901633
2023-12-14,ALGO-USD,0.07680533342882545,0.005899059243113052
2023-12-15,ALGO-USD,-0.09292656926110887,0.008635347274639665
2023-12-16,ALGO-USD,0.010770439342650207,0.00011600236363370742
2023-12-17,ALGO-USD,-0.03727461294923118,0.0013893967705149927
2023-12-18,ALGO-USD,0.02449699512208059,0.0006001027700112401
2023-12-19,ALGO-USD,-0.014643736623318748,0.0002144390222931268
2023-12-20,ALGO-USD,0.028823681175256244,0.0008308045964928212
2023-12-21,ALGO-USD,0.12783285423401747,0.01634123862161556
2023-12-22,ALGO-USD,0.07556548745326475,0.005710142894049512
2023-12-23,ALGO-USD,-0.020131026133133556,0.00040525821317290617
2023-12-24,ALGO-USD,-0.017043240607200194,0.00029047205039491763
2023-12-25,ALGO-USD,0.02937776311694895,0.0008630529657555662
2023-12-26,ALGO-USD,-0.015256533740765188,0.00023276182178310663
2023-12-27,ALGO-USD,-0.0224654255619976,0.0005046953456816551
2023-12-28,ALGO-USD,0.021755828605633187,0.0004733160783176873
2023-12-29,ALGO-USD,-0.03326032042208538,0.0011062489145797895
2023-12-30,ALGO-USD,-0.020563290926812305,0.00042284893374072127
2023-12-31,ALGO-USD,0.004554332861796073,2.074194781603561e-05
2024-01-01,ALGO-USD,0.07273641330939573,0.0052905858211152405
2024-01-02,ALGO-USD,-0.050305208158030745,0.002530613967822803
2024-01-03,ALGO-USD,-0.09795160003364223,0.00959451594915062
2024-01-04,ALGO-USD,0.015327608925906455,0.00023493559538552723
2024-01-05,ALGO-USD,-0.0545592144204895,0.0029767078781809493
2024-01-06,ALGO-USD,-0.0340923264684746,0.0011622867240330538
2024-01-07,ALGO-USD,-0.06218358827343562,0.00386679865056016
2024-01-08,ALGO-USD,0.09632012356125541,0.00927756620285551
2024-01-09,ALGO-USD,-0.0484300709837594,0.002345471775491974
2024-01-10,ALGO-USD,0.07204006357922865,0.0051897707604993066
2024-01-11,ALGO-USD,0.017951223703485564,0.000322246432452582
2024-01-12,ALGO-USD,-0.0789514006661034,0.0062333236671395925
2024-01-13,ALGO-USD,0.013939245364261943,0.00019430256132509807
2024-01-14,ALGO-USD,-0.02919114338676876,0.0008521228522268934
2024-01-15,ALGO-USD,0.02470813608524547,0.0006104919888070093
2024-01-16,ALGO-USD,0.040199699388837384,0.0016160158309528928
2024-01-17,ALGO-USD,-0.025845778674982278,0.0006680042753161687
2024-01-18,ALGO-USD,-0.06338312414859504,0.004017420426836211
2024-01-19,ALGO-USD,-0.032915656538240134,0.0010834404453433906
2024-01-20,ALGO-USD,-0.005572382381007435,3.105144540016209e-05
2024-01-21,ALGO-USD,-0.010479820083834746,0.00010982662898954609
2024-01-22,ALGO-USD,-0.05285415504154167,0.002793561705155325
2024-01-23,ALGO-USD,-0.007947070230807762,6.315592525339094e-05
2024-01-24,ALGO-USD,0.02084670413755907,0.0004345850733989224
2024-01-25,ALGO-USD,-0.013211402445469367,0.00017454115457615397
2024-01-26,ALGO-USD,0.03583477366502752,0.00128413100362375
2024-01-27,ALGO-USD,0.005409959108030549,2.926765755056269e-05
2024-01-28,ALGO-USD,-0.021935057530423574,0.00048114674886299197
2024-01-29,ALGO-USD,0.03003280901976746,0.0009019696176178257
2024-01-30,ALGO-USD,-0.026705670617091948,0.0007131928431086082
2024-01-31,ALGO-USD,-0.03110098771140124,0.000967271436624731
2024-02-01,ALGO-USD,-0.0025995816229613666,6.757824614438453e-06
2024-02-02,ALGO-USD,0.012572297960187884,0.00015806267599974443
2024-02-03,ALGO-USD,0.029949165825359225,0.0008969525336348649
2024-02-04,ALGO-USD,-0.04075313218888599,0.0016608177832048152
2024-02-05,ALGO-USD,0.005493844954403748,3.018233238302752e-05
2024-02-06,ALGO-USD,0.015296217680172752,0.00023397427531922948
2024-02-07,ALGO-USD,0.03627132382078613,0.001315608931712327
2024-02-08,ALGO-USD,0.004729110377494905,2.2364484962530005e-05
2024-02-09,ALGO-USD,0.03253383355298212,0.001058450325653145
2024-02-10,ALGO-USD,0.005544914404789214,3.074607575643892e-05
2024-02-11,ALGO-USD,0.022844033672512865,0.0005218498744309016
2024-02-12,ALGO-USD,0.021542129639244623,0.00046406334939402165
2024-02-13,ALGO-USD,-0.029115871286907957,0.0008477339607957913
2024-02-14,ALGO-USD,0.032394934955576105,0.0010494318107760066
2024-02-15,ALGO-USD,0.022465289026676327,0.0005046892110521038
2024-02-16,ALGO-USD,0.034720205374120905,0.0012054926612211341
2024-02-17,ALGO-USD,-0.01985003974777977,0.0003940240779884367
2024-02-18,ALGO-USD,0.030427944610712965,0.0009258598132326161
2024-02-19,ALGO-USD,0.037967835299286046,0.0014415565173137115
2024-02-20,ALGO-USD,-0.0352977185413077,0.0012459289342213772
2024-02-21,ALGO-USD,-0.03866039537755073,0.0014946261707485457
2024-02-22,ALGO-USD,-0.0005346493479613246,2.8584992527546954e-07
2024-02-23,ALGO-USD,-0.017599830790588356,0.00030975404385734194
2024-02-24,ALGO-USD,0.06260881538804663,0.003919863764294505
2024-02-25,ALGO-USD,0.05245103149816854,0.0027511107052218685
2024-02-26,ALGO-USD,0.01992422271315797,0.0003969746507235199
2024-02-27,ALGO-USD,-0.014817840768747481,0.00021956840504795493
2024-02-28,ALGO-USD,0.01256033038578197,0.00015776189939999786
2024-02-29,ALGO-USD,0.0030324511101098572,9.195759735206506e-06
2024-03-01,ALGO-USD,0.07821736807539703,0.006117956668642139
2024-03-02,ALGO-USD,0.08535378719300546,0.0072852689881888625
2024-03-03,ALGO-USD,0.012469103031678586,0.00015547853041461608
2024-03-04,ALGO-USD,7.176673055986349e-05,5.1504636152520445e-09
2024-03-05,ALGO-USD,-0.07675441618865231,0.005891240404460852
2024-03-06,ALGO-USD,0.119268939308391,0.014225079883748656
2024-03-07,ALGO-USD,0.08290282866059662,0.00687287899992824
2024-03-08,ALGO-USD,-0.031849442512391746,0.0010143869883501467
2024-03-09,ALGO-USD,-0.007940896306874556,6.305783415653397e-05
2024-03-10,ALGO-USD,-0.025096703502727302,0.0006298445267038049
2024-03-11,ALGO-USD,0.11002476648050452,0.012105449239089551
2024-03-12,ALGO-USD,0.08641978461425914,0.007468379172774941
2024-03-13,ALGO-USD,0.006044936431369052,3.6541256459292816e-05
2024-03-14,ALGO-USD,-0.0223062964517855,0.0004975708613949385
2024-03-15,ALGO-USD,-0.04234589931050481,0.0017931751884154117
2024-03-16,ALGO-USD,-0.10519682036943945,0.01106637101584011
2024-03-17,ALGO-USD,0.03095947153744172,0.0009584888778776639
2024-03-18,ALGO-USD,-0.0860918066042784,0.0074117991643884735
2024-03-19,ALGO-USD,-0.08559682904195232,0.007326817142037211
2024-03-20,ALGO-USD,0.08838290913469726,0.007811538627112153
2024-03-21,ALGO-USD,-0.007847925738788675,6.158993840154177e-05
2024-03-22,ALGO-USD,-0.032589552292495494,0.0010620789186252984
2024-03-23,ALGO-USD,0.03325899051676684,0.0011061604501943867
2024-03-24,ALGO-USD,0.03083208883585775,0.0009506177019822243
2024-03-25,ALGO-USD,0.04723874428616104,0.002231498961733312
2024-03-26,ALGO-USD,0.04444429875461875,0.0019752956917898057
2024-03-27,ALGO-USD,-0.033785384679137165,0.0011414522179172763
2024-03-28,ALGO-USD,0.007304435646817264,5.335478011849475e-05
2024-03-29,ALGO-USD,-0.015236532172492212,0.00023215191264339024
2024-03-30,ALGO-USD,-0.030706226673921644,0.0009428723565502571
2024-03-31,ALGO-USD,0.029534803370242946,0.0008723046101189141
2024-04-01,ALGO-USD,-0.06058484504566275,0.003670523449206966
2024-04-02,ALGO-USD,-0.06987963148799059,0.004883162896897366
2024-04-03,ALGO-USD,-0.006599675028877372,4.355571048678754e-05
2024-04-04,ALGO-USD,0.01979728366830602,0.0003919324406433763
2024-04-05,ALGO-USD,-0.031172927450762944,0.0009717514058505299
2024-04-06,ALGO-USD,0.01791378159649981,0.00032090357108709535
2024-04-07,ALGO-USD,0.006622900936498866,4.386281681467755e-05
2024-04-08,ALGO-USD,0.04274255345422118,0.0018269258757869548
2024-04-09,ALGO-USD,-0.055789095183126025,0.0031124231413518955
2024-04-10,ALGO-USD,-0.005509058176561776,3.0349721992742163e-05
2024-04-11,ALGO-USD,-0.010953361305074516,0.0001199761238795037
2024-04-12,ALGO-USD,-0.14882148755804236,0.02214783515898856
2024-04-13,ALGO-USD,-0.13250582633886032,0.01755779401374421
2024-04-14,ALGO-USD,0.06649760296394658,0.004421931199950677
2024-04-15,ALGO-USD,-0.051345836796566235,0.0026363949563396154
2024-04-16,ALGO-USD,0.02338424003319539,0.000546822681930098
2024-04-17,ALGO-USD,-0.0334975435151853,0.0011220854215517329
2024-04-18,ALGO-USD,0.03672415401958151,0.001348663488453945
2024-04-19,ALGO-USD,0.002748190517206872,7.5525511188657755e-06
2024-04-20,ALGO-USD,0.09394251644569662,0.00882519639614998
2024-04-21,ALGO-USD,-0.021885011893039152,0.0004789537455584651
2024-04-22,ALGO-USD,0.042913744398715536,0.0018415894583182892
2024-04-23,ALGO-USD,-0.008432181495587443,7.110168477452729e-05
2024-04-24,ALGO-USD,0.09295484861934011,0.008640603881844436
2024-04-25,ALGO-USD,-0.053657322746588965,0.0028791082843316134
2024-04-26,ALGO-USD,-0.01314097715225182,0.00017268528051600436
2024-04-27,ALGO-USD,0.002800672257766257,7.843765095421543e-06
2024-04-28,ALGO-USD,-0.027187660195639562,0.0007391688669135638
2024-04-29,ALGO-USD,-0.011970798297751162,0.0001433000118854421
2024-04-30,ALGO-USD,-0.06651145389154389,0.004423773498766969
2024-05-01,ALGO-USD,0.015103022036100366,0.00022810127462293326
2024-05-02,ALGO-USD,0.00326567576328185,1.0664638190886495e-05
2024-05-03,ALGO-USD,0.059159475706936915,0.003499843565919659
2024-05-04,ALGO-USD,0.004245199651988774,1.8021720085245604e-05
2024-05-05,ALGO-USD,0.01963235031556998,0.0003854291789132607
2024-05-06,ALGO-USD,-0.013312722153170475,0.00017722857112751594
2024-05-07,ALGO-USD,-0.01640524473077376,0.0002691320546765802
2024-05-08,ALGO-USD,-0.01895902914849279,0.00035944478625339924
2024-05-09,ALGO-USD,0.033692597690372805,0.0011351911391253148
2024-05-10,ALGO-USD,-0.052313304170644614,0.0027366817932503833
2024-05-11,ALGO-USD,-0.025214323865946797,0.0006357621280168543
2024-05-12,ALGO-USD,-0.009746847432123062,9.500103486508393e-05
2024-05-13,ALGO-USD,0.0033901293309293035,1.1492976880427166e-05
2024-05-14,ALGO-USD,-0.035341202559989626,0.0012490005983862172
2024-05-15,ALGO-USD,0.05012639809022401,0.0025126557854996136
2024-05-16,ALGO-USD,-0.03210226364388025,0.0010305553310611954
2024-05-17,ALGO-USD,0.05122359333322346,0.002623856513967455
2024-05-18,ALGO-USD,-0.0007430309606271113,5.520950084504478e-07
2024-05-19,ALGO-USD,-0.04357519688423306,0.0018987977834996745
2024-05-20,ALGO-USD,0.07785305457955216,0.0060610981073667275
2024-05-21,ALGO-USD,-0.001856253669455965,3.445677685368735e-06
2024-05-22,ALGO-USD,-0.015430300424664867,0.00023809417119541277
2024-05-23,ALGO-USD,-0.02134406791887211,0.00045556923532542567
2024-05-24,ALGO-USD,0.03935098905014245,0.0015485003392244308
2024-05-25,ALGO-USD,0.026878508704242465,0.000722454230164038
2024-05-26,ALGO-USD,-0.021411141748427065,0.0004584369909712364
2024-05-27,ALGO-USD,0.037645179124307315,0.0014171595113011833
2024-05-28,ALGO-USD,-0.012059227054861621,0.0001454249571607065
2024-05-29,ALGO-USD,-0.02546866017025362,0.0006486526508678632
2024-05-30,ALGO-USD,0.00289612446176557,8.387536898036913e-06
2024-05-31,ALGO-USD,-0.007967786484555206,6.348562146346061e-05
2024-06-01,ALGO-USD,-0.0006905553104802342,4.768666368324527e-07
2024-06-02,ALGO-USD,-0.029252442079887753,0.0008557053676371877
2024-06-03,ALGO-USD,0.006138493533444089,3.76811028601349e-05
2024-06-04,ALGO-USD,0.013475591775721218,0.00018159157370588533
2024-06-05,ALGO-USD,0.012845414825077173,0.00016500468202831242
2024-06-06,ALGO-USD,-0.015089590890624671,0.00022769575324642306
2024-06-07,ALGO-USD,-0.0594473380442011,0.0035339860005415198
2024-06-08,ALGO-USD,-0.04858693641442002,0.0023606903901388946
2024-06-09,ALGO-USD,0.024670835455242957,0.0006086501220596729
2024-06-10,ALGO-USD,-0.022438788055240577,0.0005034992093880072
2024-06-11,ALGO-USD,-0.04393787704725638,0.001930537039419819
2024-06-12,ALGO-USD,0.04225084745255048,0.001785134110458691
2024-06-13,ALGO-USD,-0.06067446891518391,0.0036813911781396185
2024-06-14,ALGO-USD,-0.029804137763285832,0.0008882866278129205
2024-06-15,ALGO-USD,0.007016867504075153,4.9236429569745864e-05
2024-06-16,ALGO-USD,0.021587097475011863,0.00046600277739566355
2024-06-17,ALGO-USD,-0.06645277751274736,0.004415971639158702
2024-06-18,ALGO-USD,-0.07732571479232964,0.005979266168144706
2024-06-19,ALGO-USD,0.03399559731319157,0.001155700636680678
2024-06-20,ALGO-USD,-0.003017059600022076,9.102648630085371e-06
2024-06-21,ALGO-USD,0.0073629265804562305,5.421268782918888e-05
2024-06-22,ALGO-USD,-0.03727849648016812,0.001389686299821907
2024-06-23,ALGO-USD,-0.012436971387279283,0.00015467825728800356
2024-06-24,ALGO-USD,0.022299644110876704,0.0004972741274717581
2024-06-25,ALGO-USD,0.04336022995820943,0.0018801095420288025
2024-06-26,ALGO-USD,-0.002976578322576806,8.860018510434152e-06
2024-06-27,ALGO-USD,0.014088436529904103,0.00019848404385713634
2024-06-28,ALGO-USD,-0.02116849587521985,0.0004481052176191998
2024-06-29,ALGO-USD,-0.004919533513448537,2.420180998994331e-05
2024-06-30,ALGO-USD,0.0377163707302508,0.0014225246210617195
2024-07-01,ALGO-USD,0.01717768600720615,0.00029507289656216594
2024-07-02,ALGO-USD,0.021087221103577747,0.0004446708938711747
2024-07-03,ALGO-USD,-0.048214241474855535,0.0023246130809956795
2024-07-04,ALGO-USD,-0.07883656201594091,0.006215203510493298
2024-07-05,ALGO-USD,-0.005749730625001059,3.305940226007507e-05
2024-07-06,ALGO-USD,0.0631688002302826,0.00399029732253335
2024-07-07,ALGO-USD,-0.08848585242159124,0.007829746078775623
2024-07-08,ALGO-USD,0.05334338050739085,0.002845516243956286
2024-07-09,ALGO-USD,0.04734785399636854,0.0022418192780614323
2024-07-10,ALGO-USD,-0.0016119375833509864,2.598342772619418e-06
2024-07-11,ALGO-USD,-0.015378176537381938,0.00023648831361488434
2024-07-12,ALGO-USD,0.006814345757864437,4.6435308107725055e-05
2024-07-13,ALGO-USD,0.0381480777160943,0.0014552758334331704
2024-07-14,ALGO-USD,0.05977712054203432,0.003573304140296902
2024-07-15,ALGO-USD,0.04012790827749835,0.0016102490227273205
2024-07-16,ALGO-USD,0.003592951187404436,1.2909298235070948e-05
2024-07-17,ALGO-USD,-0.024102432709220967,0.0005809272625025248
2024-07-18,ALGO-USD,-0.019059438338498214,0.0003632621897790155
2024-07-19,ALGO-USD,0.040195982148156784,0.0016157169808549388
2024-07-20,ALGO-USD,0.0015887177272848607,2.524024016989173e-06
2024-07-21,ALGO-USD,0.007002190862600788,4.9030676876289966e-05
2024-07-22,ALGO-USD,-0.05186860906224777,0.0026903526060522917
2024-07-23,ALGO-USD,-0.0494505911790214,0.0024453609679547087
2024-07-24,ALGO-USD,-0.02584099901249659,0.0006677572299638498
2024-07-25,ALGO-USD,-0.019449861296860105,0.00037829710446709664
2024-07-26,ALGO-USD,0.040137878398960325,0.001611049282369726
2024-07-27,ALGO-USD,0.0030627780201835098,9.38060920091922e-06
2024-07-28,ALGO-USD,-0.027634198163570933,0.0007636489081435071
2024-07-29,ALGO-USD,-0.0016814065008745605,2.827127821183233e-06
2024-07-30,ALGO-USD,-0.009637902153075473,9.288915791225684e-05
2024-07-31,ALGO-USD,-0.013699901544818038,0.00018768730233770768
2024-08-01,ALGO-USD,-0.007199403808636595,5.1831415199811116e-05
2024-08-02,ALGO-USD,-0.07911374310034669,0.006258984347347654
2024-08-03,ALGO-USD,-0.027750261101497142,0.0007700769912012653
2024-08-04,ALGO-USD,-0.04970650537947885,0.00247073667704016
2024-08-05,ALGO-USD,-0.038226666710863944,0.0014612780478234736
2024-08-06,ALGO-USD,0.021206345258879766,0.00044970907923881236
2024-08-07,ALGO-USD,-0.025899746851794636,0.0006707968869870462
2024-08-08,ALGO-USD,0.11530743325017889,0.013295804162744462
2024-08-09,ALGO-USD,-0.017568965899513733,0.0003086685627782764
2024-08-10,ALGO-USD,0.007539365892461847,5.6842038060417017e-05
2024-08-11,ALGO-USD,-0.04743338491561888,0.0022499260045532607
2024-08-12,ALGO-USD,0.038090004786300424,0.0014508484646203893
2024-08-13,ALGO-USD,0.011751972731465665,0.00013810886308111256
2024-08-14,ALGO-USD,-0.012878533739138165,0.00016585663127012003
2024-08-15,ALGO-USD,-0.03295086786566048,0.0010857596931002167
2024-08-16,ALGO-USD,0.0007351224211757934,5.404049741153606e-07
2024-08-17,ALGO-USD,0.023134034151611083,0.0005351835361279079
2024-08-18,ALGO-USD,0.0032771629269023883,1.0739796849463428e-05
2024-08-19,ALGO-USD,0.043314630880061156,0.0018761572482759474
2024-08-20,ALGO-USD,0.0331647548276941,0.001099900962781059
2024-08-21,ALGO-USD,0.0526253494650748,0.0027694274063212484
2024-08-22,ALGO-USD,0.006967142925218273,4.854108054041903e-05
2024-08-23,ALGO-USD,0.062211807002757746,0.0038703089305483778
2024-08-24,ALGO-USD,0.016183642018218647,0.0002619102689738521
2024-08-25,ALGO-USD,-0.03200896531372832,0.0010245738604554627
2024-08-26,ALGO-USD,-0.05141715559224658,0.0026437238891972937
2024-08-27,ALGO-USD,-0.04685152999181397,0.0021950658625738435
2024-08-28,ALGO-USD,-0.010194338771995604,0.00010392454299821283
2024-08-29,ALGO-USD,-0.001906957836269818,3.6364881893108662e-06
2024-08-30,ALGO-USD,0.01420339103490309,0.00020173631689036548
2024-08-31,ALGO-USD,-0.040160915566886835,0.0016128991391706133
2024-09-01,ALGO-USD,-0.03892165237207135,0.001514895023372367
2024-09-02,ALGO-USD,0.05956119790495973,0.003547536295873779
2024-09-03,ALGO-USD,-0.04909290290652102,0.0024101131157891
2024-09-04,ALGO-USD,0.025436837210544683,0.0006470326872757506
2024-09-05,ALGO-USD,-0.03841347444388987,0.0014755950188513804
2024-09-06,ALGO-USD,-0.013148950537570703,0.00017289490023948088
2024-09-07,ALGO-USD,0.039240792395970114,0.001539839787863626
2024-09-08,ALGO-USD,0.036740417371733836,0.0013498582686492014
2024-09-09,ALGO-USD,0.021873369115961383,0.00047844427648309327
2024-09-10,ALGO-USD,0.011961306117732162,0.00014307284404209685
2024-09-11,ALGO-USD,-0.01825522550203651,0.0003332532581302041
2024-09-12,ALGO-USD,0.02322953722675658,0.0005396113997692698
2024-09-13,ALGO-USD,0.02490150464687213,0.0006200849336781942
2024-09-14,ALGO-USD,-0.015082185044542507,0.00022747230571782166
2024-09-15,ALGO-USD,-0.0364848015753505,0.0013311407459926984
2024-09-16,ALGO-USD,-0.022273861316727928,0.0004961248979568288
2024-09-17,ALGO-USD,0.0027011020778464623,7.295952434946476e-06
2024-09-18,ALGO-USD,0.028526947391647406,0.0008137867274858187
2024-09-19,ALGO-USD,0.03117038935702543,0.0009715931726685642
2024-09-20,ALGO-USD,0.010228088608305708,0.00010461379657935299
2024-09-21,ALGO-USD,0.025751768605027703,0.0006631535862868904
2024-09-22,ALGO-USD,-0.029926658804880102,0.0008956049072237078
2024-09-23,ALGO-USD,0.01474413162819399,0.00021738941746951037
2024-09-24,ALGO-USD,0.033242084733889676,0.001105036197455101
2024-09-25,ALGO-USD,-0.010014708064276623,0.00010029437761268723
2024-09-26,ALGO-USD,0.04687770997710272,0.002197519692697356
2024-09-27,ALGO-USD,0.004260690654936949,1.815348485706705e-05
2024-09-28,ALGO-USD,-0.0204157020214063,0.0004168008890268533
2024-09-29,ALGO-USD,-0.00025477298630249834,6.4909274549493e-08
2024-09-30,ALGO-USD,-0.0493943591374999,0.0024398027146043198
2024-10-01,ALGO-USD,-0.07024943046970167,0.0049349824813174495
2024-10-02,ALGO-USD,-0.028928606144862923,0.0008368642534846008
2024-10-03,ALGO-USD,0.006160999077211571,3.795790962940183e-05
2024-10-04,ALGO-USD,0.03206716503321938,0.0010283030732677278
2024-10-05,ALGO-USD,-0.0005242970247976153,2.748873702116312e-07
2024-10-06,ALGO-USD,0.007732050014570335,5.978459742781712e-05
2024-10-07,ALGO-USD,-0.016654395227604812,0.00027736888039726595
2024-10-08,ALGO-USD,-0.028123296260967434,0.0007909197925821448
2024-10-09,ALGO-USD,-0.020974607569488768,0.0004399341626940555
2024-10-10,ALGO-USD,-0.002503139363632778,6.265706673767909e-06
2024-10-11,ALGO-USD,0.024874319647821386,0.000618731777941993
2024-10-12,ALGO-USD,0.004468296872892186,1.9965676944298085e-05
2024-10-13,ALGO-USD,-0.009356443641503565,8.754303761663248e-05
2024-10-14,ALGO-USD,0.0494195940868436,0.0024422962797083867
2024-10-15,ALGO-USD,-0.007728920401613548,5.9736210574478134e-05
2024-10-16,ALGO-USD,-0.020996626796504603,0.00044085833683169516
2024-10-17,ALGO-USD,-0.027111350540044654,0.0007350253281051796
2024-10-18,ALGO-USD,0.02914490660728064,0.0008494255811471107
2024-10-19,ALGO-USD,0.0010876429130133314,1.182967106228125e-06
2024-10-20,ALGO-USD,0.05680461512541313,0.003226764299546314
2024-10-21,ALGO-USD,-0.035522204321555506,0.0012618269998623368
2024-10-22,ALGO-USD,-0.01243326179346893,0.00015458599882493425
2024-10-23,ALGO-USD,-0.02678249390770937,0.0007173019799164896
2024-10-24,ALGO-USD,0.00994839296969352,9.897052267944746e-05
2024-10-25,ALGO-USD,-0.0651751339822314,0.004247798089601814
2024-10-26,ALGO-USD,0.0034977990573121787,1.2234598245333966e-05
2024-10-27,ALGO-USD,0.011837057419410657,0.0001401159283504249
2024-10-28,ALGO-USD,0.021696327321738318,0.0004707306192520086
2024-10-29,ALGO-USD,0.04600341039760769,0.0021163137682107193
2024-10-30,ALGO-USD,-0.024510660458280653,0.0006007724761011228
2024-10-31,ALGO-USD,-0.05325922880080891,0.0028365454524569133
2024-11-01,ALGO-USD,0.0025105741831297212,6.302982728997467e-06
2024-11-02,ALGO-USD,-0.007844351812501982,6.153385535830313e-05
2024-11-03,ALGO-USD,-0.0370605216664488,0.0013734822661893209
2024-11-04,ALGO-USD,-0.0020640637538686946,4.260359180034527e-06
2024-11-05,ALGO-USD,0.044387094169868524,0.0019702141288447765
2024-11-06,ALGO-USD,0.06808862923965808,0.0046360614317356216
2024-11-07,ALGO-USD,0.005447739635198401,2.9677867132911605e-05
2024-11-08,ALGO-USD,0.07208483654593922,0.005196223659854775
2024-11-09,ALGO-USD,0.018860770706147445,0.0003557286716298696
2024-11-10,ALGO-USD,0.08699249175723023,0.007567693622131769
2024-11-11,ALGO-USD,0.09424976975996135,0.008883019099805725
2024-11-12,ALGO-USD,-0.028281426354731742,0.0007998390766581152
2024-11-13,ALGO-USD,-0.05746585098318413,0.0033023240292215247
2024-11-14,ALGO-USD,-0.0028389734040011882,8.059769988626094e-06
2024-11-15,ALGO-USD,0.27461092641175133,0.0754111609047203
2024-11-16,ALGO-USD,0.0625806179819548,0.003916333747003365
2024-11-17,ALGO-USD,-0.0672475585411415,0.0045222341297442535
2024-11-18,ALGO-USD,0.1752749738844368,0.030721316470190004
2024-11-19,ALGO-USD,0.03758253863191041,0.0014124472100190385
2024-11-20,ALGO-USD,-0.055684518343444345,0.00310076558314139
2024-11-21,ALGO-USD,0.013378204891140832,0.0001789763661093445
2024-11-22,ALGO-USD,0.2092103756758399,0.04376898129042606
2024-11-23,ALGO-USD,0.13325172692181475,0.01775602272764589
2024-11-24,ALGO-USD,-0.032880893275325396,0.0010811531425833389
2024-11-25,ALGO-USD,-0.08524520791331192,0.007266745472183776
2024-11-26,ALGO-USD,0.1446244010694342,0.02091621738469256
2024-11-27,ALGO-USD,-0.014640322788615379,0.0002143390513548508
2024-11-28,ALGO-USD,0.10562239073363444,0.011156089424288546
2024-11-29,ALGO-USD,0.3603986260375831,0.12988716964977767
2024-11-30,ALGO-USD,0.00399894327741368,1.5991547335972067e-05
2024-12-01,ALGO-USD,0.10155524511609948,0.010313467810591047
2024-12-02,ALGO-USD,0.029349276902006505,0.0008613800546706526
2024-12-03,ALGO-USD,0.01152445640975519,0.0001328130955403475
2024-12-04,ALGO-USD,-0.05702906529365048,0.00325231428826745
2024-12-05,ALGO-USD,-0.05439097103281887,0.002958377729892941
2024-12-06,ALGO-USD,0.10558430869207025,0.011148046241982382
2024-12-07,ALGO-USD,0.020702161860302937,0.0004285795056901816
2024-12-08,ALGO-USD,-0.02442062769480069,0.0005963670570080664
2024-12-09,ALGO-USD,-0.1597490223675746,0.02551975014739585
2024-12-10,ALGO-USD,0.015400630763057643,0.00023717942790003744
2024-12-11,ALGO-USD,0.06877014175971907,0.004729332397651857
2024-12-12,ALGO-USD,-0.057699602242217374,0.003329244098910096
2024-12-13,ALGO-USD,0.02252822030191437,0.0005075207099715867
2024-12-14,ALGO-USD,-0.03823317516706837,0.0014617756833557333
2024-12-15,ALGO-USD,0.022853082775619704,0.000522263392349326
2024-12-16,ALGO-USD,-0.039612377260155984,0.001569140432200923
2024-12-17,ALGO-USD,-0.0016123479297130983,2.599665846450114e-06
2024-12-18,ALGO-USD,-0.11056874502205039,0.012225447375751193
2024-12-19,ALGO-USD,-0.09216505406980613,0.008494397191690288
2024-12-20,ALGO-USD,0.04220456496221936,0.001781225303650194
2024-12-21,ALGO-USD,-0.05478612930282445,0.0030015199639858
2024-12-22,ALGO-USD,0.05801641392035428,0.003365904284177878
2024-12-23,ALGO-USD,0.07894115450088024,0.006231705873931844
2024-12-24,ALGO-USD,0.057929159496744376,0.0033557875199992492
2024-12-25,ALGO-USD,-0.039649470869663195,0.0015720805402442703
2024-12-26,ALGO-USD,-0.09075613399293214,0.008236675857343053
2024-12-27,ALGO-USD,-0.0401338330653247,0.00161072455651535
2024-12-28,ALGO-USD,0.03562312187838579,0.0012690068123623283
2024-12-29,ALGO-USD,-0.05540052698368292,0.0030692183900697793
2024-12-30,ALGO-USD,0.01007980382929019,0.00010160244523697318
2024-12-31,ALGO-USD,0.015576010918771699,0.00024261211614169518
2025-01-01,ALGO-USD,0.12756623383025723,0.016273144013635863
2025-01-02,ALGO-USD,0.04245090461973633,0.0018020793030339513
2025-01-03,ALGO-USD,0.06625997009001505,0.00439038363632969
2025-01-04,ALGO-USD,-0.02023754324540772,0.0004095581566097476
2025-01-05,ALGO-USD,-0.011269737532079382,0.0001270069840419587
2025-01-06,ALGO-USD,0.02425019559219499,0.0005880719862597133
2025-01-07,ALGO-USD,-0.09960813784033695,0.009921781124019566
2025-01-08,ALGO-USD,-0.0386788651347274,0.001496054608110431
2025-01-09,ALGO-USD,-0.04794412855947261,0.002298639463327237
2025-01-10,ALGO-USD,0.09159337252850719,0.008389345891145896
2025-01-11,ALGO-USD,0.01075299464278312,0.00011562689378772248
2025-01-12,ALGO-USD,-0.04442837135307498,0.0019738801810867336
2025-01-13,ALGO-USD,-0.031738386350914416,0.0010073251681599106
2025-01-14,ALGO-USD,0.06681222166874345,0.004463872964313312
2025-01-15,ALGO-USD,0.19614842952083267,0.03847420640348906
2025-01-16,ALGO-USD,0.0410553294316931,0.0016855400747448456
2025-01-17,ALGO-USD,0.012435258199589239,0.0001546356464904514
2025-01-18,ALGO-USD,-0.050963947686871514,0.002597323963830176
2025-01-19,ALGO-USD,-0.11060840014069206,0.012234218181683448
2025-01-20,ALGO-USD,0.0822104848058629,0.0067585638120150155
2025-01-21,ALGO-USD,-0.011520324730404097,0.00013271788189396023
2025-01-22,ALGO-USD,-0.0447008109187822,0.001998162496796718
2025-01-23,ALGO-USD,0.012382649970245518,0.00015333002028562132
2025-01-24,ALGO-USD,-0.024203920175341342,0.0005858297518542957
2025-01-25,ALGO-USD,0.00652349447219569,4.2555980128767726e-05
2025-01-26,ALGO-USD,-0.050670208490148916,0.0025674700284351593
2025-01-27,ALGO-USD,0.011969744676369576,0.0001432747876174778
2025-01-28,ALGO-USD,-0.06035834304473575,0.0036431295751060007
2025-01-29,ALGO-USD,0.015688190320627182,0.0002461193155362204
2025-01-30,ALGO-USD,0.05099605420394582,0.00260059754437178
2025-01-31,ALGO-USD,-0.023535412058061533,0.0005539156207427482
2025-02-01,ALGO-USD,-0.07915369556235852,0.006265307521178535
2025-02-02,ALGO-USD,-0.1391290340406769,0.01935688811309183
2025-02-03,ALGO-USD,0.04133405336780971,0.0017085039678129412
2025-02-04,ALGO-USD,-0.06614814612263853,0.004375577235461938
2025-02-05,ALGO-USD,-0.035404740751502684,0.001253495667681115
2025-02-06,ALGO-USD,-0.05299813368604145,0.0028088021742035214
2025-02-07,ALGO-USD,0.010452346796679057,0.00010925155355804695
2025-02-08,ALGO-USD,0.023859343117814014,0.0005692682540135789
2025-02-09,ALGO-USD,-0.0014236462163044195,2.0267685491978897e-06
2025-02-10,ALGO-USD,0.0520349531138915,0.002707636345564887
2025-02-11,ALGO-USD,-0.013558384261027512,0.00018382978376967854
2025-02-12,ALGO-USD,0.058527034591146165,0.00342541377803322
2025-02-13,ALGO-USD,-0.0314250258763592,0.0009875322513298456
2025-02-14,ALGO-USD,0.011271740174150002,0.00012705212655354713
2025-02-15,ALGO-USD,-0.04148939868651369,0.0017213702033684838
2025-02-16,ALGO-USD,-0.03122409134626747,0.000974943880400055
2025-02-17,ALGO-USD,-0.019903887417652588,0.000396164734334589
2025-02-18,ALGO-USD,-0.04775121589689768,0.0022801786196321337
2025-02-19,ALGO-USD,0.01690326021425559,0.0002857202058708359
2025-02-20,ALGO-USD,0.03651547361678742,0.001333379813458298
2025-02-21,ALGO-USD,-0.02776619462779162,0.0007709615641084041
2025-02-22,ALGO-USD,0.010933220769555385,0.00011953531639583725
2025-02-23,ALGO-USD,-0.024641546876395415,0.0006072058324615926
2025-02-24,ALGO-USD,-0.12506158713636029,0.015640400577065436
2025-02-25,ALGO-USD,0.019049235211702653,0.0003628733621507722
2025-02-26,ALGO-USD,0.016106601772513995,0.000259422620658351
2025-02-27,ALGO-USD,0.00937902055159845,8.796602650730608e-05
2025-02-28,ALGO-USD,0.0012588748923278992,1.5847659945335797e-06
2025-03-01,ALGO-USD,0.06477216107374506,0.004195432850163175
2025-03-02,ALGO-USD,0.1476570959146586,0.021802617973950687
2025-03-03,ALGO-USD,-0.18139655129802412,0.032904708822816695
2025-03-04,ALGO-USD,0.00480045950718222,2.304441148009616e-05
2025-03-05,ALGO-USD,0.045980103317823984,0.002114169901117768
2025-03-06,ALGO-USD,-0.03800755961471736,0.0014445745878662937
2025-03-07,ALGO-USD,-0.031019562272902257,0.0009622132436024611
2025-03-08,ALGO-USD,-0.03693818068686938,0.0013644291924558103
2025-03-09,ALGO-USD,-0.10401589007545464,0.010819305388189064
2025-03-10,ALGO-USD,-0.08394453637569166,0.00704668518732982
2025-03-11,ALGO-USD,0.03532052414956732,0.0012475394262001685
2025-03-12,ALGO-USD,0.02438471986826185,0.0005946145630536042
2025-03-13,ALGO-USD,0.0009212889045318029,8.487732456134095e-07
2025-03-14,ALGO-USD,0.015723690952820224,0.00024723445717980057
2025-03-15,ALGO-USD,0.00644881795550889,4.158725302329386e-05
2025-03-16,ALGO-USD,-0.06760667540666965,0.00457066255954279
2025-03-17,ALGO-USD,0.02636731271805548,0.0006952351799717302
2025-03-18,ALGO-USD,-0.025256112731660507,0.000637871230314344
2025-03-19,ALGO-USD,0.07093217274185748,0.005031373129880709
2025-03-20,ALGO-USD,-0.02225661160866388,0.0004953567602989117
2025-03-21,ALGO-USD,-0.04140909762091649,0.0017147133657785917
2025-03-22,ALGO-USD,0.0034671061163105144,1.2020824821757778e-05
2025-03-23,ALGO-USD,0.020203999484027513,0.000408201595150584
2025-03-24,ALGO-USD,0.06140519085375096,0.0037705974637855804
2025-03-25,ALGO-USD,0.04067430176908937,0.0016543988244029468
2025-03-26,ALGO-USD,-0.022766635039006777,0.0005183196709993311
2025-03-27,ALGO-USD,0.023896534293308402,0.0005710443512312645
2025-03-28,ALGO-USD,-0.057962295299267,0.003359627676359429
2025-03-29,ALGO-USD,-0.07796325425287354,0.006078269013698204
2025-03-30,ALGO-USD,-0.02484755352991097,0.0006174009164217911
2025-03-31,ALGO-USD,0.003935549326398835,1.5488548500518325e-05
2025-04-01,ALGO-USD,0.04962326572539277,0.0024624685012529413
2025-04-02,ALGO-USD,-0.061824833749899444,0.0038223100682027054
2025-04-03,ALGO-USD,0.018804936094070523,0.00035362562150207636
2025-04-04,ALGO-USD,0.029632182588497757,0.0008780662449580696
2025-04-05,ALGO-USD,-0.015475545399095458,0.0002394925053994646
2025-04-06,ALGO-USD,-0.11512523575315492,0.0132538199072195
2025-04-07,ALGO-USD,0.028740481341208435,0.0008260152677243502
2025-04-08,ALGO-USD,-0.07190110210086786,0.005169768483319425
2025-04-09,ALGO-USD,0.16550235047584883,0.0273910280130307
2025-04-10,ALGO-USD,-0.021746485687900607,0.00047290963977406595
2025-04-11,ALGO-USD,0.021175596180727174,0.0004484058736092273
2025-04-12,ALGO-USD,0.060333639133917094,0.0036401480111417322
2025-04-13,ALGO-USD,-0.043473699433282165,0.001889962542415358
2025-04-14,ALGO-USD,0.03292289699182138,0.0010839171463340814
2025-04-15,ALGO-USD,-0.04840370646104308,0.002342918799166824
2025-04-16,ALGO-USD,0.010016158895278071,0.00010032343901545803
2025-04-17,ALGO-USD,0.02908892545452013,0.0008461655840986292
2025-04-18,ALGO-USD,0.014591382619409288,0.00021290844674599945
2025-04-19,ALGO-USD,0.020041160907522393,0.00040164813052120376
2025-04-20,ALGO-USD,-0.0009575164268246228,9.168377076389932e-07
2025-04-21,ALGO-USD,0.0004818032612237122,2.3213438252580466e-07
2025-04-22,ALGO-USD,0.0847634054625348,0.007184834905606075
2025-04-23,ALGO-USD,0.02082746782190492,0.0004337834158724849
2025-04-24,ALGO-USD,0.05581590976270445,0.0031154157826383663
2025-04-25,ALGO-USD,0.008928935596114629,7.97258908795629e-05
2025-04-26,ALGO-USD,0.003735789233718201,1.3956121198764822e-05
2025-04-27,ALGO-USD,-0.030601507066921885,0.0009364522347668701
2025-04-28,ALGO-USD,0.03985078401652631,0.0015880849867318286
2025-04-29,ALGO-USD,-0.016734284410361067,0.0002800362747268534
2025-04-30,ALGO-USD,-0.030031597604220694,0.0009018968546618342
2025-05-01,ALGO-USD,-0.011350118170377677,0.0001288251824815375
2025-05-02,ALGO-USD,-0.008521747095971866,7.262017356770492e-05
2025-05-03,ALGO-USD,-0.03707154535437118,0.0013742994749611995
2025-05-04,ALGO-USD,-0.03778553580427524,0.001427746716016166
2025-05-05,ALGO-USD,-0.0011369536970325944,1.2926637091960844e-06
2025-05-06,ALGO-USD,-0.00015549752108112713,2.4179479062375577e-08
2025-05-07,ALGO-USD,-0.000687105501933849,4.721139707877666e-07
2025-05-08,ALGO-USD,0.12936890381275234,0.01673631327371317
2025-05-09,ALGO-USD,0.03347124290986536,0.0011203241019312122
2025-05-10,ALGO-USD,0.08821332608867705,0.007781590899627271
2025-05-11,ALGO-USD,-0.05358067486349516,0.002870888718827582
2025-05-12,ALGO-USD,0.012516885558081503,0.0001566724240741093
2025-05-13,ALGO-USD,0.022514139771213637,0.0005068864896377437
2025-05-14,ALGO-USD,-0.04352875351393348,0.0018947523824767766
2025-05-15,ALGO-USD,-0.05011805077376963,0.0025118190133621506
2025-05-16,ALGO-USD,-0.009920394371193964,9.841422448001687e-05
2025-05-17,ALGO-USD,-0.03245343813006585,0.0010532256464620118
2025-05-18,ALGO-USD,0.054703229248887375,0.0029924432902563272
2025-05-19,ALGO-USD,-0.023446457778733665,0.0005497363823699404
2025-05-20,ALGO-USD,0.009132297346170049,8.339885481886451e-05
2025-05-21,ALGO-USD,0.029319983637273506,0.0008596614404899861
2025-05-22,ALGO-USD,0.04424953409467913,0.001958021267596171
2025-05-23,ALGO-USD,-0.07231079247738303,0.005228850708707155
2025-05-24,ALGO-USD,-0.012509069358416225,0.0001564768162136677
2025-05-25,ALGO-USD,0.003250637407332224,1.0566643553947564e-05
2025-05-26,ALGO-USD,-0.01186837066709745,0.00014085822229161917
2025-05-27,ALGO-USD,0.014189336006963593,0.00020133725631851353
2025-05-28,ALGO-USD,-0.021542381622549955,0.00046407420597157804
2025-05-29,ALGO-USD,-0.03554237957054862,0.001263260745536952
2025-05-30,ALGO-USD,-0.08189264312078304,0.006706404997307933
2025-05-31,ALGO-USD,0.007619375993691335,5.8054890533239825e-05
2025-06-01,ALGO-USD,0.007964051702080033,6.342611951340387e-05
2025-06-02,ALGO-USD,0.018519562067606854,0.00034297417917594265
2025-06-03,ALGO-USD,-0.008184580517133,6.698735824143309e-05
2025-06-04,ALGO-USD,-0.029249469244486903,0.0008555314510841853
2025-06-05,ALGO-USD,-0.05314382682799956,0.002824266329924406
2025-06-06,ALGO-USD,0.03220223341262707,0.0010369838367613152
2025-06-07,ALGO-USD,0.020321400125182798,0.00041295930304777943
2025-06-08,ALGO-USD,-0.002830968085036134,8.014380298493156e-06
2025-06-09,ALGO-USD,0.04655866899490402,0.0021677096585770365
2025-06-10,ALGO-USD,0.042526894860684505,0.0018085367864917141
2025-06-11,ALGO-USD,-0.05154205671110568,0.0026565836100108336
2025-06-12,ALGO-USD,-0.0811239437750031,0.006581094253609863
2025-06-13,ALGO-USD,-0.0025442871509877563,6.473397106681394e-06
2025-06-14,ALGO-USD,-0.019321200446571374,0.00037330878669658985
2025-06-15,ALGO-USD,-0.004282228043209213,1.8337477014047407e-05
2025-06-16,ALGO-USD,-0.0015922558511477503,2.5352786955142464e-06
2025-06-17,ALGO-USD,-0.0371108278625889,0.0013772135446467049
2025-06-18,ALGO-USD,0.005988376315916311,3.5860650901027405e-05
2025-06-19,ALGO-USD,-0.008782551954876539,7.713321884010571e-05
2025-06-20,ALGO-USD,-0.01189864462678325,0.0001415777439544779
2025-06-21,ALGO-USD,-0.03242863702241683,0.0010516164991316633
2025-06-22,ALGO-USD,-0.01235265449915679,0.0001525880731755385
2025-06-23,ALGO-USD,0.12325657732418827,0.0151921838536736
2025-06-24,ALGO-USD,0.018580238301660223,0.0003452252553464816
2025-06-25,ALGO-USD,-0.03896109296056027,0.0015179667646814192
2025-06-26,ALGO-USD,-0.021064514577392335,0.0004437137743811742
2025-06-27,ALGO-USD,0.01624880106792026,0.00026402353614484657
2025-06-28,ALGO-USD,0.009860118643076232,9.722193965553948e-05
2025-06-29,ALGO-USD,0.053726442924072026,0.0028865306692735693
2025-06-30,ALGO-USD,-0.002635103654782922,6.943771271450313e-06
2025-07-01,ALGO-USD,-0.07711677612536061,0.005946997159968988
2025-07-02,ALGO-USD,0.05861284092357488,0.0034354651211322947
2025-07-03,ALGO-USD,0.005800538645530651,3.3646248578294555e-05
2025-07-04,ALGO-USD,-0.04801904248098454,0.0023058284407905983
2025-07-05,ALGO-USD,0.006634400243930916,4.401526659667059e-05
2025-07-06,ALGO-USD,0.013902858490504766,0.00019328947420700046
2025-07-07,ALGO-USD,-0.005184454345563583,2.6878566861233117e-05
2025-07-08,ALGO-USD,0.018086871869297028,0.00032713493401636813
2025-07-09,ALGO-USD,0.07303053127805592,0.005333458498755104
2025-07-10,ALGO-USD,0.1005856453016738,0.010117472040754132
2025-07-11,ALGO-USD,0.031106418041220163,0.0009676092433551473
2025-07-12,ALGO-USD,0.0021476582241510833,4.612435847763785e-06
2025-07-13,ALGO-USD,0.20708628723537137,0.04288473036093073
2025-07-14,ALGO-USD,0.05779698418536228,0.003340491380923017
2025-07-15,ALGO-USD,0.015549288420134477,0.00024178037037252814
2025-07-16,ALGO-USD,0.0016667641597500893,2.778102764227421e-06
2025-07-17,ALGO-USD,0.126496946816673,0.0160014775539402
2025-07-18,ALGO-USD,-0.08195585229222468,0.00671676172494495
2025-07-19,ALGO-USD,-0.0067864899164241654,4.6056445385726876e-05
2025-07-20,ALGO-USD,-2.735553343746755e-05,7.483252096484051e-10
2025-07-21,ALGO-USD,0.021807549986714747,0.00047556923642306235
2025-07-22,ALGO-USD,-0.0058727545864287745,3.448924643242021e-05
2025-07-23,ALGO-USD,-0.09819669505299,0.00964259091932991
2025-07-24,ALGO-USD,-0.021614942489671107,0.0004672057388317894
2025-07-25,ALGO-USD,0.019719208475497574,0.00038884718290013536
2025-07-26,ALGO-USD,0.0296027358352855,0.0008763219689336962
2025-07-27,ALGO-USD,0.04204811840525191,0.0017680442614220846
2025-07-28,ALGO-USD,-0.07818433873117059,0.006112790822830422
2025-07-29,ALGO-USD,-0.012887401833207246,0.00016608512601055348
2025-07-30,ALGO-USD,-0.026253285822168793,0.000689235016460489
2025-07-31,ALGO-USD,-0.036895504943673774,0.001361278285048656
2025-08-01,ALGO-USD,-0.03150187524813364,0.0009923681441489746
2025-08-02,ALGO-USD,-0.038380124177287644,0.0014730339318640197
2025-08-03,ALGO-USD,0.06974590561235416,0.0048644913496874165
2025-08-04,ALGO-USD,0.020090777730473297,0.0004036393498152818
2025-08-05,ALGO-USD,-0.04372395740182944,0.0019117844508769954
2025-08-06,ALGO-USD,0.02265942577912483,0.0005134495766396669
2025-08-07,ALGO-USD,0.08694493083490773,0.007559420997886889
2025-08-08,ALGO-USD,0.007801541292227432,6.0864046534329665e-05
2025-08-09,ALGO-USD,0.015583924029896945,0.00024285868816959944
2025-08-10,ALGO-USD,-0.014008385172007642,0.0001962348551273236
2025-08-11,ALGO-USD,-0.048013810625556985,0.0023053260107868487
2025-08-12,ALGO-USD,0.06984760912730259,0.0048786885008004445
2025-08-13,ALGO-USD,0.034899860932305016,0.00121800029309423
2025-08-14,ALGO-USD,-0.0955796690808266,0.00913547314160032
2025-08-15,ALGO-USD,-0.00013005656521569708,1.691471015570487e-08
2025-08-16,ALGO-USD,0.02720754538895398,0.000740250526091991
2025-08-17,ALGO-USD,0.016915155537305493,0.00028612248685123666
2025-08-18,ALGO-USD,-0.037551566183575025,0.0014101201228394155
2025-08-19,ALGO-USD,-0.0688179188537551,0.004735905955362022
2025-08-20,ALGO-USD,0.07998818490806969,0.006398109724887548
2025-08-21,ALGO-USD,-0.03294894254991865,0.0010856328151578395
2025-08-22,ALGO-USD,0.07313073457558406,0.005348104339564525
2025-08-23,ALGO-USD,-0.009772284359578665,9.54975416044658e-05
2025-08-24,ALGO-USD,0.028408145906437587,0.0008070227538414466
2025-08-25,ALGO-USD,-0.09205353398506477,0.008473853119139474
2025-08-26,ALGO-USD,0.034707782419153066,0.0012046301604552708
2025-08-27,ALGO-USD,-0.03035326497229429,0.0009213206944783075
2025-08-28,ALGO-USD,0.022566004356650016,0.0005092245526243475
2025-08-29,ALGO-USD,-0.06383725432818,0.004075195040160735
2025-08-30,ALGO-USD,-0.012382483046860737,0.00015332588640579357
2025-08-31,ALGO-USD,-0.008569658807638159,7.343905207933027e-05
2025-09-01,ALGO-USD,-0.01925191489443845,0.000370636227102701
2025-09-02,ALGO-USD,0.027003721518308543,0.0007292009758383598
2025-09-03,ALGO-USD,-0.0019504087107484747,3.804094138963527e-06
2025-09-04,ALGO-USD,-0.023295636434524147,0.0005426866768895289
2025-09-05,ALGO-USD,0.010078722718325439,0.00010158065163288933
2025-09-06,ALGO-USD,-0.011184125979332271,0.00012508467392157504
2025-09-07,ALGO-USD,0.01593792910250702,0.0002540175840765402
2025-09-08,ALGO-USD,0.02433779201905284,0.0005923281203626721
2025-09-09,ALGO-USD,-0.013449362101091156,0.0001808853409262671
2025-09-10,ALGO-USD,0.02674226401872737,0.0007151486848473204
2025-09-11,ALGO-USD,0.01953429087464542,0.0003815885199752554
2025-09-12,ALGO-USD,0.017558258728431753,0.00030829244957454984
2025-09-13,ALGO-USD,0.018463034187278016,0.0003408836314005968
2025-09-14,ALGO-USD,-0.05298967449574421,0.0028079056031649246
2025-09-15,ALGO-USD,-0.028104639843136936,0.0007898707807124401
2025-09-16,ALGO-USD,0.020190192110145944,0.0004076438574445995
2025-09-17,ALGO-USD,0.027898846974042435,0.0007783456624810368
2025-09-18,ALGO-USD,0.00860897781456349,7.411449901164636e-05
2025-09-19,ALGO-USD,-0.04920700116030885,0.0024213289631906366
2025-09-20,ALGO-USD,0.006299461746231305,3.9683218292231567e-05
2025-09-21,ALGO-USD,-0.018291919400935663,0.0003345943153703265
2025-09-22,ALGO-USD,-0.07462620512727014,0.0055690704916974
2025-09-23,ALGO-USD,-0.01397792744849391,0.00019538245575535947
2025-09-24,ALGO-USD,0.009096980852066006,8.275506062285555e-05
2025-09-25,ALGO-USD,-0.04946029040258748,0.0024463203267082873
2025-09-26,ALGO-USD,0.030694721141563797,0.0009421659059583635
2025-09-27,ALGO-USD,-0.012982840372415039,0.00016855414413560987
2025-09-28,ALGO-USD,0.01016259883188475,0.00010327841501782529
2025-09-29,ALGO-USD,-0.0013458411324432928,1.8112883537762448e-06
2025-09-30,ALGO-USD,0.0006546059565486484,4.2850895834897095e-07
2025-10-01,ALGO-USD,0.06220809460182619,0.003869847033989757
2025-10-02,ALGO-USD,0.01931330312821644,0.00037300367772237497
2025-10-03,ALGO-USD,-0.0007418904430315232,5.504014294615098e-07
2025-10-04,ALGO-USD,-0.022998255624106734,0.000528919761751757
2025-10-05,ALGO-USD,-0.004541403667013388,2.0624347266762653e-05
2025-10-06,ALGO-USD,0.04824031168064047,0.0023271276710453374
2025-10-07,ALGO-USD,-0.04462043601907584,0.0019909833105324405
2025-10-08,ALGO-USD,0.023397842909331334,0.0005474590528097466
2025-10-09,ALGO-USD,-0.016186002986798842,0.000261986692688661
2025-10-10,ALGO-USD,-0.20232847150838706,0.04093681038292019
2025-10-11,ALGO-USD,0.03406125001799665,0.0011601687527884766
2025-10-12,ALGO-USD,0.11713686338919382,0.013721044764658656
2025-10-13,ALGO-USD,0.04949495156845907,0.0024497502307641084
2025-10-14,ALGO-USD,-0.03690351921905666,0.001361869730751284
2025-10-15,ALGO-USD,-0.04370594372401848,0.0019102095168070704
2025-10-16,ALGO-USD,-0.05872890736602587,0.003449084560407248
2025-10-17,ALGO-USD,-0.041546844329268584,0.0017261402737204772
2025-10-18,ALGO-USD,0.014849876942524931,0.0002205188452081336
2025-10-19,ALGO-USD,0.02053114913645171,0.00042152808486322176
2025-10-20,ALGO-USD,0.01809698036497709,0.0003275006983303663
2025-10-21,ALGO-USD,-0.030141029534658914,0.0009084816614091809
2025-10-22,ALGO-USD,-0.01522712812927074,0.0002318654310652282
2025-10-23,ALGO-USD,0.01676799044161892,0.0002811655034502234
2025-10-24,ALGO-USD,0.0233017834789635,0.0005429731133004964
2025-10-25,ALGO-USD,-0.0023692041333976954,5.613128225708725e-06
2025-10-26,ALGO-USD,0.029647501566103074,0.0008789743491120842
2025-10-27,ALGO-USD,-0.02649785297364793,0.0007021362122130623
2025-10-28,ALGO-USD,-0.00627306655001314,3.9351363940893755e-05
2025-10-29,ALGO-USD,-0.004416169604683606,1.9502553977331358e-05
2025-10-30,ALGO-USD,-0.0545241307818084,0.0029728808375117464
2025-10-31,ALGO-USD,0.020947849240402938,0.00043881238779865
2025-11-01,ALGO-USD,0.009100280957406115,8.281511350372836e-05
2025-11-02,ALGO-USD,-0.0015644679439353881,2.4475599476014207e-06
2025-11-03,ALGO-USD,-0.1048911983413835,0.011002163489491451
2025-11-04,ALGO-USD,-0.0349114824572444,0.0012188116073624836
2025-11-05,ALGO-USD,0.048321161457056894,0.0023349346445589608
2025-11-06,ALGO-USD,-0.02795668863874634,0.0007815764396438087
2025-11-07,ALGO-USD,0.14806931354317743,0.021924521613147785
2025-11-08,ALGO-USD,-0.015488249438511348,0.00023988587066954708
2025-11-09,ALGO-USD,-0.000264344081789436,6.987779357710004e-08
2025-11-10,ALGO-USD,0.061340689530287706,0.003762680192051148
2025-11-11,ALGO-USD,-0.057588760400611116,0.003316465324478995
2025-11-12,ALGO-USD,-0.03436191892602791,0.0011807414722789153
2025-11-13,ALGO-USD,-0.02060869476154381,0.0004247182997744833
2025-11-14,ALGO-USD,-0.04352406078867688,0.00189434386753644
2025-11-15,ALGO-USD,0.016478200359883566,0.00027153108710046685
2025-11-16,ALGO-USD,-0.027442478586799046,0.0007530896309869241
2025-11-17,ALGO-USD,-0.04177176310544917,0.0017448801929377642
2025-11-18,ALGO-USD,0.029578131714005362,0.0008748658756910498
2025-11-19,ALGO-USD,-0.03115118710615583,0.0009703964581227293
2025-11-20,ALGO-USD,-0.05199324926257598,0.002703297968880358
2025-11-21,ALGO-USD,-0.05075627574921582,0.0025761995279304337
2025-11-22,ALGO-USD,-0.007714880675422586,5.951938383600886e-05
2025-11-23,ALGO-USD,0.05858776425473855,0.0034325261203688204
2025-11-24,ALGO-USD,0.0001879709777785621,3.533308848702868e-08
2025-11-25,ALGO-USD,0.01882768810730351,0.00035448183946589797
2025-11-26,ALGO-USD,-0.0006285167645697642,3.9503332334524443e-07
2025-11-27,ALGO-USD,-0.013220802829554179,0.00017478962745794778
2025-11-28,ALGO-USD,-0.00621409875851231,3.861502338054423e-05
2025-11-29,ALGO-USD,-0.02648954478710186,0.0007016959830278753
2025-11-30,ALGO-USD,-0.019176043757790362,0.0003677206542006907
2025-12-01,ALGO-USD,-0.04758537013351616,0.0022643674507437316
2025-12-02,ALGO-USD,0.06439674780329585,0.004146941127641289
2025-12-03,ALGO-USD,0.03590709895034694,0.001289319755030006
2025-12-04,ALGO-USD,-0.03661601786846613,0.001340732764543831
2025-12-05,ALGO-USD,-0.04113231061711886,0.001691866976703149
2025-12-06,ALGO-USD,0.0060130814238732455,3.61571482101295e-05
2025-12-07,ALGO-USD,-0.006568166098064876,4.3140805891768775e-05
2025-12-08,ALGO-USD,0.005369099351509199,2.88272278463765e-05
2025-12-09,ALGO-USD,0.03515055963477587,0.0012355618426379347
2025-12-10,ALGO-USD,-0.0217432065013764,0.00047276702896149696
