date,symbol,volume,volume_ma_30,close
2022-12-11,DOGE-USD,300470314.0,300470314.0,0.0928749963641166
2022-12-12,DOGE-USD,749817261.0,525143787.5,0.0902580022811889
2022-12-13,DOGE-USD,766352149.0,605546574.6666666,0.0909399986267089
2022-12-14,DOGE-USD,549320298.0,591490005.5,0.0885140001773834
2022-12-15,DOGE-USD,412364377.0,555664879.8,0.0847219973802566
2022-12-16,DOGE-USD,699338853.0,579610542.0,0.0759420022368431
2022-12-17,DOGE-USD,495547979.0,567601604.4285715,0.0792670026421547
2022-12-18,DOGE-USD,256971055.0,528772785.75,0.0786409974098205
2022-12-19,DOGE-USD,581773249.0,534661726.1111111,0.0714289993047714
2022-12-20,DOGE-USD,438099132.0,525005466.7,0.074934996664524
2022-12-21,DOGE-USD,349830700.0,509080487.90909094,0.0736790001392364
2022-12-22,DOGE-USD,593083646.0,516080751.0833333,0.0769670009613037
2022-12-23,DOGE-USD,398842519.0,507062425.53846157,0.0771289989352226
2022-12-24,DOGE-USD,165055617.0,482633367.78571427,0.0776479989290237
2022-12-25,DOGE-USD,423876257.0,478716227.06666666,0.0759520009160041
2022-12-26,DOGE-USD,248935710.0,464354944.75,0.0757829993963241
2022-12-27,DOGE-USD,290428818.0,454123996.11764705,0.0737240016460418
2022-12-28,DOGE-USD,496350491.0,456469912.5,0.0703810006380081
2022-12-29,DOGE-USD,285144119.0,447452765.4736842,0.071042001247406
2022-12-30,DOGE-USD,419889739.0,446074614.15,0.0684039965271949
2022-12-31,DOGE-USD,289371049.0,438612539.61904764,0.0702940002083778
2023-01-01,DOGE-USD,185279750.0,427097412.8181818,0.0702250003814697
2023-01-02,DOGE-USD,405800240.0,426171448.7826087,0.0714540034532547
2023-01-03,DOGE-USD,283398864.0,420222591.0833333,0.0704680010676384
2023-01-04,DOGE-USD,343264145.0,417144253.24,0.0732370018959045
2023-01-05,DOGE-USD,424927580.0,417443611.96153843,0.0715499967336654
2023-01-06,DOGE-USD,306914647.0,413349946.5925926,0.0724700018763542
2023-01-07,DOGE-USD,173703551.0,404791146.75,0.072222001850605
2023-01-08,DOGE-USD,246133445.0,399320191.51724136,0.0736010000109672
2023-01-09,DOGE-USD,853703837.0,414466313.03333336,0.0757839977741241
2023-01-10,DOGE-USD,492952309.0,420882379.53333336,0.0777290016412735
2023-01-11,DOGE-USD,394318759.0,409032429.46666664,0.0781529992818832
2023-01-12,DOGE-USD,706796194.0,407047230.96666664,0.0802860036492347
2023-01-13,DOGE-USD,575039277.0,407904530.26666665,0.0844380035996437
2023-01-14,DOGE-USD,1101070507.0,430861401.26666665,0.0873230025172233
2023-01-15,DOGE-USD,501123418.0,424254220.1,0.0861309990286827
2023-01-16,DOGE-USD,537067710.0,425638211.1333333,0.083636000752449
2023-01-17,DOGE-USD,366437449.0,429287090.93333334,0.0829820036888122
2023-01-18,DOGE-USD,1094371447.0,446373697.53333336,0.0801910012960434
2023-01-19,DOGE-USD,337970684.0,443036082.6,0.0816600024700164
2023-01-20,DOGE-USD,444441989.0,446189792.23333335,0.0864029973745346
2023-01-21,DOGE-USD,716057148.0,450288908.96666664,0.0847650021314621
2023-01-22,DOGE-USD,794717541.0,463484743.03333336,0.0883039981126785
2023-01-23,DOGE-USD,661273714.0,480025346.26666665,0.0886050015687942
2023-01-24,DOGE-USD,559881331.0,484558848.73333335,0.0839499980211258
2023-01-25,DOGE-USD,542521010.0,494345025.4,0.0865940004587173
2023-01-26,DOGE-USD,424196515.0,498803948.6333333,0.0863730013370513
2023-01-27,DOGE-USD,400056534.0,495594150.06666666,0.0871229991316795
2023-01-28,DOGE-USD,642333816.0,507500473.3,0.0877880007028579
2023-01-29,DOGE-USD,458157342.0,508776060.06666666,0.0902329981327056
2023-01-30,DOGE-USD,787132771.0,525368117.46666664,0.0883369967341423
2023-01-31,DOGE-USD,1542889216.0,570621766.3333334,0.0961669981479644
2023-02-01,DOGE-USD,1110308356.0,594105370.2,0.0941710025072097
2023-02-02,DOGE-USD,776556390.0,610543954.4,0.0909790024161338
2023-02-03,DOGE-USD,548668917.0,617390780.1333333,0.0929870009422302
2023-02-04,DOGE-USD,1071858301.0,638955137.5,0.095781996846199
2023-02-05,DOGE-USD,753364305.0,653836792.7666667,0.0920950025320053
2023-02-06,DOGE-USD,488311044.0,664323709.2,0.0895489975810051
2023-02-07,DOGE-USD,512569389.0,673204907.3333334,0.0925759971141815
2023-02-08,DOGE-USD,462925887.0,660178975.6666666,0.0901559963822364
2023-02-09,DOGE-USD,819008026.0,671047499.5666667,0.0814799964427948
2023-02-10,DOGE-USD,516764147.0,675129012.5,0.0810900032520294
2023-02-11,DOGE-USD,244141279.0,659707182.0,0.0823720023036003
2023-02-12,DOGE-USD,448723137.0,655496644.0,0.0821439996361732
2023-02-13,DOGE-USD,752090969.0,643863992.7333333,0.0821560025215148
2023-02-14,DOGE-USD,427664094.0,641415348.6,0.0835340023040771
2023-02-15,DOGE-USD,846713153.0,651736863.3666667,0.0892909988760948
2023-02-16,DOGE-USD,849757697.0,667847538.3,0.0850439965724945
2023-02-17,DOGE-USD,447263733.0,646277281.1666666,0.0877659991383552
2023-02-18,DOGE-USD,397918582.0,648275544.4333333,0.0889270007610321
2023-02-19,DOGE-USD,505191212.0,650300518.5333333,0.0869660004973411
2023-02-20,DOGE-USD,449906814.0,641428840.7333333,0.0882079973816871
2023-02-21,DOGE-USD,483249308.0,631046566.3,0.0854130014777183
2023-02-22,DOGE-USD,765182582.0,634510195.2333333,0.0855339989066124
2023-02-23,DOGE-USD,351385340.0,627560328.8666667,0.0842920020222663
2023-02-24,DOGE-USD,449138535.0,624447579.7,0.0808999985456466
2023-02-25,DOGE-USD,316321963.0,620851761.3,0.0807859972119331
2023-02-26,DOGE-USD,218231642.0,614790931.5666667,0.0822020024061203
2023-02-27,DOGE-USD,267030813.0,602280831.4666667,0.0813539996743202
2023-02-28,DOGE-USD,370709700.0,599365910.0666667,0.0807489976286888
2023-03-01,DOGE-USD,260501052.0,581811519.4333333,0.0819640010595321
2023-03-02,DOGE-USD,225493749.0,537898337.2,0.0805199965834617
2023-03-03,DOGE-USD,564252293.0,519696468.43333334,0.0767770037055015
2023-03-04,DOGE-USD,267382234.0,502723996.56666666,0.0745560005307197
2023-03-05,DOGE-USD,215772335.0,491627443.8333333,0.0747950002551078
2023-03-06,DOGE-USD,274994083.0,465065303.23333335,0.0748049989342689
2023-03-07,DOGE-USD,309277502.0,450262409.8,0.0740479975938797
2023-03-08,DOGE-USD,321627782.0,444706301.06666666,0.0711300000548362
2023-03-09,DOGE-USD,523758954.0,445079286.56666666,0.0659869983792305
2023-03-10,DOGE-USD,475760293.0,445507100.1,0.0658330023288726
2023-03-11,DOGE-USD,449044632.0,433174986.96666664,0.0665939971804618
2023-03-12,DOGE-USD,375272678.0,428458604.6666667,0.0710010007023811
2023-03-13,DOGE-USD,537268873.0,438229524.46666664,0.0730409994721412
2023-03-14,DOGE-USD,652033915.0,445006550.4,0.0747869983315467
2023-03-15,DOGE-USD,528466415.0,437552398.6,0.0698660016059875
2023-03-16,DOGE-USD,326147102.0,434168498.8666667,0.0727180019021034
2023-03-17,DOGE-USD,485591017.0,422131094.3333333,0.0765089988708496
2023-03-18,DOGE-USD,517840653.0,411067192.8666667,0.0730499997735023
2023-03-19,DOGE-USD,338882489.0,407454484.73333335,0.07481300085783
2023-03-20,DOGE-USD,409238948.0,407831830.26666665,0.0714870020747184
2023-03-21,DOGE-USD,631254174.0,412033929.0,0.076894000172615
2023-03-22,DOGE-USD,693511781.0,420154094.56666666,0.0739990025758743
2023-03-23,DOGE-USD,637122733.0,425283208.73333335,0.0774120017886161
2023-03-24,DOGE-USD,396748009.0,413002056.3,0.0746800005435943
2023-03-25,DOGE-USD,286831067.0,410850247.2,0.0740439966320991
2023-03-26,DOGE-USD,228916506.0,403509512.9,0.0744170024991035
2023-03-27,DOGE-USD,435284210.0,407474921.1333333,0.0728949978947639
2023-03-28,DOGE-USD,276514415.0,409417680.23333335,0.0738229975104332
2023-03-29,DOGE-USD,423884022.0,414646120.53333336,0.0756269991397857
2023-03-30,DOGE-USD,372289117.0,414698767.76666665,0.0742449983954429
2023-03-31,DOGE-USD,378314248.0,418625874.3,0.0770350024104118
2023-04-01,DOGE-USD,933070185.0,442211755.5,0.0840509980916976
2023-04-02,DOGE-USD,929778146.0,454395950.6,0.0790890008211135
2023-04-03,DOGE-USD,3497240136.0,562057880.6666666,0.0960789993405342
2023-04-04,DOGE-USD,3096545498.0,658083652.7666667,0.095159001648426
2023-04-05,DOGE-USD,1529520651.0,699901205.0333333,0.0928170010447502
2023-04-06,DOGE-USD,1410995902.0,736625151.7,0.0854120030999183
2023-04-07,DOGE-USD,858234171.0,754512031.3333334,0.08245600014925
2023-04-08,DOGE-USD,507929909.0,753984396.5,0.0814049988985061
2023-04-09,DOGE-USD,454428407.0,753273333.6333333,0.0832900032401084
2023-04-10,DOGE-USD,473882914.0,754101276.3666667,0.0848520025610923
2023-04-11,DOGE-USD,472611203.0,757345893.8666667,0.0842370018362999
2023-04-12,DOGE-USD,540510658.0,757453953.3666667,0.0834330022335052
2023-04-13,DOGE-USD,810485328.0,762735667.1333333,0.0874840021133422
2023-04-14,DOGE-USD,1007326042.0,778697654.7,0.0887850001454353
2023-04-15,DOGE-USD,463978095.0,783292021.1333333,0.0889739990234375
2023-04-16,DOGE-USD,594760862.0,786931015.9666667,0.0904719978570938
2023-04-17,DOGE-USD,1360494890.0,815019490.5333333,0.091448999941349
2023-04-18,DOGE-USD,839983343.0,831722852.3333334,0.0939889997243881
2023-04-19,DOGE-USD,1277738666.0,860672842.9333333,0.0878679975867271
2023-04-20,DOGE-USD,1950918834.0,904661664.9333333,0.0839369967579841
2023-04-21,DOGE-USD,853137910.0,909982535.9,0.0784789994359016
2023-04-22,DOGE-USD,396888464.0,901974726.9333333,0.080375000834465
2023-04-23,DOGE-USD,365182428.0,900922540.9,0.0788199976086616
2023-04-24,DOGE-USD,392854009.0,904456638.9666667,0.0787839964032173
2023-04-25,DOGE-USD,343833135.0,908287193.2666667,0.0798470005393028
2023-04-26,DOGE-USD,722718207.0,917868326.5,0.0786229968070983
2023-04-27,DOGE-USD,435944109.0,923182649.6333333,0.0801900029182434
2023-04-28,DOGE-USD,258987983.0,917686115.0,0.0803639963269233
2023-04-29,DOGE-USD,268639541.0,914231129.1333333,0.0816299989819526
2023-04-30,DOGE-USD,264245527.0,910428838.4333333,0.0797690004110336
2023-05-01,DOGE-USD,325694977.0,890182998.1666666,0.0788199976086616
2023-05-02,DOGE-USD,234651604.0,867012113.4333333,0.07880599796772
2023-05-03,DOGE-USD,306950726.0,760669133.1,0.0797130018472671
2023-05-04,DOGE-USD,255462655.0,665966371.6666666,0.0784490033984184
2023-05-05,DOGE-USD,335482524.0,626165100.7666667,0.0803899988532066
2023-05-06,DOGE-USD,341154511.0,590503721.0666667,0.0769980028271675
2023-05-07,DOGE-USD,205466114.0,568744785.8333334,0.0767100006341934
2023-05-08,DOGE-USD,459549555.0,567132107.3666667,0.0724729970097541
2023-05-09,DOGE-USD,249148363.0,560289439.2333333,0.0731389969587326
2023-05-10,DOGE-USD,344464160.0,555975480.7666667,0.0732259973883628
2023-05-11,DOGE-USD,325440313.0,551069784.4333333,0.0720850005745887
2023-05-12,DOGE-USD,365130285.0,545223772.0,0.0724589973688125
2023-05-13,DOGE-USD,150685494.0,523230444.2,0.0717770010232925
2023-05-14,DOGE-USD,136339325.0,494197553.6333333,0.0719859972596168
2023-05-15,DOGE-USD,225262487.0,486240366.7,0.0720459967851638
2023-05-16,DOGE-USD,191614182.0,472802144.03333336,0.0727289989590644
2023-05-17,DOGE-USD,327166551.0,438357866.06666666,0.0749109983444213
2023-05-18,DOGE-USD,308943184.0,420656527.43333334,0.0735459998250007
2023-05-19,DOGE-USD,168839396.0,383693218.43333334,0.0735270008444786
2023-05-20,DOGE-USD,115557983.0,322514523.4,0.0736699998378753
2023-05-21,DOGE-USD,142232849.0,298817688.03333336,0.0721419975161552
2023-05-22,DOGE-USD,210015266.0,292588581.43333334,0.0729980021715164
2023-05-23,DOGE-USD,160114643.0,285752988.6,0.0728640034794807
2023-05-24,DOGE-USD,240278483.0,280667137.73333335,0.0707350000739097
2023-05-25,DOGE-USD,195452304.0,275721110.03333336,0.0708749964833259
2023-05-26,DOGE-USD,162190615.0,257036856.96666667,0.0709839984774589
2023-05-27,DOGE-USD,152865632.0,247600907.73333332,0.072682999074459
2023-05-28,DOGE-USD,190660985.0,245323341.13333333,0.0736130028963089
2023-05-29,DOGE-USD,157791026.0,241628390.63333333,0.073184996843338
2023-05-30,DOGE-USD,248138018.0,241091473.66666666,0.0723609998822212
2023-05-31,DOGE-USD,189603858.0,236555103.03333333,0.0716599971055984
2023-06-01,DOGE-USD,163467169.0,234182288.53333333,0.071492001414299
2023-06-02,DOGE-USD,172034498.0,229685080.93333334,0.0726120024919509
2023-06-03,DOGE-USD,112049190.0,224904632.1,0.072671003639698
2023-06-04,DOGE-USD,135558595.0,218240501.13333333,0.0724710002541542
2023-06-05,DOGE-USD,506101788.0,223738743.7,0.0665730014443397
2023-06-06,DOGE-USD,428926152.0,231187411.63333333,0.070372998714447
2023-06-07,DOGE-USD,278793457.0,225162208.36666667,0.0672999992966651
2023-06-08,DOGE-USD,167825308.0,222451439.86666667,0.0679659992456436
2023-06-09,DOGE-USD,274101529.0,220106018.83333334,0.0694890022277832
2023-06-10,DOGE-USD,975736541.0,241782559.76666668,0.0618599988520145
2023-06-11,DOGE-USD,235910036.0,237475218.13333333,0.0615869984030723
2023-06-12,DOGE-USD,210832319.0,239480112.3,0.0614590011537075
2023-06-13,DOGE-USD,204620564.0,241756153.6,0.0617230013012886
2023-06-14,DOGE-USD,248200812.0,242520764.43333334,0.0603870004415512
2023-06-15,DOGE-USD,218623835.0,243421086.2,0.0615030005574226
2023-06-16,DOGE-USD,198520116.0,239132871.7,0.0621020011603832
2023-06-17,DOGE-USD,153965122.0,233966936.3,0.0622170008718967
2023-06-18,DOGE-USD,243548821.0,236457250.46666667,0.0621670000255107
2023-06-19,DOGE-USD,149792820.0,237598411.7,0.0623410008847713
2023-06-20,DOGE-USD,190107977.0,239194249.3,0.0630450025200843
2023-06-21,DOGE-USD,370299722.0,244537064.5,0.0657040029764175
2023-06-22,DOGE-USD,406178282.0,252739185.8,0.0656429976224899
2023-06-23,DOGE-USD,319058221.0,255365177.06666666,0.0681739971041679
2023-06-24,DOGE-USD,276939973.0,258081432.7,0.0667420029640197
2023-06-25,DOGE-USD,191028870.0,259042707.86666667,0.0667639970779419
2023-06-26,DOGE-USD,266917426.0,262844434.33333334,0.064749002456665
2023-06-27,DOGE-USD,212409649.0,263569389.8,0.0655450001358985
2023-06-28,DOGE-USD,274764095.0,267468492.1,0.0626019984483718
2023-06-29,DOGE-USD,192396033.0,265610425.93333334,0.0634069964289665
2023-06-30,DOGE-USD,489091093.0,275593333.76666665,0.0664789974689483
2023-07-01,DOGE-USD,635045706.0,291312618.3333333,0.0684780031442642
2023-07-02,DOGE-USD,374040291.0,298046144.76666665,0.0680380016565322
2023-07-03,DOGE-USD,265466622.0,303160059.1666667,0.068352997303009
2023-07-04,DOGE-USD,493149432.0,315079753.73333335,0.0689409971237182
2023-07-05,DOGE-USD,313972996.0,308675460.6666667,0.0670330002903938
2023-07-06,DOGE-USD,281014235.0,303745063.43333334,0.0650260001420974
2023-07-07,DOGE-USD,202607383.0,301205527.6333333,0.0654250010848045
2023-07-08,DOGE-USD,148945060.0,300576186.03333336,0.065760999917984
2023-07-09,DOGE-USD,146485995.0,296322334.9,0.0654349997639656
2023-07-10,DOGE-USD,258321415.0,272408497.3666667,0.0652429983019828
2023-07-11,DOGE-USD,151465120.0,269593666.8333333,0.0652870014309883
2023-07-12,DOGE-USD,164499091.0,268049225.9,0.0650710016489029
2023-07-13,DOGE-USD,625261655.0,282070595.6,0.0705069974064827
2023-07-14,DOGE-USD,632033705.0,294865025.3666667,0.0685290023684501
2023-07-15,DOGE-USD,883881437.0,317040278.76666665,0.0719270035624504
2023-07-16,DOGE-USD,389882289.0,323419017.8666667,0.0695540010929107
2023-07-17,DOGE-USD,464403123.0,333766951.23333335,0.0699049979448318
2023-07-18,DOGE-USD,284882933.0,335144754.96666664,0.068582996726036
2023-07-19,DOGE-USD,418313611.0,344095448.0,0.0701590031385421
2023-07-20,DOGE-USD,574227832.0,356899443.1666667,0.0705159977078437
2023-07-21,DOGE-USD,762216251.0,369963327.46666664,0.073294997215271
2023-07-22,DOGE-USD,353000261.0,368190726.76666665,0.070432998239994
2023-07-23,DOGE-USD,287153173.0,367127225.1666667,0.0718189999461174
2023-07-24,DOGE-USD,1446707666.0,406119481.6,0.0742679983377456
2023-07-25,DOGE-USD,1525713202.0,450608959.3333333,0.0818450003862381
2023-07-26,DOGE-USD,846709085.0,469935347.96666664,0.0779580026865005
2023-07-27,DOGE-USD,515430911.0,480036056.7,0.0775619968771934
2023-07-28,DOGE-USD,370256171.0,483219125.9,0.0773210003972053
2023-07-29,DOGE-USD,466582431.0,492358672.5,0.0801879987120628
2023-07-30,DOGE-USD,436209339.0,490595947.3666667,0.0780609995126724
2023-07-31,DOGE-USD,346973531.0,480993541.53333336,0.0778179988265037
2023-08-01,DOGE-USD,369078156.0,480828137.03333336,0.0780420005321502
2023-08-02,DOGE-USD,364508311.0,484129526.6666667,0.0742129981517791
2023-08-03,DOGE-USD,374949368.0,480189524.53333336,0.0736149996519088
2023-08-04,DOGE-USD,307538917.0,479975055.23333335,0.0734160020947456
2023-08-05,DOGE-USD,443213361.0,485381692.76666665,0.0756860002875328
2023-08-06,DOGE-USD,311182997.0,489000879.9,0.0742660015821456
2023-08-07,DOGE-USD,346276669.0,495578600.2,0.0734219998121261
2023-08-08,DOGE-USD,305594303.0,500882210.46666664,0.0749860033392906
2023-08-09,DOGE-USD,347481441.0,503854211.3333333,0.075314000248909
2023-08-10,DOGE-USD,341419517.0,510186024.56666666,0.0758029967546463
2023-08-11,DOGE-USD,222363416.0,512114835.4,0.0756660029292106
2023-08-12,DOGE-USD,301476614.0,501322000.7,0.0767420008778572
2023-08-13,DOGE-USD,271947904.0,489319140.6666667,0.0747829973697662
2023-08-14,DOGE-USD,347333620.0,471434213.43333334,0.0747309997677803
2023-08-15,DOGE-USD,400240141.0,471779475.1666667,0.0708630010485649
2023-08-16,DOGE-USD,409310897.0,469943067.6333333,0.0671830028295517
2023-08-17,DOGE-USD,684430325.0,483261314.03333336,0.061184998601675
2023-08-18,DOGE-USD,488755203.0,485609367.1,0.0632340013980865
2023-08-19,DOGE-USD,246572116.0,474687509.9,0.0637580007314682
2023-08-20,DOGE-USD,208195392.0,456220147.93333334,0.0638300031423568
2023-08-21,DOGE-USD,277361290.0,453698848.9,0.0625289976596832
2023-08-22,DOGE-USD,271392247.0,453173484.7,0.0625990033149719
2023-08-23,DOGE-USD,293273521.0,414725679.8666667,0.0637779980897903
2023-08-24,DOGE-USD,210634657.0,370889728.3666667,0.0630360022187233
2023-08-25,DOGE-USD,202977283.0,349432001.6333333,0.0630839988589286
2023-08-26,DOGE-USD,127881732.0,336513695.6666667,0.0628679990768432
2023-08-27,DOGE-USD,141407750.0,328885414.96666664,0.0631709992885589
2023-08-28,DOGE-USD,169636026.0,318987201.46666664,0.0634379982948303
2023-08-29,DOGE-USD,445903123.0,319310327.6,0.0663900002837181
2023-08-30,DOGE-USD,260654192.0,316433016.3,0.0658380016684532
2023-08-31,DOGE-USD,336593454.0,315350192.9,0.0637850016355514
2023-09-01,DOGE-USD,238777563.0,311159167.96666664,0.063849002122879
2023-09-02,DOGE-USD,208019339.0,305594833.6666667,0.0634939968585968
2023-09-03,DOGE-USD,163140788.0,300781562.7,0.0631730034947395
2023-09-04,DOGE-USD,181249918.0,292049447.93333334,0.0631849989295005
2023-09-05,DOGE-USD,209934446.0,288674496.23333335,0.0639920011162757
2023-09-06,DOGE-USD,208287267.0,284074849.5,0.0636129975318908
2023-09-07,DOGE-USD,164667102.0,279377276.1333333,0.0635790005326271
2023-09-08,DOGE-USD,162864062.0,273223363.5,0.0636489987373352
2023-09-09,DOGE-USD,108500870.0,265459408.6,0.0634049996733665
2023-09-10,DOGE-USD,240746565.0,266072180.23333332,0.0613269992172718
2023-09-11,DOGE-USD,259096660.0,264659515.1,0.0604620017111301
2023-09-12,DOGE-USD,231017444.0,263295166.43333334,0.0609509982168674
2023-09-13,DOGE-USD,191695350.0,258107224.1,0.0612800009548664
2023-09-14,DOGE-USD,189093769.0,251069011.7,0.0620720013976097
2023-09-15,DOGE-USD,155088363.0,242594927.23333332,0.0625530034303665
2023-09-16,DOGE-USD,144247521.0,224588833.76666668,0.0621480010449886
2023-09-17,DOGE-USD,156292597.0,213506746.9,0.0615170001983642
2023-09-18,DOGE-USD,207651893.0,212209406.13333333,0.0620159991085529
2023-09-19,DOGE-USD,198507548.0,211886478.0,0.0627090036869049
2023-09-20,DOGE-USD,187443142.0,208889206.4,0.0626299977302551
2023-09-21,DOGE-USD,518556615.0,217128018.66666666,0.0613459981977939
2023-09-22,DOGE-USD,144488200.0,212168507.96666667,0.0615309998393058
2023-09-23,DOGE-USD,117222607.0,209054772.96666667,0.0615070015192031
2023-09-24,DOGE-USD,115250326.0,206130541.06666666,0.0607430003583431
2023-09-25,DOGE-USD,117409471.0,205781465.7,0.0609590001404285
2023-09-26,DOGE-USD,141794234.0,205794348.5,0.060598999261856
2023-09-27,DOGE-USD,153818653.0,205267102.73333332,0.060504000633955
2023-09-28,DOGE-USD,137019315.0,194970975.8,0.0614840015769004
2023-09-29,DOGE-USD,141947701.0,191014092.76666668,0.0621780008077621
2023-09-30,DOGE-USD,124411353.0,183941356.06666666,0.0621410012245178
2023-10-01,DOGE-USD,162108911.0,181385734.33333334,0.0631930008530616
2023-10-02,DOGE-USD,275648168.0,183640028.63333333,0.062059998512268
2023-10-03,DOGE-USD,156615776.0,183422528.23333332,0.0613860003650188
2023-10-04,DOGE-USD,141610437.0,182101212.2,0.0614879988133907
2023-10-05,DOGE-USD,114148166.0,178908336.2,0.0609229989349842
2023-10-06,DOGE-USD,109783884.0,175624890.1,0.0614259988069534
2023-10-07,DOGE-USD,97620505.0,173390003.53333333,0.0614550001919269
2023-10-08,DOGE-USD,92483679.0,171043990.76666668,0.0610079988837242
2023-10-09,DOGE-USD,241183528.0,175466746.03333333,0.0587790012359619
2023-10-10,DOGE-USD,123311323.0,171552237.96666667,0.0590250007808208
2023-10-11,DOGE-USD,146066511.0,167784566.33333334,0.0584699995815753
2023-10-12,DOGE-USD,116644185.0,163972124.36666667,0.057897001504898
2023-10-13,DOGE-USD,139290300.0,162225289.36666667,0.058398000895977
2023-10-14,DOGE-USD,112567930.0,159674428.06666666,0.059859000146389
2023-10-15,DOGE-USD,105304368.0,158014961.56666666,0.0593499988317489
2023-10-16,DOGE-USD,255254744.0,161715202.33333334,0.060113999992609
2023-10-17,DOGE-USD,154163593.0,161644235.53333333,0.0591199994087219
2023-10-18,DOGE-USD,113718362.0,158513117.83333334,0.0586730018258094
2023-10-19,DOGE-USD,119806282.0,155889742.3,0.058883000165224
2023-10-20,DOGE-USD,154146216.0,154779844.76666668,0.0599649995565414
2023-10-21,DOGE-USD,149488431.0,142477571.96666667,0.0611880011856555
2023-10-22,DOGE-USD,152154020.0,142733099.3,0.0615959987044334
2023-10-23,DOGE-USD,618990461.0,159458694.43333334,0.0670849978923797
2023-10-24,DOGE-USD,676497484.0,178166933.03333333,0.0665559992194175
2023-10-25,DOGE-USD,536305756.0,192130142.53333333,0.0683609992265701
2023-10-26,DOGE-USD,1010931815.0,221101395.23333332,0.0718669965863227
2023-10-27,DOGE-USD,468362462.0,231586188.86666667,0.0678810030221939
2023-10-28,DOGE-USD,246982558.0,235251630.3,0.0690009966492652
2023-10-29,DOGE-USD,203013207.0,237287147.16666666,0.0693589970469474
2023-10-30,DOGE-USD,292736698.0,242897992.0,0.0696500018239021
2023-10-31,DOGE-USD,474946795.0,253325921.46666667,0.0682770013809204
2023-11-01,DOGE-USD,461539028.0,259522283.46666667,0.0688410028815269
2023-11-02,DOGE-USD,501730943.0,271026122.3666667,0.0679339990019798
2023-11-03,DOGE-USD,282752934.0,275730872.26666665,0.0681440010666847
2023-11-04,DOGE-USD,203958701.0,278724556.76666665,0.0690789967775344
2023-11-05,DOGE-USD,447538899.0,289983057.26666665,0.071223996579647
2023-11-06,DOGE-USD,707371164.0,310308079.23333335,0.0763809978961944
2023-11-07,DOGE-USD,789220960.0,333532655.26666665,0.0735180005431175
2023-11-08,DOGE-USD,531673694.0,343215660.8,0.0754809975624084
2023-11-09,DOGE-USD,964429145.0,371252921.53333336,0.073461003601551
2023-11-10,DOGE-USD,649733691.0,388041827.53333336,0.0754439979791641
2023-11-11,DOGE-USD,1345253621.0,428995475.4,0.0784059986472129
2023-11-12,DOGE-USD,727221576.0,448593184.6,0.0779810026288032
2023-11-13,DOGE-USD,829471613.0,472489974.03333336,0.0747819989919662
2023-11-14,DOGE-USD,708265059.0,492588663.73333335,0.0724570006132125
2023-11-15,DOGE-USD,503454120.0,500861976.26666665,0.0763560011982917
2023-11-16,DOGE-USD,1563730284.0,547847532.6333333,0.0792770013213157
2023-11-17,DOGE-USD,2031597493.0,611776837.0,0.0863040015101432
2023-11-18,DOGE-USD,1340580447.0,652469309.1666666,0.0803830027580261
2023-11-19,DOGE-USD,620299419.0,668007749.2666667,0.0805760025978088
2023-11-20,DOGE-USD,668234221.0,685299275.6,0.0778789967298507
2023-11-21,DOGE-USD,860811107.0,708921178.5,0.0721189975738525
2023-11-22,DOGE-USD,440962821.0,702986923.8333334,0.0757839977741241
2023-11-23,DOGE-USD,279606815.0,689757234.8666667,0.0762000009417533
2023-11-24,DOGE-USD,401116993.0,685250942.7666667,0.0782169997692108
2023-11-25,DOGE-USD,291859035.0,661281850.1,0.0789550021290779
2023-11-26,DOGE-USD,343339848.0,657114429.6333333,0.0787039995193481
2023-11-27,DOGE-USD,743996999.0,673681577.6666666,0.0787879973649978
2023-11-28,DOGE-USD,618900678.0,687544493.3666667,0.0810090005397796
2023-11-29,DOGE-USD,596560786.0,697671962.9666667,0.0805929973721504
2023-11-30,DOGE-USD,645565938.0,703359267.7333333,0.083416998386383
2023-12-01,DOGE-USD,519429439.0,705288948.1,0.0838569998741149
2023-12-02,DOGE-USD,462433973.0,703979049.1,0.08627899736166
2023-12-03,DOGE-USD,550096321.0,712890495.3333334,0.0856150016188621
2023-12-04,DOGE-USD,1364950607.0,751590225.5333333,0.0919400006532669
2023-12-05,DOGE-USD,1094480332.0,773154939.9666667,0.0942469984292984
2023-12-06,DOGE-USD,2606846041.0,836470769.2,0.0948640033602714
2023-12-07,DOGE-USD,1229053762.0,851131862.6,0.0959199965000152
2023-12-08,DOGE-USD,1017561991.0,867328139.1666666,0.1014700010418891
2023-12-09,DOGE-USD,1122491938.0,872596898.9333333,0.0985419973731041
2023-12-10,DOGE-USD,687190079.0,873845445.2,0.1018010005354881
2023-12-11,DOGE-USD,1973481451.0,894786372.8666667,0.0943839997053146
2023-12-12,DOGE-USD,948285886.0,902155183.2,0.0938350036740303
2023-12-13,DOGE-USD,812811810.0,901599856.4333333,0.0964279994368553
2023-12-14,DOGE-USD,742258598.0,902732974.4,0.0982550010085105
2023-12-15,DOGE-USD,614056351.0,906419715.4333333,0.0930040031671524
2023-12-16,DOGE-USD,498585277.0,870914881.8666667,0.0970560014247894
2023-12-17,DOGE-USD,482463968.0,819277097.7,0.0930970013141632
2023-12-18,DOGE-USD,685264950.0,797433247.8,0.0920360013842582
2023-12-19,DOGE-USD,482452805.0,792838360.6666666,0.0902969986200332
2023-12-20,DOGE-USD,596172199.0,790436293.2666667,0.0914169996976852
2023-12-21,DOGE-USD,808685569.0,788698775.3333334,0.0950039997696876
2023-12-22,DOGE-USD,622353150.0,794745119.6333333,0.0951979979872703
2023-12-23,DOGE-USD,357245326.0,797333070.0,0.0935619994997978
2023-12-24,DOGE-USD,566323407.0,802839950.4666667,0.0918949991464614
2023-12-25,DOGE-USD,435910884.0,807641678.7666667,0.0944489985704422
2023-12-26,DOGE-USD,567640365.0,815118362.6666666,0.0913560017943382
2023-12-27,DOGE-USD,423259088.0,804427098.9666667,0.09357900172472
2023-12-28,DOGE-USD,464569016.0,799282710.2333333,0.0918840020895004
2023-12-29,DOGE-USD,407349878.0,792975679.9666667,0.0910380035638809
2023-12-30,DOGE-USD,252403426.0,779870262.9,0.0901480019092559
2023-12-31,DOGE-USD,259196255.0,771195823.4333333,0.0894720032811164
2024-01-01,DOGE-USD,298687049.0,765737592.6333333,0.0920239984989166
2024-01-02,DOGE-USD,496309010.0,763944682.2666667,0.0912040024995803
2024-01-03,DOGE-USD,1026941029.0,752677696.3333334,0.0820420011878013
2024-01-04,DOGE-USD,514230239.0,733336026.5666667,0.0841310024261474
2024-01-05,DOGE-USD,547983037.0,664707259.7666667,0.0827730000019073
2024-01-06,DOGE-USD,414677901.0,637561397.7333333,0.0806640014052391
2024-01-07,DOGE-USD,399266341.0,616951542.7333333,0.0782250016927719
2024-01-08,DOGE-USD,603250657.0,599643500.0333333,0.0813700035214424
2024-01-09,DOGE-USD,957047300.0,608638740.7333333,0.0792630016803741
2024-01-10,DOGE-USD,703451086.0,566304395.2333333,0.0829420015215873
2024-01-11,DOGE-USD,778110109.0,560631869.3333334,0.0846249982714653
2024-01-12,DOGE-USD,607108203.0,553775082.4333333,0.080045998096466
2024-01-13,DOGE-USD,297741301.0,538957839.2,0.0809229984879493
2024-01-14,DOGE-USD,461353847.0,533867755.73333335,0.0799779966473579
2024-01-15,DOGE-USD,272657967.0,526336845.4,0.0811249986290931
2024-01-16,DOGE-USD,328206882.0,521194942.53333336,0.0813099965453147
2024-01-17,DOGE-USD,261149597.0,507057764.1,0.0805049985647201
2024-01-18,DOGE-USD,314880990.0,501472036.93333334,0.0779870003461837
2024-01-19,DOGE-USD,351038255.0,493300905.46666664,0.0785359963774681
2024-01-20,DOGE-USD,684267184.0,489153625.96666664,0.0878880023956298
2024-01-21,DOGE-USD,948730356.0,500032866.1666667,0.0852729976177215
2024-01-22,DOGE-USD,673330908.0,510569052.23333335,0.0803409963846206
2024-01-23,DOGE-USD,555482191.0,510207678.3666667,0.0781539976596832
2024-01-24,DOGE-USD,372585722.0,508096839.6333333,0.0790160000324249
2024-01-25,DOGE-USD,292888748.0,498938452.4,0.0779329985380172
2024-01-26,DOGE-USD,283895680.0,494293005.46666664,0.0799010023474693
2024-01-27,DOGE-USD,212327663.0,485884960.3666667,0.0801419988274574
2024-01-28,DOGE-USD,257196385.0,480879843.93333334,0.0788130015134811
2024-01-29,DOGE-USD,540569157.0,490485368.3,0.0812890008091926
2024-01-30,DOGE-USD,333456483.0,492960709.23333335,0.0797230005264282
2024-01-31,DOGE-USD,307301569.0,493247859.9,0.0787639990448951
2024-02-01,DOGE-USD,257042563.0,485272311.6666667,0.0793270021677017
2024-02-02,DOGE-USD,220161256.0,458379652.56666666,0.0792329981923103
2024-02-03,DOGE-USD,152907809.0,446335571.56666666,0.0786510035395622
2024-02-04,DOGE-USD,183715849.0,434193331.96666664,0.0782380029559135
2024-02-05,DOGE-USD,257544919.0,428955565.9,0.0782200023531913
2024-02-06,DOGE-USD,192061699.0,422048744.5,0.07846599817276
2024-02-07,DOGE-USD,213373948.0,409052854.2,0.0801040008664131
2024-02-08,DOGE-USD,248828595.0,385445564.03333336,0.0798709988594055
2024-02-09,DOGE-USD,333635097.0,373118364.4,0.0815789997577667
2024-02-10,DOGE-USD,212946391.0,354279573.8,0.0814480036497116
2024-02-11,DOGE-USD,304303558.0,344186085.6333333,0.0811930000782013
2024-02-12,DOGE-USD,360525326.0,346278886.46666664,0.082345001399517
2024-02-13,DOGE-USD,419683385.0,344889871.06666666,0.0810889974236488
2024-02-14,DOGE-USD,627015518.0,356701789.43333334,0.0855429992079734
2024-02-15,DOGE-USD,636946996.0,366993126.56666666,0.0853559970855712
2024-02-16,DOGE-USD,441121282.0,372992182.73333335,0.0860129967331886
2024-02-17,DOGE-USD,347758664.0,374088105.2,0.0835930034518241
2024-02-18,DOGE-USD,300251530.0,372395214.3666667,0.0851659998297691
2024-02-19,DOGE-USD,663450017.0,371701308.8,0.089477002620697
2024-02-20,DOGE-USD,801458657.0,366792252.1666667,0.0861430019140243
2024-02-21,DOGE-USD,435393890.0,358861018.23333335,0.0846149995923042
2024-02-22,DOGE-USD,362895383.0,352441457.96666664,0.0840890035033226
2024-02-23,DOGE-USD,400189069.0,353361569.53333336,0.0844340026378631
2024-02-24,DOGE-USD,326082311.0,354468021.6333333,0.0861560031771659
2024-02-25,DOGE-USD,290853292.0,354699942.03333336,0.0860989987850189
2024-02-26,DOGE-USD,523738048.0,365080288.2,0.0893889963626861
2024-02-27,DOGE-USD,1806722811.0,416731169.06666666,0.0976710021495819
2024-02-28,DOGE-USD,3843947641.0,526843785.2,0.1165819987654686
2024-02-29,DOGE-USD,4799960277.0,675727245.0,0.1171849966049194
2024-03-01,DOGE-USD,3758449851.0,790765521.0666667,0.1395570039749145
2024-03-02,DOGE-USD,3588994520.0,901830586.3,0.1421210020780563
2024-03-03,DOGE-USD,4012808483.0,1028252160.5333333,0.1538359969854354
2024-03-04,DOGE-USD,6348241494.0,1234763283.3666666,0.1829099953174591
2024-03-05,DOGE-USD,9368269377.0,1540915067.6333334,0.1539369970560073
2024-03-06,DOGE-USD,4497901224.0,1682260277.8,0.1577910035848617
2024-03-07,DOGE-USD,3006036407.0,1776059434.7333333,0.1581210047006607
2024-03-08,DOGE-USD,3976624455.0,1901501118.3,0.1653469949960708
2024-03-09,DOGE-USD,3451219764.0,2008247490.6,0.1790830045938491
2024-03-10,DOGE-USD,2274489696.0,2072942643.9,0.1699199974536895
2024-03-11,DOGE-USD,2905703482.0,2162701213.6,0.1819649934768676
2024-03-12,DOGE-USD,2524942571.0,2236722514.0333333,0.1681440025568008
2024-03-13,DOGE-USD,1930415342.0,2289052181.233333,0.1691579967737198
2024-03-14,DOGE-USD,6047716785.0,2476653294.5666666,0.1773300021886825
2024-03-15,DOGE-USD,3584306802.0,2575229670.7,0.1632310003042221
2024-03-16,DOGE-USD,2400392026.0,2634011171.7,0.1423680037260055
2024-03-17,DOGE-USD,2329294453.0,2696950277.4,0.1543300002813339
2024-03-18,DOGE-USD,1657669949.0,2740613986.9,0.1436730027198791
2024-03-19,DOGE-USD,2946516944.0,2828822834.0333333,0.1287280023097992
2024-03-20,DOGE-USD,3190645446.0,2913062681.6666665,0.1521860063076019
2024-03-21,DOGE-USD,2581283877.0,2972390189.0,0.1552920043468475
2024-03-22,DOGE-USD,2672448713.0,3046958683.1,0.1527030020952224
2024-03-23,DOGE-USD,2912614106.0,3131949307.2,0.1617680042982101
2024-03-24,DOGE-USD,2848346890.0,3213554567.9,0.1764529943466186
2024-03-25,DOGE-USD,2654389972.0,3291164823.266667,0.175366997718811
2024-03-26,DOGE-USD,2877194654.0,3377376202.0,0.1824859976768493
2024-03-27,DOGE-USD,4055908716.0,3495115224.266667,0.1903299987316131
2024-03-28,DOGE-USD,6553128323.0,3653328741.3333335,0.2200559973716735
2024-03-29,DOGE-USD,3493454859.0,3641645648.6,0.2134909927845001
2024-03-30,DOGE-USD,2403795719.0,3561773496.6666665,0.1994339972734451
2024-03-31,DOGE-USD,2414867092.0,3516987404.7,0.2200639992952346
2024-04-01,DOGE-USD,3408206742.0,3510961145.4333334,0.2055699974298477
2024-04-02,DOGE-USD,3855758084.0,3505726132.133333,0.1823039948940277
2024-04-03,DOGE-USD,3112605374.0,3397871594.8,0.1755470037460327
2024-04-04,DOGE-USD,2153623709.0,3157383405.866667,0.1799259930849075
2024-04-05,DOGE-USD,1914940616.0,3071284718.9333334,0.1775179952383041
2024-04-06,DOGE-USD,1620171667.0,3025089227.6,0.1859509944915771
2024-04-07,DOGE-USD,2643420654.0,2980649100.9,0.1991080045700073
2024-04-08,DOGE-USD,2106344172.0,2935819914.5,0.2026399970054626
2024-04-09,DOGE-USD,2078490138.0,2929286595.9,0.1890009939670562
2024-04-10,DOGE-USD,2662343295.0,2921174589.6666665,0.19998399913311
2024-04-11,DOGE-USD,2179869259.0,2909672145.9333334,0.1940110027790069
2024-04-12,DOGE-USD,3611512055.0,2965708703.0333333,0.1745969951152801
2024-04-13,DOGE-USD,4750917199.0,2922482050.1666665,0.1531679928302765
2024-04-14,DOGE-USD,3723264167.0,2927113962.3333335,0.1622850000858307
2024-04-15,DOGE-USD,3604719833.0,2967258222.5666666,0.1613689959049224
2024-04-16,DOGE-USD,2473810383.0,2972075420.233333,0.1559890061616897
2024-04-17,DOGE-USD,1972027907.0,2982554018.8333335,0.1476050019264221
2024-04-18,DOGE-USD,1947482132.0,2949252858.4333334,0.1524479985237121
2024-04-19,DOGE-USD,2186567402.0,2915783590.3,0.1562680006027221
2024-04-20,DOGE-USD,1649509831.0,2884724455.4333334,0.1628270000219345
2024-04-21,DOGE-USD,1293159346.0,2838748143.2,0.1582600027322769
2024-04-22,DOGE-USD,1251987179.0,2783393912.3,0.1611939966678619
2024-04-23,DOGE-USD,1047860346.0,2723377694.1666665,0.1599439978599548
2024-04-24,DOGE-USD,1524749099.0,2685722998.4,0.1513539999723434
2024-04-25,DOGE-USD,1078441792.0,2625764569.6666665,0.1513939946889877
2024-04-26,DOGE-USD,877813549.0,2519828064.1,0.1478369981050491
2024-04-27,DOGE-USD,847646783.0,2329645346.1,0.1477160006761551
2024-04-28,DOGE-USD,638063324.0,2234465628.266667,0.146698996424675
2024-04-29,DOGE-USD,1030579266.0,2188691746.5,0.1434919983148574
2024-04-30,DOGE-USD,1342359702.0,2152941500.1666665,0.1333270072937011
2024-05-01,DOGE-USD,2135887034.0,2110530843.2333333,0.1301340013742447
2024-05-02,DOGE-USD,1308884973.0,2025635072.8666666,0.1321060061454773
2024-05-03,DOGE-USD,1266276714.0,1964090784.2,0.1461459994316101
2024-05-04,DOGE-USD,2791346636.0,1985348215.1,0.1601569950580597
2024-05-05,DOGE-USD,1506950274.0,1971748537.0333333,0.1610680073499679
2024-05-06,DOGE-USD,1747675308.0,1975998658.4,0.1566080003976822
2024-05-07,DOGE-USD,1139969527.0,1925883620.8333333,0.150189995765686
2024-05-08,DOGE-USD,1159774226.0,1894331289.3,0.1432940065860748
2024-05-09,DOGE-USD,1093467705.0,1861497208.2,0.1521169990301132
2024-05-10,DOGE-USD,1056928481.0,1807983381.0666666,0.1440310031175613
2024-05-11,DOGE-USD,533516788.0,1753104965.3666666,0.1429239958524704
2024-05-12,DOGE-USD,601107964.0,1652758162.3333333,0.1412310004234314
2024-05-13,DOGE-USD,1918835792.0,1558355448.7666667,0.1484339982271194
2024-05-14,DOGE-USD,1899294334.0,1497556454.3333333,0.1454190015792846
2024-05-15,DOGE-USD,1767635344.0,1436320304.7,0.1555259972810745
2024-05-16,DOGE-USD,1374063837.0,1399662086.5,0.1496369987726211
2024-05-17,DOGE-USD,1112782871.0,1371020585.3,0.1555629968643188
2024-05-18,DOGE-USD,771261615.0,1331813234.7333333,0.1530770063400268
2024-05-19,DOGE-USD,786457296.0,1285142897.8666666,0.1491069942712783
2024-05-20,DOGE-USD,1512244150.0,1280567375.1666667,0.1656879931688308
2024-05-21,DOGE-USD,2792364765.0,1330540889.1333334,0.1704739928245544
2024-05-22,DOGE-USD,1978486152.0,1354757521.5666666,0.1661629974842071
2024-05-23,DOGE-USD,2243999960.0,1394628842.0333333,0.1596129983663559
2024-05-24,DOGE-USD,3012763365.0,1444229317.5666666,0.1638029962778091
2024-05-25,DOGE-USD,1489582490.0,1457934007.5,0.1739600002765655
2024-05-26,DOGE-USD,1359410362.0,1473987234.6,0.1662199944257736
2024-05-27,DOGE-USD,1404874711.0,1492561498.8666666,0.1690900027751922
2024-05-28,DOGE-USD,1410223091.0,1518300157.7666667,0.1649619936943054
2024-05-29,DOGE-USD,1525668595.0,1534803135.4,0.1636949926614761
2024-05-30,DOGE-USD,1452218159.0,1538465083.9666667,0.1595440059900283
2024-05-31,DOGE-USD,945969518.0,1498801166.7666667,0.1591359972953796
2024-06-01,DOGE-USD,496035603.0,1471706187.7666667,0.1601999998092651
2024-06-02,DOGE-USD,585756299.0,1449022173.9333334,0.1572010070085525
2024-06-03,DOGE-USD,929987302.0,1386976862.8,0.158281996846199
2024-06-04,DOGE-USD,760727969.0,1362102785.9666667,0.1614499986171722
2024-06-05,DOGE-USD,820053785.0,1331182068.5333333,0.163234993815422
2024-06-06,DOGE-USD,893170339.0,1322955428.9333334,0.1601590067148208
2024-06-07,DOGE-USD,1581768204.0,1337021894.8666666,0.1483030021190643
2024-06-08,DOGE-USD,872877278.0,1329668880.6333334,0.1460590064525604
2024-06-09,DOGE-USD,656320138.0,1316315269.2,0.1467739939689636
2024-06-10,DOGE-USD,752565082.0,1323616879.0,0.1447400003671646
2024-06-11,DOGE-USD,1271975142.0,1345979118.2666667,0.1381040066480636
2024-06-12,DOGE-USD,1274848212.0,1324512865.6,0.1461959928274154
2024-06-13,DOGE-USD,790003626.0,1287536508.6666667,0.1410599946975708
2024-06-14,DOGE-USD,859600884.0,1257268693.3333333,0.1349699944257736
2024-06-15,DOGE-USD,476136328.0,1227337776.3666666,0.1365659981966018
2024-06-16,DOGE-USD,385407083.0,1203091916.7666667,0.1369370073080063
2024-06-17,DOGE-USD,960646592.0,1209404749.3333333,0.1288889944553375
2024-06-18,DOGE-USD,1413960450.0,1230321521.1333334,0.1222959980368614
2024-06-19,DOGE-USD,642487745.0,1201329640.9666667,0.1223409995436668
2024-06-20,DOGE-USD,734399819.0,1132730809.4333334,0.1244190037250518
2024-06-21,DOGE-USD,598393023.0,1086727705.1333334,0.1240290030837059
2024-06-22,DOGE-USD,328642106.0,1022882443.3333334,0.1237889975309372
2024-06-23,DOGE-USD,429188641.0,936763285.8666667,0.1222570016980171
2024-06-24,DOGE-USD,951099440.0,918813850.8666667,0.1190430000424385
2024-06-25,DOGE-USD,783244352.0,899608317.2,0.1261530071496963
2024-06-26,DOGE-USD,526276880.0,870321722.8333334,0.1226790025830268
2024-06-27,DOGE-USD,616932730.0,843878710.8,0.126910999417305
2024-06-28,DOGE-USD,634763078.0,814181860.2333333,0.1227890029549598
2024-06-29,DOGE-USD,285391178.0,775287627.5333333,0.1216989979147911
2024-06-30,DOGE-USD,369166834.0,756060871.4,0.1243050023913383
2024-07-01,DOGE-USD,452573746.0,754612142.8333334,0.1234420016407966
2024-07-02,DOGE-USD,408063753.0,748689057.9666667,0.1250160038471222
2024-07-03,DOGE-USD,657681923.0,739612212.0,0.1184709966182708
2024-07-04,DOGE-USD,1239123198.0,755558719.6333333,0.1048870012164115
2024-07-05,DOGE-USD,1709690679.0,785213282.7666667,0.1055940017104148
2024-07-06,DOGE-USD,842720114.0,783531608.6,0.1136149987578392
2024-07-07,DOGE-USD,641031095.0,752173704.9666667,0.1042319983243942
2024-07-08,DOGE-USD,1023119021.0,757181763.0666667,0.1075809970498085
2024-07-09,DOGE-USD,572733013.0,754395525.5666667,0.1075130030512809
2024-07-10,DOGE-USD,552090147.0,747713027.7333333,0.1080219969153404
2024-07-11,DOGE-USD,546104180.0,723517329.0,0.1066669970750808
2024-07-12,DOGE-USD,468503073.0,696639157.7,0.1076849997043609
2024-07-13,DOGE-USD,497448463.0,686887318.9333333,0.112355999648571
2024-07-14,DOGE-USD,551768272.0,676626231.8666667,0.1154489964246749
2024-07-15,DOGE-USD,865334768.0,689599513.2,0.125228002667427
2024-07-16,DOGE-USD,1023424280.0,710866753.1,0.1249310001730918
2024-07-17,DOGE-USD,731025036.0,703212701.2333333,0.1218840032815933
2024-07-18,DOGE-USD,710080580.0,679750038.9,0.119496002793312
2024-07-19,DOGE-USD,724349409.0,682478761.0333333,0.1254799962043762
2024-07-20,DOGE-USD,1109519614.0,694982754.2,0.1344300061464309
2024-07-21,DOGE-USD,1229665449.0,716025168.4,0.1401689946651458
2024-07-22,DOGE-USD,1468393831.0,754016892.5666667,0.1378809958696365
2024-07-23,DOGE-USD,963364309.0,771822748.1666666,0.1303910017013549
2024-07-24,DOGE-USD,734879689.0,764615423.1333333,0.1280879974365234
2024-07-25,DOGE-USD,970420635.0,770854632.5666667,0.1252209991216659
2024-07-26,DOGE-USD,752603628.0,778398857.5,0.1343179941177368
2024-07-27,DOGE-USD,1193072781.0,797603525.8666667,0.1315920054912567
2024-07-28,DOGE-USD,755293791.0,801621216.3,0.130074992775917
2024-07-29,DOGE-USD,809333955.0,819085975.5333333,0.1286740005016327
2024-07-30,DOGE-USD,638122391.0,828051160.7666667,0.1255950033664703
2024-07-31,DOGE-USD,609802169.0,833292108.2,0.1220140010118484
2024-08-01,DOGE-USD,861079384.0,848392629.2333333,0.1192359998822212
2024-08-02,DOGE-USD,826720039.0,854027233.1,0.1115079969167709
2024-08-03,DOGE-USD,808239471.0,839664442.2,0.1081689968705177
2024-08-04,DOGE-USD,827323034.0,810252187.3666667,0.1037330031394958
2024-08-05,DOGE-USD,3194029250.0,888629158.5666667,0.0945030003786087
2024-08-06,DOGE-USD,1124169389.0,904733768.3666667,0.0963710024952888
2024-08-07,DOGE-USD,1000135339.0,903967645.6333333,0.0955149978399276
2024-08-08,DOGE-USD,858015369.0,913477057.5,0.1074040010571479
2024-08-09,DOGE-USD,602450305.0,915155729.4333333,0.1039739996194839
2024-08-10,DOGE-USD,371267774.0,909327849.2333333,0.1052019968628883
2024-08-11,DOGE-USD,676944256.0,916275888.6666666,0.1005659997463226
2024-08-12,DOGE-USD,778786434.0,925653821.0333333,0.1077670007944107
2024-08-13,DOGE-USD,575505923.0,926445076.0666667,0.1064160019159317
2024-08-14,DOGE-USD,564943505.0,916432033.9666667,0.1025549992918968
2024-08-15,DOGE-USD,617034813.0,902885718.4,0.1002670004963874
2024-08-16,DOGE-USD,539609334.0,896505195.0,0.1004389971494674
2024-08-17,DOGE-USD,305545333.0,883020686.7666667,0.1027550026774406
2024-08-18,DOGE-USD,377630490.0,871463389.4666667,0.1001719981431961
2024-08-19,DOGE-USD,463249309.0,849921045.9666667,0.1015039980411529
2024-08-20,DOGE-USD,695089222.0,832101838.4,0.1030009984970092
2024-08-21,DOGE-USD,509933481.0,800153160.0666667,0.1061569973826408
2024-08-22,DOGE-USD,391690266.0,781097358.6333333,0.1053080037236213
2024-08-23,DOGE-USD,860650259.0,785289710.9666667,0.112926997244358
2024-08-24,DOGE-USD,673199379.0,775382335.7666667,0.1126310005784034
2024-08-25,DOGE-USD,584876309.0,769791425.1333333,0.1096979975700378
2024-08-26,DOGE-USD,560759055.0,748714300.9333333,0.1052919998764991
2024-08-27,DOGE-USD,615156838.0,744043069.1666666,0.0990559980273246
2024-08-28,DOGE-USD,657073357.0,738967715.9,0.0996270030736923
2024-08-29,DOGE-USD,461885564.0,733093155.0,0.1004249975085258
2024-08-30,DOGE-USD,572514236.0,731850223.9,0.1020430028438568
2024-08-31,DOGE-USD,303734469.0,713272060.0666667,0.1013320013880729
2024-09-01,DOGE-USD,424515197.0,699865232.0,0.0953539982438087
2024-09-02,DOGE-USD,463950026.0,688388917.1666666,0.0991149991750717
2024-09-03,DOGE-USD,395659305.0,674000126.2,0.0967189967632293
2024-09-04,DOGE-USD,579587111.0,586852054.9,0.0980250015854835
2024-09-05,DOGE-USD,452927311.0,564477318.9666667,0.0983090028166771
2024-09-06,DOGE-USD,802922234.0,557903548.8,0.0924839973449707
2024-09-07,DOGE-USD,412044016.0,543037837.0333333,0.0952610000967979
2024-09-08,DOGE-USD,381739751.0,535680818.56666666,0.0960799977183342
2024-09-09,DOGE-USD,698093518.0,546575010.0333333,0.1038289964199066
2024-09-10,DOGE-USD,465166360.0,539515746.8333334,0.1027119979262352
2024-09-11,DOGE-USD,532198021.0,531296133.06666666,0.1013780012726783
2024-09-12,DOGE-USD,439730013.0,526770269.4,0.1027989983558654
2024-09-13,DOGE-USD,675630464.0,530459834.7,0.1071140021085739
2024-09-14,DOGE-USD,426157956.0,524097272.8,0.1054669991135597
2024-09-15,DOGE-USD,428890116.0,520406632.2,0.1029329970479011
2024-09-16,DOGE-USD,528755469.0,527846970.06666666,0.0996930003166198
2024-09-17,DOGE-USD,480290242.0,531268961.8,0.1011369973421096
2024-09-18,DOGE-USD,549512848.0,534144413.1,0.1035849973559379
2024-09-19,DOGE-USD,656532122.0,532859176.43333334,0.1050309985876083
2024-09-20,DOGE-USD,595150523.0,535699744.5,0.1054710000753402
2024-09-21,DOGE-USD,502306053.0,539386937.4,0.1100490018725395
2024-09-22,DOGE-USD,480950368.0,526730274.3666667,0.1063390001654625
2024-09-23,DOGE-USD,644419670.0,525770950.73333335,0.1081560030579567
2024-09-24,DOGE-USD,708492630.0,529891494.76666665,0.109774999320507
2024-09-25,DOGE-USD,696620734.0,534420217.4,0.1085039973258972
2024-09-26,DOGE-USD,1347684388.0,558837802.4,0.1181759983301162
2024-09-27,DOGE-USD,1367867354.0,582530935.6333333,0.1237139999866485
2024-09-28,DOGE-USD,1449764972.0,615460249.2333333,0.1286710053682327
2024-09-29,DOGE-USD,856945778.0,624941300.6333333,0.1246739998459816
2024-09-30,DOGE-USD,976744755.0,647374976.8333334,0.1144279986619949
2024-10-01,DOGE-USD,1332235464.0,677632319.0666667,0.1070429980754852
2024-10-02,DOGE-USD,910153432.0,692505765.9333333,0.1047590002417564
2024-10-03,DOGE-USD,825842052.0,706845190.8333334,0.1050990000367164
2024-10-04,DOGE-USD,670077063.0,709861522.5666667,0.109264001250267
2024-10-05,DOGE-USD,391880787.0,707826638.4333333,0.1094869971275329
2024-10-06,DOGE-USD,435305366.0,695572742.8333334,0.1114799976348877
2024-10-07,DOGE-USD,849108258.0,710141550.9,0.108654998242855
2024-10-08,DOGE-USD,615072081.0,717919295.2333333,0.1070439964532852
2024-10-09,DOGE-USD,667785123.0,716909015.4,0.1079389974474906
2024-10-10,DOGE-USD,749185963.0,726376335.5,0.1059800013899803
2024-10-11,DOGE-USD,650490847.0,730319429.7,0.1107330024242401
2024-10-12,DOGE-USD,519024338.0,732962573.8666667,0.1114159971475601
2024-10-13,DOGE-USD,573648913.0,729563188.8333334,0.1113360002636909
2024-10-14,DOGE-USD,1038038455.0,749959205.4666667,0.1166540011763572
2024-10-15,DOGE-USD,1367247373.0,781237780.7,0.11752700060606
2024-10-16,DOGE-USD,2270276586.0,839288484.6,0.1257729977369308
2024-10-17,DOGE-USD,1557107117.0,875182380.4333333,0.1296579986810684
2024-10-18,DOGE-USD,2216997635.0,930765206.6666666,0.1372130066156387
2024-10-19,DOGE-USD,1898579280.0,972166778.6,0.1445270031690597
2024-10-20,DOGE-USD,1456913937.0,1000892225.7333333,0.142083004117012
2024-10-21,DOGE-USD,2075196142.0,1053321895.3666667,0.1436900049448013
2024-10-22,DOGE-USD,1647303198.0,1092200323.0333333,0.1395079940557479
2024-10-23,DOGE-USD,1430747359.0,1118411246.0,0.138496994972229
2024-10-24,DOGE-USD,1349772912.0,1139787255.4,0.14198699593544
2024-10-25,DOGE-USD,1458877964.0,1165195829.7333333,0.1310130059719085
2024-10-26,DOGE-USD,947921669.0,1151870405.7666667,0.1373569965362548
2024-10-27,DOGE-USD,1129296560.0,1143918045.9666667,0.1443119943141937
2024-10-28,DOGE-USD,3078140199.0,1198197220.2,0.1611499935388565
2024-10-29,DOGE-USD,3785378330.0,1295811638.6,0.1758390069007873
2024-10-30,DOGE-USD,2319205433.0,1340560327.8666666,0.1681459993124008
2024-10-31,DOGE-USD,2213630995.0,1369940178.9,0.1613720059394836
2024-11-01,DOGE-USD,2406203136.0,1419808502.3666666,0.1591850072145462
2024-11-02,DOGE-USD,1342216649.0,1437020988.9333334,0.1593160033226013
2024-11-03,DOGE-USD,2214868458.0,1488514035.4333334,0.1514540016651153
2024-11-04,DOGE-USD,2541759238.0,1560176650.4666667,0.1583459973335266
2024-11-05,DOGE-USD,4095671194.0,1682188844.7333333,0.1701799929141998
2024-11-06,DOGE-USD,12194137333.0,2060356480.5666666,0.1966580003499984
2024-11-07,DOGE-USD,4338342915.0,2184465508.366667,0.1931589990854263
2024-11-08,DOGE-USD,4089504352.0,2298522816.0,0.2021320015192031
2024-11-09,DOGE-USD,4290391407.0,2416562997.4666667,0.218760997056961
2024-11-10,DOGE-USD,14901681717.0,2891602693.133333,0.2790949940681457
2024-11-11,DOGE-USD,19590715363.0,3527325727.3,0.3495210111141205
2024-11-12,DOGE-USD,39936467957.0,4839419695.433333,0.3822210133075714
2024-11-13,DOGE-USD,28286313456.0,5747695528.8,0.399522989988327
2024-11-14,DOGE-USD,15564516841.0,6220937844.4,0.3616459965705871
2024-11-15,DOGE-USD,11623194182.0,6532701764.266666,0.3791890144348144
2024-11-16,DOGE-USD,7524229950.0,6731605858.7,0.3637480139732361
2024-11-17,DOGE-USD,7832273719.0,6918781728.166667,0.3665600121021271
2024-11-18,DOGE-USD,8396330143.0,7135373423.6,0.3717409968376159
2024-11-19,DOGE-USD,12889618537.0,7516463576.933333,0.3913559913635254
2024-11-20,DOGE-USD,8029529786.0,7714941365.066667,0.377496987581253
2024-11-21,DOGE-USD,8052510566.0,7928448277.333333,0.3876169919967651
2024-11-22,DOGE-USD,13591947495.0,8333821615.2,0.4129239916801452
2024-11-23,DOGE-USD,20873625275.0,8984616693.966667,0.4300119876861572
2024-11-24,DOGE-USD,12213185937.0,9343093626.4,0.4298819899559021
2024-11-25,DOGE-USD,9773285006.0,9637272404.3,0.393339991569519
2024-11-26,DOGE-USD,8847260920.0,9894537882.966667,0.3876180052757263
2024-11-27,DOGE-USD,6388400976.0,10004879908.866667,0.4015249907970428
2024-11-28,DOGE-USD,5955119388.0,10077204610.8,0.4020180106163025
2024-11-29,DOGE-USD,6768739922.0,10225522427.1,0.4258390069007873
2024-11-30,DOGE-USD,5601447294.0,10338449637.066668,0.4219709932804107
2024-12-01,DOGE-USD,8333397829.0,10536022793.5,0.4400230050086975
2024-12-02,DOGE-USD,13072433718.0,10927030029.133333,0.42467001080513
2024-12-03,DOGE-USD,9362620939.0,11165288445.166666,0.4078820049762726
2024-12-04,DOGE-USD,8065078709.0,11349399094.2,0.4319570064544678
2024-12-05,DOGE-USD,15284058219.0,11722345328.366667,0.4305860102176666
2024-12-06,DOGE-USD,6668459793.0,11538156077.033333,0.435708999633789
2024-12-07,DOGE-USD,8127914572.0,11664475132.266666,0.4538869857788086
2024-12-08,DOGE-USD,8171222257.0,11800532395.766666,0.4672969877719879
2024-12-09,DOGE-USD,11830538830.0,12051870643.2,0.4147189855575561
2024-12-10,DOGE-USD,11257345383.0,11930392765.4,0.3945200145244598
2024-12-11,DOGE-USD,6670843571.0,11499730372.333334,0.4144920110702514
2024-12-12,DOGE-USD,5601004925.0,10355214937.933332,0.4065479934215545
2024-12-13,DOGE-USD,3815608761.0,9539524781.433332,0.4090810120105743
2024-12-14,DOGE-USD,3165759137.0,9126232857.966667,0.3979760110378265
2024-12-15,DOGE-USD,2654366167.0,8827271924.133333,0.4062719941139221
2024-12-16,DOGE-USD,3891164219.0,8706169733.1,0.4019339978694916
2024-12-17,DOGE-USD,3618256203.0,8565702482.566667,0.394336998462677
2024-12-18,DOGE-USD,5749656033.0,8477480012.233334,0.358038991689682
2024-12-19,DOGE-USD,9565836573.0,8366687280.1,0.3150660097599029
2024-12-20,DOGE-USD,11414899319.0,8479532931.2,0.3177129924297333
2024-12-21,DOGE-USD,6875286934.0,8440292143.466666,0.3209510147571563
2024-12-22,DOGE-USD,4115525341.0,8124411405.0,0.3121919929981231
2024-12-23,DOGE-USD,4390431993.0,7574971628.933333,0.3242189884185791
2024-12-24,DOGE-USD,3138423654.0,7272479552.833333,0.3369239866733551
2024-12-25,DOGE-USD,2538802504.0,7031330136.1,0.334318995475769
2024-12-26,DOGE-USD,2514756816.0,6820246665.966666,0.3122560083866119
2024-12-27,DOGE-USD,2157162506.0,6679205383.633333,0.3110359907150268
2024-12-28,DOGE-USD,1410132054.0,6527705805.833333,0.3239189982414245
2024-12-29,DOGE-USD,1654780626.0,6357240495.966666,0.3143199980258941
2024-12-30,DOGE-USD,2526977895.0,6254758182.666667,0.3135139942169189
2024-12-31,DOGE-USD,2204579838.0,6050464249.633333,0.3156810104846954
2025-01-01,DOGE-USD,1532271286.0,5665792168.566667,0.3243060111999511
2025-01-02,DOGE-USD,3205163576.0,5460543589.8,0.3386099934577942
2025-01-03,DOGE-USD,4823481336.0,5352490344.033334,0.3792789876461029
2025-01-04,DOGE-USD,4431717187.0,4990745642.966666,0.3947460055351257
2025-01-05,DOGE-USD,2594267525.0,4854939234.033334,0.3825629949569702
2025-01-06,DOGE-USD,2937148475.0,4681913697.466666,0.3879570066928863
2025-01-07,DOGE-USD,5280516863.0,4585556851.0,0.3484370112419128
2025-01-08,DOGE-USD,4416730765.0,4338429915.5,0.3422479927539825
2025-01-09,DOGE-USD,3614560190.0,4083670409.0666666,0.3209120035171509
2025-01-10,DOGE-USD,3222794655.0,3968735445.2,0.3339810073375702
2025-01-11,DOGE-USD,1461005907.0,3830735477.9333334,0.34095498919487
2025-01-12,DOGE-USD,1436724129.0,3751439323.5333333,0.3359589874744415
2025-01-13,DOGE-USD,3713750868.0,3769705714.5666666,0.3382990062236786
2025-01-14,DOGE-USD,3143614167.0,3786013981.233333,0.3561199903488159
2025-01-15,DOGE-USD,4079184871.0,3792281336.3,0.3857100009918213
2025-01-16,DOGE-USD,4097841421.0,3808267510.233333,0.3767479956150055
2025-01-17,DOGE-USD,6276540245.0,3825830317.3,0.4159390032291412
2025-01-18,DOGE-USD,7331618418.0,3751356378.8,0.3960810005664825
2025-01-19,DOGE-USD,9531626101.0,3688580604.866667,0.3577570021152496
2025-01-20,DOGE-USD,8850825869.0,3754431902.7,0.3546079993247986
2025-01-21,DOGE-USD,9507969594.0,3934180044.4666667,0.3715769946575165
2025-01-22,DOGE-USD,2940097446.0,3885835559.5666666,0.3630560040473938
2025-01-23,DOGE-USD,3093003294.0,3884321547.5666666,0.3523530066013336
2025-01-24,DOGE-USD,2122786422.0,3870454344.8333335,0.350739985704422
2025-01-25,DOGE-USD,1500843148.0,3836657222.5666666,0.3537760078907013
2025-01-26,DOGE-USD,1263299832.0,3806861800.1,0.336326003074646
2025-01-27,DOGE-USD,4453314117.0,3908301202.2,0.3338220119476318
2025-01-28,DOGE-USD,2019292120.0,3920451585.3333335,0.3190740048885345
2025-01-29,DOGE-USD,1981300959.0,3902262354.133333,0.3238640129566192
2025-01-30,DOGE-USD,1365524939.0,3874293857.5,0.331508994102478
2025-01-31,DOGE-USD,1796042122.0,3883086218.7,0.3287279903888702
2025-02-01,DOGE-USD,1577548524.0,3828832383.633333,0.3083570003509521
2025-02-02,DOGE-USD,5607210222.0,3854956679.8333335,0.2675090134143829
2025-02-03,DOGE-USD,11007373557.0,4074145225.5,0.2850039899349212
2025-02-04,DOGE-USD,4306969827.0,4131235302.233333,0.2641440033912658
2025-02-05,DOGE-USD,1818131454.0,4093934734.866667,0.2562330067157745
2025-02-06,DOGE-USD,1892595490.0,3981004022.4333334,0.2480839937925338
2025-02-07,DOGE-USD,2042225149.0,3901853835.233333,0.2466129958629608
2025-02-08,DOGE-USD,989182891.0,3814341258.6,0.2532660067081451
2025-02-09,DOGE-USD,1242077795.0,3748317363.266667,0.2492900043725967
2025-02-10,DOGE-USD,1342589439.0,3744370147.6666665,0.2552599906921386
2025-02-11,DOGE-USD,1721245015.0,3753854177.2,0.2531220018863678
2025-02-12,DOGE-USD,1949247514.0,3695037398.733333,0.2641220092773437
2025-02-13,DOGE-USD,1492303517.0,3639993710.4,0.2624920010566711
2025-02-14,DOGE-USD,2320487584.0,3581370467.5,0.271928995847702
2025-02-15,DOGE-USD,1624562147.0,3498927825.0333333,0.271723985671997
2025-02-16,DOGE-USD,969472255.0,3322025558.7,0.2657400071620941
2025-02-17,DOGE-USD,1369340298.0,3123282954.7,0.2581480145454407
2025-02-18,DOGE-USD,1601424562.0,2858942903.4,0.2509010136127472
2025-02-19,DOGE-USD,1007520306.0,2597499384.633333,0.2547680139541626
2025-02-20,DOGE-USD,1119395680.0,2317880254.1666665,0.2548600137233734
2025-02-21,DOGE-USD,2024664109.0,2287365809.6,0.2393079996109008
2025-02-22,DOGE-USD,932077730.0,2215334957.4666667,0.2467229962348938
2025-02-23,DOGE-USD,707579811.0,2168161403.766667,0.2430229932069778
2025-02-24,DOGE-USD,2239353273.0,2192778407.9333334,0.2103590071201324
2025-02-25,DOGE-USD,3432761745.0,2265093805.0333333,0.2123890072107315
2025-02-26,DOGE-USD,2020402428.0,2183996748.733333,0.2055409997701645
2025-02-27,DOGE-USD,1369944972.0,2162351843.8,0.2068240046501159
2025-02-28,DOGE-USD,2620914147.0,2183672283.4,0.2019630074501037
2025-03-01,DOGE-USD,1197948866.0,2178086414.3,0.2065369933843612
2025-03-02,DOGE-USD,3319886568.0,2228881229.1666665,0.2392670065164566
2025-03-03,DOGE-USD,2824331185.0,2270440651.2,0.1990759968757629
2025-03-04,DOGE-USD,2366639397.0,2162421623.7,0.1991460025310516
2025-03-05,DOGE-USD,1433656840.0,1843297733.1333334,0.2047200053930282
2025-03-06,DOGE-USD,1799078197.0,1759701345.4666667,0.2017270028591156
2025-03-07,DOGE-USD,1829178903.0,1760069593.7666667,0.1979729980230331
2025-03-08,DOGE-USD,949946399.0,1728647957.4,0.1921720057725906
2025-03-09,DOGE-USD,1797791194.0,1720500158.9,0.1678030043840408
2025-03-10,DOGE-USD,2202314258.0,1760937871.1333334,0.1540600061416626
2025-03-11,DOGE-USD,2372945325.0,1798633455.4666667,0.1641660034656524
2025-03-12,DOGE-USD,1618464957.0,1807829306.0666666,0.1723809987306594
2025-03-13,DOGE-USD,1437934838.0,1798385633.5,0.1650650054216385
2025-03-14,DOGE-USD,1042050428.0,1768145730.6333334,0.1717990040779113
2025-03-15,DOGE-USD,731309597.0,1742779266.6333334,0.1760679930448532
2025-03-16,DOGE-USD,935490545.0,1696612698.6666667,0.1682350039482116
2025-03-17,DOGE-USD,1002401452.0,1675874008.8333333,0.1734649986028671
2025-03-18,DOGE-USD,1046683878.0,1678447729.6,0.1680289953947067
2025-03-19,DOGE-USD,1238919491.0,1674100369.3666666,0.1780650019645691
2025-03-20,DOGE-USD,959535286.0,1652704060.1666667,0.1693509966135025
2025-03-21,DOGE-USD,743835419.0,1643914563.9333334,0.1670619994401931
2025-03-22,DOGE-USD,438263314.0,1621210151.7333333,0.1673430055379867
2025-03-23,DOGE-USD,564898047.0,1572551283.0,0.1722529977560043
2025-03-24,DOGE-USD,1472602266.0,1590568767.5333333,0.1828889995813369
2025-03-25,DOGE-USD,1549790934.0,1618642471.6333334,0.1909099966287613
2025-03-26,DOGE-USD,2068603477.0,1612950811.7666667,0.1947979927062988
2025-03-27,DOGE-USD,1282332601.0,1541269840.3,0.1904949992895126
2025-03-28,DOGE-USD,1407200953.0,1520829791.1333334,0.1801899969577789
2025-03-29,DOGE-USD,1120659030.0,1512520259.7333333,0.1695650070905685
2025-03-30,DOGE-USD,831596449.0,1452876336.4666667,0.1663189977407455
2025-03-31,DOGE-USD,1321114553.0,1456981859.3666666,0.166714996099472
2025-04-01,DOGE-USD,1149373221.0,1384631414.4666667,0.1740860044956207
2025-04-02,DOGE-USD,1734215164.0,1348294213.7666667,0.1641950011253357
2025-04-03,DOGE-USD,1201472795.0,1309455327.0333333,0.1620599925518036
2025-04-04,DOGE-USD,1645454216.0,1316515239.5666666,0.171097993850708
2025-04-05,DOGE-USD,607481980.0,1276795365.6666667,0.1690270006656646
2025-04-06,DOGE-USD,1267445532.0,1258070919.9666667,0.1488450020551681
2025-04-07,DOGE-USD,3512035481.0,1343473889.3666666,0.149520993232727
2025-04-08,DOGE-USD,1829881699.0,1344543572.8666666,0.1421069949865341
2025-04-09,DOGE-USD,2265462273.0,1346648506.7,0.1603710055351257
2025-04-10,DOGE-USD,1231567926.0,1308602593.4,0.153666004538536
2025-04-11,DOGE-USD,864574135.0,1283472899.3333333,0.1600890010595321
2025-04-12,DOGE-USD,867802910.0,1264468501.7333333,0.1676110029220581
2025-04-13,DOGE-USD,874509965.0,1258883819.6333334,0.1627919971942901
2025-04-14,DOGE-USD,988651639.0,1267461887.7,0.158500999212265
2025-04-15,DOGE-USD,777400544.0,1262192221.0,0.1535499989986419
2025-04-16,DOGE-USD,823568608.0,1256231126.2,0.1546880006790161
2025-04-17,DOGE-USD,586169227.0,1240880637.8333333,0.1557399928569793
2025-04-18,DOGE-USD,477534244.0,1215501129.6,0.1576160043478012
2025-04-19,DOGE-USD,477710096.0,1199440289.9333334,0.1573330014944076
2025-04-20,DOGE-USD,637644889.0,1195900605.6,0.1551840007305145
2025-04-21,DOGE-USD,1038358279.0,1215903771.1,0.15938800573349
2025-04-22,DOGE-USD,1568128902.0,1249344799.6,0.1786479949951172
2025-04-23,DOGE-USD,1860794550.0,1262284542.4,0.1786050051450729
2025-04-24,DOGE-USD,1479272164.0,1259933916.7333333,0.1824570000171661
2025-04-25,DOGE-USD,1731253893.0,1248688930.6,0.1818300038576126
2025-04-26,DOGE-USD,1467785872.0,1254870706.3,0.181889995932579
2025-04-27,DOGE-USD,1113159755.0,1245069333.0333333,0.1796720027923584
2025-04-28,DOGE-USD,1345897366.0,1252577277.5666666,0.1789519935846328
2025-04-29,DOGE-USD,966758883.0,1257082692.0333333,0.1746360063552856
2025-04-30,DOGE-USD,970750123.0,1245403877.7,0.1723400056362152
2025-05-01,DOGE-USD,1018176528.0,1241030654.6,0.180758997797966
2025-05-02,DOGE-USD,1008214455.0,1216830630.9666667,0.1815769970417022
2025-05-03,DOGE-USD,577738365.0,1196039483.3,0.1757570058107376
2025-05-04,DOGE-USD,626186290.0,1162063885.7666667,0.1705520004034042
2025-05-05,DOGE-USD,689655044.0,1164802987.9,0.1706040054559707
2025-05-06,DOGE-USD,831221260.0,1150262178.8333333,0.1721159964799881
2025-05-07,DOGE-USD,677248571.0,1055769281.8333334,0.1720069944858551
2025-05-08,DOGE-USD,1943565536.0,1059558743.0666667,0.1975769996643066
2025-05-09,DOGE-USD,2387581238.0,1063629375.2333333,0.2052900046110153
2025-05-10,DOGE-USD,3238796872.0,1130537006.7666667,0.2486889958381652
2025-05-11,DOGE-USD,3518175098.0,1218990372.2,0.2315080016851425
2025-05-12,DOGE-USD,4628696012.0,1344353475.6,0.231002002954483
2025-05-13,DOGE-USD,2734212256.0,1406343551.9666667,0.2412150055170059
2025-05-14,DOGE-USD,2249826077.0,1448382699.9,0.2328079938888549
2025-05-15,DOGE-USD,2477683429.0,1505058796.0666666,0.2191890031099319
2025-05-16,DOGE-USD,1759584218.0,1536259316.4,0.2212869971990585
2025-05-17,DOGE-USD,1499656753.0,1566708900.6,0.2146980017423629
2025-05-18,DOGE-USD,2360198976.0,1629464391.6666667,0.2341810017824173
2025-05-19,DOGE-USD,2122215648.0,1684281243.4,0.2244209945201873
2025-05-20,DOGE-USD,1815889701.0,1723556070.4666667,0.2261260002851486
2025-05-21,DOGE-USD,2813244924.0,1782718958.6333334,0.234057992696762
2025-05-22,DOGE-USD,2739121621.0,1821752049.2666667,0.2450280040502548
2025-05-23,DOGE-USD,3466192197.0,1875265304.1666667,0.2248139977455139
2025-05-24,DOGE-USD,1223553027.0,1866741332.9333334,0.2252970039844513
2025-05-25,DOGE-USD,1528958070.0,1859998138.8333333,0.2249840050935745
2025-05-26,DOGE-USD,1172026172.0,1850139482.1666667,0.2260250002145767
2025-05-27,DOGE-USD,1406054690.0,1859902646.6666667,0.2261639982461929
2025-05-28,DOGE-USD,1203668237.0,1855161675.7,0.220781996846199
2025-05-29,DOGE-USD,1561923823.0,1875000507.0333333,0.2148330062627792
2025-05-30,DOGE-USD,2466944860.0,1924873664.9333334,0.1934359967708587
2025-05-31,DOGE-USD,1529424800.0,1941915274.0,0.1925790011882782
2025-06-01,DOGE-USD,939280532.0,1939617476.5666666,0.1936320066452026
2025-06-02,DOGE-USD,1007324701.0,1953937021.1,0.1953900009393692
2025-06-03,DOGE-USD,1062603805.0,1968484271.6,0.1931380033493042
2025-06-04,DOGE-USD,779255975.0,1971470969.3,0.1882359981536865
2025-06-05,DOGE-USD,1718819551.0,2001057579.0,0.1716279983520507
2025-06-06,DOGE-USD,1247591143.0,2020068998.0666666,0.1789730042219162
2025-06-07,DOGE-USD,836264651.0,1983158968.5666666,0.1851679980754852
2025-06-08,DOGE-USD,689923176.0,1926570366.5,0.1841730028390884
2025-06-09,DOGE-USD,1177667689.0,1857866060.4,0.1949329972267151
2025-06-10,DOGE-USD,1400212022.0,1787267291.2,0.1982820034027099
2025-06-11,DOGE-USD,1630500550.0,1687327442.4666667,0.193011000752449
2025-06-12,DOGE-USD,1254786513.0,1638013251.0333333,0.181547999382019
2025-06-13,DOGE-USD,1883491191.0,1625802088.1666667,0.1803800016641616
2025-06-14,DOGE-USD,777784368.0,1569138786.1333334,0.1784670054912567
2025-06-15,DOGE-USD,760010233.0,1535819653.3,0.1756689995527267
2025-06-16,DOGE-USD,1204577500.0,1525983678.2,0.1726980060338974
2025-06-17,DOGE-USD,1273076742.0,1489746270.4,0.1696680039167404
2025-06-18,DOGE-USD,970407002.0,1451352648.8666666,0.170632004737854
2025-06-19,DOGE-USD,542107459.0,1408893240.8,0.1709630042314529
2025-06-20,DOGE-USD,1099193747.0,1351758201.5666666,0.1624750047922134
2025-06-21,DOGE-USD,813191920.0,1287560544.8666666,0.1541689932346344
2025-06-22,DOGE-USD,1841758169.0,1233412743.9333334,0.1513220071792602
2025-06-23,DOGE-USD,1346692450.0,1237517391.3666666,0.1643629968166351
2025-06-24,DOGE-USD,1072291444.0,1222295170.5,0.1657309979200363
2025-06-25,DOGE-USD,839304495.0,1211204447.9333334,0.1645780056715011
2025-06-26,DOGE-USD,916611999.0,1194889691.5666666,0.1599860042333603
2025-06-27,DOGE-USD,638328531.0,1176045034.7,0.1610680073499679
2025-06-28,DOGE-USD,400589442.0,1137333888.6666667,0.1636919975280761
2025-06-29,DOGE-USD,543918306.0,1073233003.5333333,0.1696020066738128
2025-06-30,DOGE-USD,838074434.0,1050187991.3333334,0.1651359945535659
2025-07-01,DOGE-USD,687516950.0,1041795871.9333333,0.1577509939670562
2025-07-02,DOGE-USD,1151068316.0,1046587325.7666667,0.168720006942749
2025-07-03,DOGE-USD,1280276705.0,1053843089.1,0.1720339953899383
2025-07-04,DOGE-USD,1005469062.0,1061383525.3333334,0.1628710031509399
2025-07-05,DOGE-USD,444944070.0,1018921009.3,0.1642719954252243
2025-07-06,DOGE-USD,1092475819.0,1013750498.5,0.1719859987497329
2025-07-07,DOGE-USD,1238654782.0,1027163502.8666667,0.1679659932851791
2025-07-08,DOGE-USD,852173993.0,1032571863.4333333,0.1709890067577362
2025-07-09,DOGE-USD,1657071962.0,1048552005.8666667,0.180755004286766
2025-07-10,DOGE-USD,1741316233.0,1059922146.2333333,0.1947930008172989
2025-07-11,DOGE-USD,3859031770.0,1134206520.2333333,0.2011879980564117
2025-07-12,DOGE-USD,1645230470.0,1147221318.8,0.1973280012607574
2025-07-13,DOGE-USD,1460860601.0,1133133632.4666667,0.1985950022935867
2025-07-14,DOGE-USD,2642688097.0,1195297090.1,0.1974309980869293
2025-07-15,DOGE-USD,2108544271.0,1240248224.7,0.1991620063781738
2025-07-16,DOGE-USD,2865490732.0,1295611999.1,0.2127469927072525
2025-07-17,DOGE-USD,3524415111.0,1370656611.4,0.2180279940366745
2025-07-18,DOGE-USD,6909551812.0,1568628105.0666666,0.2361290007829666
2025-07-19,DOGE-USD,4276687151.0,1693114094.8,0.2414930015802383
2025-07-20,DOGE-USD,6077966743.0,1859073194.6666667,0.2729290127754211
2025-07-21,DOGE-USD,6129417334.0,2036280708.4666667,0.2717190086841583
2025-07-22,DOGE-USD,4399161114.0,2121527473.3,0.2703790068626404
2025-07-23,DOGE-USD,4422461834.0,2224053119.4333334,0.2406489998102188
2025-07-24,DOGE-USD,4245820253.0,2329837413.0666666,0.2319740056991577
2025-07-25,DOGE-USD,3502127057.0,2418598165.133333,0.2368119955062866
2025-07-26,DOGE-USD,1499470254.0,2438026773.633333,0.2355140000581741
2025-07-27,DOGE-USD,1975404021.0,2482595956.633333,0.2408030033111572
2025-07-28,DOGE-USD,2900653769.0,2565931434.2,0.2252259999513626
2025-07-29,DOGE-USD,2219777443.0,2621793405.4333334,0.2237929999828338
2025-07-30,DOGE-USD,2295849760.0,2670385916.3,0.2198999971151352
2025-07-31,DOGE-USD,1775122878.0,2706639447.233333,0.2098730057477951
2025-08-01,DOGE-USD,3400021925.0,2781604567.5333333,0.2012159973382949
2025-08-02,DOGE-USD,2202580408.0,2812348024.3,0.1912139952182769
2025-08-03,DOGE-USD,1383820507.0,2824959739.133333,0.198863998055458
2025-08-04,DOGE-USD,1808700824.0,2870418297.6,0.2104129940271377
2025-08-05,DOGE-USD,1606059547.0,2887537755.2,0.1997389942407608
2025-08-06,DOGE-USD,1273212150.0,2888689667.4666667,0.2052550017833709
2025-08-07,DOGE-USD,2060907648.0,2928980789.3,0.2223899960517883
2025-08-08,DOGE-USD,2813209061.0,2967518692.6,0.2302139997482299
2025-08-09,DOGE-USD,3167912055.0,3015071886.6666665,0.2403250038623809
2025-08-10,DOGE-USD,2275130914.0,2962275191.4666667,0.2340990006923675
2025-08-11,DOGE-USD,2818659723.0,3001389499.9,0.2225500047206878
2025-08-12,DOGE-USD,2721898586.0,3043424099.4,0.2356660068035125
2025-08-13,DOGE-USD,4066944826.0,3090899323.7,0.2452020049095153
2025-08-14,DOGE-USD,5430971906.0,3201646911.5333333,0.2238930016756057
2025-08-15,DOGE-USD,3284438866.0,3215611849.3333335,0.2286130040884018
2025-08-16,DOGE-USD,2012788849.0,3165224307.266667,0.2312459945678711
2025-08-17,DOGE-USD,2308822296.0,3011866656.733333,0.2345650047063827
2025-08-18,DOGE-USD,3221260023.0,2976685752.4666667,0.2224249988794326
2025-08-19,DOGE-USD,2965240262.0,2872928203.1,0.2090480029582977
2025-08-20,DOGE-USD,3332092604.0,2779684045.4333334,0.221450001001358
2025-08-21,DOGE-USD,2146370687.0,2704591031.2,0.2147489935159683
2025-08-22,DOGE-USD,4553800466.0,2708968985.6,0.2405900061130523
2025-08-23,DOGE-USD,2633509850.0,2655225305.5,0.2360090017318725
2025-08-24,DOGE-USD,3243609548.0,2646608055.2,0.231797993183136
2025-08-25,DOGE-USD,3601938683.0,2716690336.1666665,0.2098239958286285
2025-08-26,DOGE-USD,2273426712.0,2726624425.866667,0.2184650003910064
2025-08-27,DOGE-USD,2291320646.0,2706313321.766667,0.2189189940690994
2025-08-28,DOGE-USD,1900714656.0,2695677895.5333333,0.2243400067090988
2025-08-29,DOGE-USD,2575985418.0,2705015750.8,0.2140350043773651
2025-08-30,DOGE-USD,1092661803.0,2682267048.3,0.2159799933433532
2025-08-31,DOGE-USD,1044727824.0,2603757244.9333334,0.2138150036334991
2025-09-01,DOGE-USD,2726790335.0,2621230909.1666665,0.2102539986371994
2025-09-02,DOGE-USD,2083072411.0,2644539305.9666667,0.214818000793457
2025-09-03,DOGE-USD,1806352077.0,2644461014.4,0.2205599993467331
2025-09-04,DOGE-USD,1600512717.0,2644276120.0666666,0.2124769985675811
2025-09-05,DOGE-USD,2429307965.0,2682812647.233333,0.2179040014743805
2025-09-06,DOGE-USD,1195532222.0,2653966799.7,0.2158859968185424
2025-09-07,DOGE-USD,1913782985.0,2623985930.5,0.2284429967403412
2025-09-08,DOGE-USD,3729000010.0,2642688862.3333335,0.2418809980154037
2025-09-09,DOGE-USD,4216668251.0,2707406773.5666666,0.240689992904663
2025-09-10,DOGE-USD,2829953595.0,2707783235.9666667,0.2453950047492981
2025-09-11,DOGE-USD,3760658715.0,2742408573.6,0.2556580007076263
2025-09-12,DOGE-USD,4643519794.0,2761627739.2,0.2754279971122741
2025-09-13,DOGE-USD,9024886352.0,2881424887.4,0.289463996887207
2025-09-14,DOGE-USD,5708225877.0,2962217787.766667,0.2785899937152862
2025-09-15,DOGE-USD,5721394577.0,3085837978.7,0.2686299979686737
2025-09-16,DOGE-USD,4384096063.0,3155013770.9333334,0.269771009683609
2025-09-17,DOGE-USD,4837069879.0,3208874099.4666667,0.2824639976024627
2025-09-18,DOGE-USD,4420244724.0,3257374248.2,0.278779000043869
2025-09-19,DOGE-USD,3402582767.0,3259723920.3,0.2653869986534118
2025-09-20,DOGE-USD,1791655632.0,3247900085.133333,0.267749011516571
2025-09-21,DOGE-USD,1759685373.0,3154762915.366667,0.2611590027809143
2025-09-22,DOGE-USD,5600811076.0,3253672956.233333,0.2413160055875778
2025-09-23,DOGE-USD,2979805692.0,3244879494.366667,0.2373879998922348
2025-09-24,DOGE-USD,3426936081.0,3239046074.3,0.2412440031766891
2025-09-25,DOGE-USD,4513449818.0,3313713511.1666665,0.2227060049772262
2025-09-26,DOGE-USD,3136341383.0,3341880869.0666666,0.2326290011405944
2025-09-27,DOGE-USD,1404236029.0,3325331581.5,0.2308360040187835
2025-09-28,DOGE-USD,1629383714.0,3293778191.366667,0.2373879998922348
2025-09-29,DOGE-USD,2451434578.0,3339070617.2,0.23505699634552
2025-09-30,DOGE-USD,2112968133.0,3374678627.5,0.2329050004482269
2025-10-01,DOGE-USD,2935493861.0,3381635411.7,0.2483649998903274
2025-10-02,DOGE-USD,3466616007.0,3427753531.5666666,0.2619369924068451
2025-10-03,DOGE-USD,3285893533.0,3477071580.1,0.2586030066013336
2025-10-04,DOGE-USD,2121406683.0,3494434712.3,0.250916987657547
2025-10-05,DOGE-USD,3422890843.0,3527554141.5666666,0.2529540061950683
2025-10-06,DOGE-USD,3938750191.0,3618994740.5333333,0.2663129866123199
2025-10-07,DOGE-USD,4263519773.0,3697319300.133333,0.2473160028457641
2025-10-08,DOGE-USD,3136056857.0,3677554528.366667,0.2555629909038543
2025-10-09,DOGE-USD,3221293489.0,3644375369.633333,0.2485630065202713
2025-10-10,DOGE-USD,8989277920.0,3849686180.4666667,0.1931550055742263
2025-10-11,DOGE-USD,6948749972.0,3955955889.0333333,0.1854429990053177
2025-10-12,DOGE-USD,5183180935.0,3973944593.733333,0.2077949941158294
2025-10-13,DOGE-USD,4745994514.0,3831314865.8,0.2139910012483596
2025-10-14,DOGE-USD,4841725506.0,3802431520.1,0.2045319974422454
2025-10-15,DOGE-USD,2877365449.0,3707630549.1666665,0.1963270008563995
2025-10-16,DOGE-USD,3498982322.0,3678126757.8,0.1883669942617416
2025-10-17,DOGE-USD,3317944601.0,3627489248.5333333,0.1848420053720474
2025-10-18,DOGE-USD,1238849111.0,3521442728.1,0.1895990073680877
2025-10-19,DOGE-USD,1982258702.0,3474098592.6,0.1953230053186416
2025-10-20,DOGE-USD,2148033213.0,3485977845.3,0.2001139968633651
2025-10-21,DOGE-USD,2783675973.0,3520110865.3,0.1943890005350113
2025-10-22,DOGE-USD,2573427089.0,3419198065.733333,0.1900019943714141
2025-10-23,DOGE-USD,1769172845.0,3378843637.5,0.1948439925909042
2025-10-24,DOGE-USD,1546313970.0,3316156233.8,0.1976979970932006
2025-10-25,DOGE-USD,1136645097.0,3203596076.4333334,0.1965910047292709
2025-10-26,DOGE-USD,1679630618.0,3155039050.9333334,0.2056699991226196
2025-10-27,DOGE-USD,1984421014.0,3174378550.4333334,0.2003819942474365
2025-10-28,DOGE-USD,2809894306.0,3213728903.5,0.1937569975852966
2025-10-29,DOGE-USD,2590886109.0,3218377287.866667,0.1923899948596954
2025-10-30,DOGE-USD,3112664146.0,3251700488.3,0.1827100068330764
2025-10-31,DOGE-USD,1579798665.0,3206510648.4333334,0.1864330023527145
2025-11-01,DOGE-USD,849876271.0,3119285990.5666666,0.187280997633934
2025-11-02,DOGE-USD,967206772.0,3041996431.866667,0.1865729987621307
2025-11-03,DOGE-USD,3648984899.0,3092915705.733333,0.1672430038452148
2025-11-04,DOGE-USD,4796083616.0,3138688798.1666665,0.1626950055360794
2025-11-05,DOGE-USD,2522587575.0,3091483377.633333,0.167380005121231
2025-11-06,DOGE-USD,1870692567.0,3011722470.766667,0.1614059954881668
2025-11-07,DOGE-USD,2931787387.0,3004913488.4333334,0.1786729991436004
2025-11-08,DOGE-USD,2236137677.0,2972074961.366667,0.1761820018291473
2025-11-09,DOGE-USD,1608940509.0,2726063714.3333335,0.1792600005865097
2025-11-10,DOGE-USD,2127003685.0,2565338838.1,0.1818140000104904
2025-11-11,DOGE-USD,2107396312.0,2462812684.0,0.1720249950885772
2025-11-12,DOGE-USD,1803938275.0,2364744142.7,0.1700810045003891
2025-11-13,DOGE-USD,2729846444.0,2294348173.9666667,0.1642960011959076
2025-11-14,DOGE-USD,3090051874.0,2301437721.4666667,0.1574659943580627
2025-11-15,DOGE-USD,1245164553.0,2226310462.5,0.1631370037794113
2025-11-16,DOGE-USD,1764383845.0,2174525103.9666667,0.1586609929800033
2025-11-17,DOGE-USD,2792290270.0,2226306475.9333334,0.1518920063972473
2025-11-18,DOGE-USD,2444487369.0,2241714098.1666665,0.1617040038108825
2025-11-19,DOGE-USD,2265496568.0,2245629543.3333335,0.1543249934911728
2025-11-20,DOGE-USD,2500681053.0,2236196379.3333335,0.1490920037031173
2025-11-21,DOGE-USD,3788412140.0,2276695881.0333333,0.1401820033788681
2025-11-22,DOGE-USD,1508164780.0,2267995612.2,0.1403039991855621
2025-11-23,DOGE-USD,1345739666.0,2261309802.0666666,0.1448310017585754
2025-11-24,DOGE-USD,1886500747.0,2286304990.4,0.1517940014600753
2025-11-25,DOGE-USD,1584986684.0,2283150192.6,0.1529719978570938
2025-11-26,DOGE-USD,1505665002.0,2267191658.866667,0.1547780036926269
2025-11-27,DOGE-USD,922512953.0,2204278947.1,0.1526889950037002
2025-11-28,DOGE-USD,1307624427.0,2161503557.7,0.1502799987792968
2025-11-29,DOGE-USD,648320199.0,2079358759.4666667,0.1485690027475357
2025-11-30,DOGE-USD,717631352.0,2050619849.0333333,0.1466690003871917
2025-12-01,DOGE-USD,1935250412.0,2086798987.0666666,0.1355880051851272
2025-12-02,DOGE-USD,1442143940.0,2102630226.0,0.1459719985723495
2025-12-03,DOGE-USD,1522255570.0,2031739248.3666666,0.1519439965486526
2025-12-04,DOGE-USD,1232527768.0,1912954053.4333334,0.1475030034780502
2025-12-05,DOGE-USD,1279447426.0,1871516048.4666667,0.1396320015192031
2025-12-06,DOGE-USD,637344481.0,1830404445.6,0.1397430002689361
2025-12-07,DOGE-USD,1065448744.0,1768193157.5,0.1385760009288787
2025-12-08,DOGE-USD,1167700280.0,1732578577.6,0.1425990015268325
2025-12-09,DOGE-USD,1669844829.0,1734608721.6,0.1480370014905929
2025-12-10,DOGE-USD,1454774688.0,1712201088.3666666,0.1435150057077407
