date,symbol,close
2022-12-11,AVAX-USD,12.995100021362305
2022-12-12,AVAX-USD,12.991484642028809
2022-12-13,AVAX-USD,13.728175163269045
2022-12-14,AVAX-USD,13.72756004333496
2022-12-15,AVAX-USD,13.170801162719728
2022-12-16,AVAX-USD,11.846814155578612
2022-12-17,AVAX-USD,11.963336944580078
2022-12-18,AVAX-USD,11.92267894744873
2022-12-19,AVAX-USD,11.382280349731444
2022-12-20,AVAX-USD,11.96780490875244
2022-12-21,AVAX-USD,11.696436882019045
2022-12-22,AVAX-USD,11.84343147277832
2022-12-23,AVAX-USD,11.781726837158203
2022-12-24,AVAX-USD,11.680429458618164
2022-12-25,AVAX-USD,11.684593200683594
2022-12-26,AVAX-USD,11.72385597229004
2022-12-27,AVAX-USD,11.646395683288574
2022-12-28,AVAX-USD,11.202914237976074
2022-12-29,AVAX-USD,10.992694854736328
2022-12-30,AVAX-USD,10.870248794555664
2022-12-31,AVAX-USD,10.902632713317873
2023-01-01,AVAX-USD,10.865915298461914
2023-01-02,AVAX-USD,11.15361499786377
2023-01-03,AVAX-USD,11.38444995880127
2023-01-04,AVAX-USD,12.07761287689209
2023-01-05,AVAX-USD,11.740196228027344
2023-01-06,AVAX-USD,11.781206130981444
2023-01-07,AVAX-USD,11.74342441558838
2023-01-08,AVAX-USD,12.072585105895996
2023-01-09,AVAX-USD,12.209636688232422
2023-01-10,AVAX-USD,12.731241226196287
2023-01-11,AVAX-USD,15.91392421722412
2023-01-12,AVAX-USD,15.45734977722168
2023-01-13,AVAX-USD,15.962223052978516
2023-01-14,AVAX-USD,16.958057403564453
2023-01-15,AVAX-USD,16.797117233276367
2023-01-16,AVAX-USD,16.740787506103516
2023-01-17,AVAX-USD,17.1265926361084
2023-01-18,AVAX-USD,15.804330825805664
2023-01-19,AVAX-USD,16.196353912353516
2023-01-20,AVAX-USD,17.52127456665039
2023-01-21,AVAX-USD,16.896469116210938
2023-01-22,AVAX-USD,17.362272262573242
2023-01-23,AVAX-USD,18.0065860748291
2023-01-24,AVAX-USD,17.01931381225586
2023-01-25,AVAX-USD,17.803890228271484
2023-01-26,AVAX-USD,18.108034133911133
2023-01-27,AVAX-USD,21.25410270690918
2023-01-28,AVAX-USD,20.60495948791504
2023-01-29,AVAX-USD,21.07977867126465
2023-01-30,AVAX-USD,19.73917007446289
2023-01-31,AVAX-USD,19.84449958801269
2023-02-01,AVAX-USD,20.96536445617676
2023-02-02,AVAX-USD,21.1800594329834
2023-02-03,AVAX-USD,21.36518669128418
2023-02-04,AVAX-USD,21.024635314941406
2023-02-05,AVAX-USD,20.10801696777344
2023-02-06,AVAX-USD,19.58503532409668
2023-02-07,AVAX-USD,20.845218658447266
2023-02-08,AVAX-USD,20.08147430419922
2023-02-09,AVAX-USD,17.874452590942383
2023-02-10,AVAX-USD,17.79853057861328
2023-02-11,AVAX-USD,18.02908515930176
2023-02-12,AVAX-USD,17.76869773864746
2023-02-13,AVAX-USD,17.6209716796875
2023-02-14,AVAX-USD,18.147031784057617
2023-02-15,AVAX-USD,19.923646926879883
2023-02-16,AVAX-USD,18.61483192443848
2023-02-17,AVAX-USD,19.477388381958008
2023-02-18,AVAX-USD,19.578697204589844
2023-02-19,AVAX-USD,19.80207633972168
2023-02-20,AVAX-USD,20.810766220092773
2023-02-21,AVAX-USD,20.94013023376465
2023-02-22,AVAX-USD,20.3144760131836
2023-02-23,AVAX-USD,19.70263862609864
2023-02-24,AVAX-USD,18.36859893798828
2023-02-25,AVAX-USD,17.95964241027832
2023-02-26,AVAX-USD,18.44385528564453
2023-02-27,AVAX-USD,17.939739227294922
2023-02-28,AVAX-USD,17.081113815307617
2023-03-01,AVAX-USD,17.761022567749023
2023-03-02,AVAX-USD,17.447031021118164
2023-03-03,AVAX-USD,16.654382705688477
2023-03-04,AVAX-USD,16.11780548095703
2023-03-05,AVAX-USD,16.159337997436523
2023-03-06,AVAX-USD,16.52437973022461
2023-03-07,AVAX-USD,16.169782638549805
2023-03-08,AVAX-USD,15.134352684020996
2023-03-09,AVAX-USD,14.403960227966309
2023-03-10,AVAX-USD,14.82969093322754
2023-03-11,AVAX-USD,14.638959884643556
2023-03-12,AVAX-USD,16.256580352783203
2023-03-13,AVAX-USD,16.500085830688477
2023-03-14,AVAX-USD,17.180816650390625
2023-03-15,AVAX-USD,15.585168838500977
2023-03-16,AVAX-USD,15.87647819519043
2023-03-17,AVAX-USD,17.64643669128418
2023-03-18,AVAX-USD,16.987367630004883
2023-03-19,AVAX-USD,17.563106536865234
2023-03-20,AVAX-USD,16.64081382751465
2023-03-21,AVAX-USD,17.4854679107666
2023-03-22,AVAX-USD,16.77981185913086
2023-03-23,AVAX-USD,17.562936782836914
2023-03-24,AVAX-USD,16.986759185791016
2023-03-25,AVAX-USD,16.880115509033203
2023-03-26,AVAX-USD,17.13402557373047
2023-03-27,AVAX-USD,16.503171920776367
2023-03-28,AVAX-USD,16.726268768310547
2023-03-29,AVAX-USD,17.2939395904541
2023-03-30,AVAX-USD,17.245332717895508
2023-03-31,AVAX-USD,17.716890335083008
2023-04-01,AVAX-USD,17.662683486938477
2023-04-02,AVAX-USD,17.263288497924805
2023-04-03,AVAX-USD,17.101024627685547
2023-04-04,AVAX-USD,17.64712142944336
2023-04-05,AVAX-USD,17.989526748657227
2023-04-06,AVAX-USD,18.001949310302734
2023-04-07,AVAX-USD,17.624462127685547
2023-04-08,AVAX-USD,17.464860916137695
2023-04-09,AVAX-USD,17.560928344726562
2023-04-10,AVAX-USD,17.932527542114258
2023-04-11,AVAX-USD,18.16439437866211
2023-04-12,AVAX-USD,18.491119384765625
2023-04-13,AVAX-USD,18.85436248779297
2023-04-14,AVAX-USD,19.248788833618164
2023-04-15,AVAX-USD,19.10762023925781
2023-04-16,AVAX-USD,20.20197868347168
2023-04-17,AVAX-USD,20.514562606811523
2023-04-18,AVAX-USD,21.22784805297852
2023-04-19,AVAX-USD,18.99392509460449
2023-04-20,AVAX-USD,18.332067489624023
2023-04-21,AVAX-USD,16.953628540039062
2023-04-22,AVAX-USD,17.23383903503418
2023-04-23,AVAX-USD,16.86546516418457
2023-04-24,AVAX-USD,16.939165115356445
2023-04-25,AVAX-USD,17.64320945739746
2023-04-26,AVAX-USD,17.189762115478516
2023-04-27,AVAX-USD,17.724498748779297
2023-04-28,AVAX-USD,17.56381607055664
2023-04-29,AVAX-USD,17.48208236694336
2023-04-30,AVAX-USD,17.166259765625
2023-05-01,AVAX-USD,16.65838050842285
2023-05-02,AVAX-USD,16.854707717895508
2023-05-03,AVAX-USD,17.222131729125977
2023-05-04,AVAX-USD,16.91795539855957
2023-05-05,AVAX-USD,17.38660430908203
2023-05-06,AVAX-USD,16.63551902770996
2023-05-07,AVAX-USD,16.447729110717773
2023-05-08,AVAX-USD,15.423477172851562
2023-05-09,AVAX-USD,15.335582733154297
2023-05-10,AVAX-USD,15.53670883178711
2023-05-11,AVAX-USD,14.97328758239746
2023-05-12,AVAX-USD,15.192852973937988
2023-05-13,AVAX-USD,14.942066192626951
2023-05-14,AVAX-USD,15.03024959564209
2023-05-15,AVAX-USD,15.093147277832031
2023-05-16,AVAX-USD,14.903059005737305
2023-05-17,AVAX-USD,15.164073944091797
2023-05-18,AVAX-USD,14.70057201385498
2023-05-19,AVAX-USD,14.67898941040039
2023-05-20,AVAX-USD,14.636693954467772
2023-05-21,AVAX-USD,14.313434600830078
2023-05-22,AVAX-USD,14.680551528930664
2023-05-23,AVAX-USD,14.711454391479492
2023-05-24,AVAX-USD,14.147786140441896
2023-05-25,AVAX-USD,14.095544815063477
2023-05-26,AVAX-USD,14.345760345458984
2023-05-27,AVAX-USD,14.549345970153809
2023-05-28,AVAX-USD,14.935823440551758
2023-05-29,AVAX-USD,14.484777450561523
2023-05-30,AVAX-USD,14.4511137008667
2023-05-31,AVAX-USD,14.119641304016112
2023-06-01,AVAX-USD,14.10698413848877
2023-06-02,AVAX-USD,14.490138053894045
2023-06-03,AVAX-USD,14.574328422546388
2023-06-04,AVAX-USD,14.782492637634276
2023-06-05,AVAX-USD,13.897244453430176
2023-06-06,AVAX-USD,14.631876945495604
2023-06-07,AVAX-USD,14.032129287719728
2023-06-08,AVAX-USD,13.93117332458496
2023-06-09,AVAX-USD,13.767868041992188
2023-06-10,AVAX-USD,11.680257797241213
2023-06-11,AVAX-USD,11.575257301330566
2023-06-12,AVAX-USD,11.520296096801758
2023-06-13,AVAX-USD,11.787354469299316
2023-06-14,AVAX-USD,11.366084098815918
2023-06-15,AVAX-USD,11.40145206451416
2023-06-16,AVAX-USD,11.541641235351562
2023-06-17,AVAX-USD,11.625213623046877
2023-06-18,AVAX-USD,11.34263515472412
2023-06-19,AVAX-USD,11.454609870910645
2023-06-20,AVAX-USD,12.106450080871582
2023-06-21,AVAX-USD,12.917662620544434
2023-06-22,AVAX-USD,12.667882919311523
2023-06-23,AVAX-USD,13.281949996948242
2023-06-24,AVAX-USD,13.024869918823242
2023-06-25,AVAX-USD,13.442519187927246
2023-06-26,AVAX-USD,13.152833938598633
2023-06-27,AVAX-USD,13.205107688903809
2023-06-28,AVAX-USD,12.355886459350586
2023-06-29,AVAX-USD,12.677756309509276
2023-06-30,AVAX-USD,13.013050079345703
2023-07-01,AVAX-USD,12.994583129882812
2023-07-02,AVAX-USD,13.119144439697266
2023-07-03,AVAX-USD,13.223526000976562
2023-07-04,AVAX-USD,13.042004585266112
2023-07-05,AVAX-USD,12.670045852661133
2023-07-06,AVAX-USD,12.410744667053224
2023-07-07,AVAX-USD,12.739989280700684
2023-07-08,AVAX-USD,13.66015911102295
2023-07-09,AVAX-USD,13.607531547546388
2023-07-10,AVAX-USD,13.38939094543457
2023-07-11,AVAX-USD,13.260403633117676
2023-07-12,AVAX-USD,13.025257110595703
2023-07-13,AVAX-USD,14.092904090881348
2023-07-14,AVAX-USD,14.644426345825195
2023-07-15,AVAX-USD,14.834538459777832
2023-07-16,AVAX-USD,14.28956413269043
2023-07-17,AVAX-USD,14.422088623046877
2023-07-18,AVAX-USD,13.79177474975586
2023-07-19,AVAX-USD,14.006319046020508
2023-07-20,AVAX-USD,13.856021881103516
2023-07-21,AVAX-USD,13.983912467956545
2023-07-22,AVAX-USD,13.504372596740724
2023-07-23,AVAX-USD,13.560688972473145
2023-07-24,AVAX-USD,13.103471755981444
2023-07-25,AVAX-USD,13.345781326293944
2023-07-26,AVAX-USD,13.26471710205078
2023-07-27,AVAX-USD,13.14130973815918
2023-07-28,AVAX-USD,13.238449096679688
2023-07-29,AVAX-USD,13.246442794799805
2023-07-30,AVAX-USD,13.128493309020996
2023-07-31,AVAX-USD,12.825377464294434
2023-08-01,AVAX-USD,12.87566375732422
2023-08-02,AVAX-USD,12.53736400604248
2023-08-03,AVAX-USD,12.446003913879396
2023-08-04,AVAX-USD,12.397878646850586
2023-08-05,AVAX-USD,12.437810897827148
2023-08-06,AVAX-USD,12.572416305541992
2023-08-07,AVAX-USD,12.4482421875
2023-08-08,AVAX-USD,12.69126319885254
2023-08-09,AVAX-USD,12.621299743652344
2023-08-10,AVAX-USD,12.48097324371338
2023-08-11,AVAX-USD,12.44179344177246
2023-08-12,AVAX-USD,12.389760971069336
2023-08-13,AVAX-USD,12.27439785003662
2023-08-14,AVAX-USD,12.353681564331056
2023-08-15,AVAX-USD,11.806095123291016
2023-08-16,AVAX-USD,11.368606567382812
2023-08-17,AVAX-USD,10.590560913085938
2023-08-18,AVAX-USD,10.799485206604004
2023-08-19,AVAX-USD,10.80682373046875
2023-08-20,AVAX-USD,10.873089790344238
2023-08-21,AVAX-USD,10.361355781555176
2023-08-22,AVAX-USD,10.13079071044922
2023-08-23,AVAX-USD,10.336661338806152
2023-08-24,AVAX-USD,10.113130569458008
2023-08-25,AVAX-USD,10.05303192138672
2023-08-26,AVAX-USD,10.09171199798584
2023-08-27,AVAX-USD,10.19877815246582
2023-08-28,AVAX-USD,10.367795944213867
2023-08-29,AVAX-USD,10.81059741973877
2023-08-30,AVAX-USD,10.411699295043944
2023-08-31,AVAX-USD,9.987269401550291
2023-09-01,AVAX-USD,9.92474365234375
2023-09-02,AVAX-USD,9.91187858581543
2023-09-03,AVAX-USD,9.884934425354004
2023-09-04,AVAX-USD,9.801345825195312
2023-09-05,AVAX-USD,9.91453742980957
2023-09-06,AVAX-USD,9.93882179260254
2023-09-07,AVAX-USD,10.070907592773438
2023-09-08,AVAX-USD,9.921845436096191
2023-09-09,AVAX-USD,9.84569263458252
2023-09-10,AVAX-USD,9.474143028259276
2023-09-11,AVAX-USD,9.230627059936523
2023-09-12,AVAX-USD,9.216546058654783
2023-09-13,AVAX-USD,9.299893379211426
2023-09-14,AVAX-USD,9.395648002624512
2023-09-15,AVAX-USD,9.429611206054688
2023-09-16,AVAX-USD,9.388934135437012
2023-09-17,AVAX-USD,9.106959342956545
2023-09-18,AVAX-USD,9.113308906555176
2023-09-19,AVAX-USD,9.218695640563965
2023-09-20,AVAX-USD,9.047985076904297
2023-09-21,AVAX-USD,8.826976776123047
2023-09-22,AVAX-USD,8.86332893371582
2023-09-23,AVAX-USD,8.90028190612793
2023-09-24,AVAX-USD,8.787721633911133
2023-09-25,AVAX-USD,8.943991661071777
2023-09-26,AVAX-USD,9.043546676635742
2023-09-27,AVAX-USD,8.922224044799805
2023-09-28,AVAX-USD,9.262673377990724
2023-09-29,AVAX-USD,9.175294876098633
2023-09-30,AVAX-USD,9.243800163269045
2023-10-01,AVAX-USD,9.739897727966309
2023-10-02,AVAX-USD,9.32707977294922
2023-10-03,AVAX-USD,9.403885841369627
2023-10-04,AVAX-USD,10.09360408782959
2023-10-05,AVAX-USD,10.132204055786133
2023-10-06,AVAX-USD,10.65694808959961
2023-10-07,AVAX-USD,10.363143920898438
2023-10-08,AVAX-USD,10.096406936645508
2023-10-09,AVAX-USD,9.538162231445312
2023-10-10,AVAX-USD,9.53337574005127
2023-10-11,AVAX-USD,9.30406093597412
2023-10-12,AVAX-USD,9.117600440979004
2023-10-13,AVAX-USD,9.156827926635742
2023-10-14,AVAX-USD,9.150793075561523
2023-10-15,AVAX-USD,9.17321491241455
2023-10-16,AVAX-USD,9.422463417053224
2023-10-17,AVAX-USD,9.112850189208984
2023-10-18,AVAX-USD,8.915651321411133
2023-10-19,AVAX-USD,9.065718650817873
2023-10-20,AVAX-USD,9.221672058105469
2023-10-21,AVAX-USD,9.639253616333008
2023-10-22,AVAX-USD,10.063459396362305
2023-10-23,AVAX-USD,10.565308570861816
2023-10-24,AVAX-USD,10.314806938171388
2023-10-25,AVAX-USD,10.510028839111328
2023-10-26,AVAX-USD,11.052852630615234
2023-10-27,AVAX-USD,10.598812103271484
2023-10-28,AVAX-USD,10.973055839538574
2023-10-29,AVAX-USD,11.361387252807615
2023-10-30,AVAX-USD,11.45251178741455
2023-10-31,AVAX-USD,11.32440185546875
2023-11-01,AVAX-USD,12.209151268005373
2023-11-02,AVAX-USD,11.889124870300291
2023-11-03,AVAX-USD,12.111170768737791
2023-11-04,AVAX-USD,12.2177734375
2023-11-05,AVAX-USD,12.366694450378418
2023-11-06,AVAX-USD,13.081212997436523
2023-11-07,AVAX-USD,12.82353973388672
2023-11-08,AVAX-USD,13.021961212158203
2023-11-09,AVAX-USD,12.972375869750977
2023-11-10,AVAX-USD,14.748550415039062
2023-11-11,AVAX-USD,16.78807258605957
2023-11-12,AVAX-USD,18.845966339111328
2023-11-13,AVAX-USD,16.219932556152344
2023-11-14,AVAX-USD,17.090946197509766
2023-11-15,AVAX-USD,20.73465347290039
2023-11-16,AVAX-USD,21.76090240478516
2023-11-17,AVAX-USD,21.940824508666992
2023-11-18,AVAX-USD,21.99535179138184
2023-11-19,AVAX-USD,22.85964584350586
2023-11-20,AVAX-USD,20.86159896850586
2023-11-21,AVAX-USD,19.04480743408203
2023-11-22,AVAX-USD,20.7967586517334
2023-11-23,AVAX-USD,20.67244911193848
2023-11-24,AVAX-USD,20.88572883605957
2023-11-25,AVAX-USD,21.32732391357422
2023-11-26,AVAX-USD,21.11045837402344
2023-11-27,AVAX-USD,20.358753204345703
2023-11-28,AVAX-USD,20.653627395629883
2023-11-29,AVAX-USD,21.086414337158203
2023-11-30,AVAX-USD,21.38686180114746
2023-12-01,AVAX-USD,21.861373901367188
2023-12-02,AVAX-USD,22.24107360839844
2023-12-03,AVAX-USD,21.968658447265625
2023-12-04,AVAX-USD,22.632719039916992
2023-12-05,AVAX-USD,24.48477363586425
2023-12-06,AVAX-USD,26.217491149902344
2023-12-07,AVAX-USD,26.30372428894043
2023-12-08,AVAX-USD,30.636808395385746
2023-12-09,AVAX-USD,31.81772422790528
2023-12-10,AVAX-USD,37.07502746582031
2023-12-11,AVAX-USD,38.1399040222168
2023-12-12,AVAX-USD,37.430912017822266
2023-12-13,AVAX-USD,39.05376815795898
2023-12-14,AVAX-USD,39.30565643310547
2023-12-15,AVAX-USD,39.812110900878906
2023-12-16,AVAX-USD,42.08190536499024
2023-12-17,AVAX-USD,40.66232299804688
2023-12-18,AVAX-USD,41.06120300292969
2023-12-19,AVAX-USD,39.82133483886719
2023-12-20,AVAX-USD,43.42633819580078
2023-12-21,AVAX-USD,45.96164321899414
2023-12-22,AVAX-USD,45.44339370727539
2023-12-23,AVAX-USD,48.06705856323242
2023-12-24,AVAX-USD,47.711238861083984
2023-12-25,AVAX-USD,48.3452033996582
2023-12-26,AVAX-USD,44.426029205322266
2023-12-27,AVAX-USD,42.41041564941406
2023-12-28,AVAX-USD,39.90686798095703
2023-12-29,AVAX-USD,40.21108627319336
2023-12-30,AVAX-USD,39.39484786987305
2023-12-31,AVAX-USD,38.5449104309082
2024-01-01,AVAX-USD,41.86446380615234
2024-01-02,AVAX-USD,40.64521026611328
2024-01-03,AVAX-USD,36.7952766418457
2024-01-04,AVAX-USD,38.73783493041992
2024-01-05,AVAX-USD,36.43484878540039
2024-01-06,AVAX-USD,34.62417984008789
2024-01-07,AVAX-USD,33.62965393066406
2024-01-08,AVAX-USD,36.08260726928711
2024-01-09,AVAX-USD,34.695011138916016
2024-01-10,AVAX-USD,38.472389221191406
2024-01-11,AVAX-USD,39.445777893066406
2024-01-12,AVAX-USD,35.87169647216797
2024-01-13,AVAX-USD,36.45083999633789
2024-01-14,AVAX-USD,35.33799743652344
2024-01-15,AVAX-USD,35.66428756713867
2024-01-16,AVAX-USD,35.59072494506836
2024-01-17,AVAX-USD,36.00657653808594
2024-01-18,AVAX-USD,33.52815246582031
2024-01-19,AVAX-USD,32.643001556396484
2024-01-20,AVAX-USD,32.80842590332031
2024-01-21,AVAX-USD,32.473045349121094
2024-01-22,AVAX-USD,29.48309326171875
2024-01-23,AVAX-USD,30.59178352355957
2024-01-24,AVAX-USD,31.217866897583008
2024-01-25,AVAX-USD,30.48063850402832
2024-01-26,AVAX-USD,32.27981948852539
2024-01-27,AVAX-USD,33.261962890625
2024-01-28,AVAX-USD,34.79377365112305
2024-01-29,AVAX-USD,36.073768615722656
2024-01-30,AVAX-USD,35.144779205322266
2024-01-31,AVAX-USD,33.16189956665039
2024-02-01,AVAX-USD,33.82854080200195
2024-02-02,AVAX-USD,36.707916259765625
2024-02-03,AVAX-USD,35.91640090942383
2024-02-04,AVAX-USD,34.844993591308594
2024-02-05,AVAX-USD,34.50077438354492
2024-02-06,AVAX-USD,34.1414680480957
2024-02-07,AVAX-USD,35.27924728393555
2024-02-08,AVAX-USD,35.427764892578125
2024-02-09,AVAX-USD,38.01095962524414
2024-02-10,AVAX-USD,40.2883186340332
2024-02-11,AVAX-USD,39.732269287109375
2024-02-12,AVAX-USD,41.08818817138672
2024-02-13,AVAX-USD,39.76535034179688
2024-02-14,AVAX-USD,42.26839065551758
2024-02-15,AVAX-USD,41.596004486083984
2024-02-16,AVAX-USD,40.312129974365234
2024-02-17,AVAX-USD,39.762489318847656
2024-02-18,AVAX-USD,40.254661560058594
2024-02-19,AVAX-USD,39.482234954833984
2024-02-20,AVAX-USD,38.52740478515625
2024-02-21,AVAX-USD,37.63543701171875
2024-02-22,AVAX-USD,36.75072479248047
2024-02-23,AVAX-USD,35.92631912231445
2024-02-24,AVAX-USD,36.73804473876953
2024-02-25,AVAX-USD,37.44997024536133
2024-02-26,AVAX-USD,39.33618927001953
2024-02-27,AVAX-USD,39.268646240234375
2024-02-28,AVAX-USD,40.2947883605957
2024-02-29,AVAX-USD,40.93538665771485
2024-03-01,AVAX-USD,42.85532760620117
2024-03-02,AVAX-USD,44.33390808105469
2024-03-03,AVAX-USD,42.6048583984375
2024-03-04,AVAX-USD,43.08823776245117
2024-03-05,AVAX-USD,39.50013732910156
2024-03-06,AVAX-USD,41.51433563232422
2024-03-07,AVAX-USD,43.29000473022461
2024-03-08,AVAX-USD,42.74036407470703
2024-03-09,AVAX-USD,43.000335693359375
2024-03-10,AVAX-USD,42.052711486816406
2024-03-11,AVAX-USD,49.007232666015625
2024-03-12,AVAX-USD,55.59136962890625
2024-03-13,AVAX-USD,54.94824600219727
2024-03-14,AVAX-USD,54.05936813354492
2024-03-15,AVAX-USD,58.48988723754883
2024-03-16,AVAX-USD,53.49980545043945
2024-03-17,AVAX-USD,58.115814208984375
2024-03-18,AVAX-USD,60.68994522094727
2024-03-19,AVAX-USD,53.52589416503906
2024-03-20,AVAX-USD,57.03071975708008
2024-03-21,AVAX-USD,53.86556625366211
2024-03-22,AVAX-USD,53.267066955566406
2024-03-23,AVAX-USD,53.412357330322266
2024-03-24,AVAX-USD,55.6641960144043
2024-03-25,AVAX-USD,57.823333740234375
2024-03-26,AVAX-USD,55.81808853149414
2024-03-27,AVAX-USD,54.114627838134766
2024-03-28,AVAX-USD,54.621883392333984
2024-03-29,AVAX-USD,53.4062385559082
2024-03-30,AVAX-USD,53.00242614746094
2024-03-31,AVAX-USD,54.11042785644531
2024-04-01,AVAX-USD,51.45050048828125
2024-04-02,AVAX-USD,46.820255279541016
2024-04-03,AVAX-USD,45.94569778442383
2024-04-04,AVAX-USD,46.506927490234375
2024-04-05,AVAX-USD,45.38042449951172
2024-04-06,AVAX-USD,48.19573974609375
2024-04-07,AVAX-USD,49.38721084594727
2024-04-08,AVAX-USD,49.883567810058594
2024-04-09,AVAX-USD,46.47019577026367
2024-04-10,AVAX-USD,47.31169509887695
2024-04-11,AVAX-USD,46.05759811401367
2024-04-12,AVAX-USD,39.41774368286133
2024-04-13,AVAX-USD,34.07841110229492
2024-04-14,AVAX-USD,37.316444396972656
2024-04-15,AVAX-USD,35.157203674316406
2024-04-16,AVAX-USD,34.76621627807617
2024-04-17,AVAX-USD,33.54623794555664
2024-04-18,AVAX-USD,34.85084533691406
2024-04-19,AVAX-USD,34.72248077392578
2024-04-20,AVAX-USD,38.301055908203125
2024-04-21,AVAX-USD,37.11705017089844
2024-04-22,AVAX-USD,39.22599411010742
2024-04-23,AVAX-USD,38.2866096496582
2024-04-24,AVAX-USD,36.3681869506836
2024-04-25,AVAX-USD,35.58365249633789
2024-04-26,AVAX-USD,34.40515899658203
2024-04-27,AVAX-USD,34.43024826049805
2024-04-28,AVAX-USD,33.93898010253906
2024-04-29,AVAX-USD,35.364253997802734
2024-04-30,AVAX-USD,32.706424713134766
2024-05-01,AVAX-USD,33.28810119628906
2024-05-02,AVAX-USD,33.61256408691406
2024-05-03,AVAX-USD,35.584896087646484
2024-05-04,AVAX-USD,37.36183166503906
2024-05-05,AVAX-USD,37.40193939208984
2024-05-06,AVAX-USD,37.13836288452149
2024-05-07,AVAX-USD,35.341732025146484
2024-05-08,AVAX-USD,34.04719924926758
2024-05-09,AVAX-USD,35.08065414428711
2024-05-10,AVAX-USD,33.71251678466797
2024-05-11,AVAX-USD,33.479148864746094
2024-05-12,AVAX-USD,33.167240142822266
2024-05-13,AVAX-USD,32.421722412109375
2024-05-14,AVAX-USD,31.568510055541992
2024-05-15,AVAX-USD,34.67960739135742
2024-05-16,AVAX-USD,34.46154022216797
2024-05-17,AVAX-USD,36.423484802246094
2024-05-18,AVAX-USD,37.268310546875
2024-05-19,AVAX-USD,35.621829986572266
2024-05-20,AVAX-USD,40.13941955566406
2024-05-21,AVAX-USD,41.16374206542969
2024-05-22,AVAX-USD,39.99242782592773
2024-05-23,AVAX-USD,38.508544921875
2024-05-24,AVAX-USD,37.99346923828125
2024-05-25,AVAX-USD,38.287784576416016
2024-05-26,AVAX-USD,36.752044677734375
2024-05-27,AVAX-USD,38.234317779541016
2024-05-28,AVAX-USD,36.99539566040039
2024-05-29,AVAX-USD,36.13692474365234
2024-05-30,AVAX-USD,35.98757553100586
2024-05-31,AVAX-USD,36.05586242675781
2024-06-01,AVAX-USD,35.76011276245117
2024-06-02,AVAX-USD,34.932491302490234
2024-06-03,AVAX-USD,35.04046630859375
2024-06-04,AVAX-USD,36.07328796386719
2024-06-05,AVAX-USD,36.52158737182617
2024-06-06,AVAX-USD,35.91181564331055
2024-06-07,AVAX-USD,33.507789611816406
2024-06-08,AVAX-USD,32.29003143310547
2024-06-09,AVAX-USD,32.96836853027344
2024-06-10,AVAX-USD,32.274227142333984
2024-06-11,AVAX-USD,31.541475296020508
2024-06-12,AVAX-USD,33.27341079711914
2024-06-13,AVAX-USD,30.98321533203125
2024-06-14,AVAX-USD,30.2910385131836
2024-06-15,AVAX-USD,29.987537384033203
2024-06-16,AVAX-USD,30.03886985778809
2024-06-17,AVAX-USD,28.480154037475582
2024-06-18,AVAX-USD,26.61886405944824
2024-06-19,AVAX-USD,26.89194107055664
2024-06-20,AVAX-USD,27.544408798217773
2024-06-21,AVAX-USD,27.450439453125
2024-06-22,AVAX-USD,25.6173152923584
2024-06-23,AVAX-USD,25.05120277404785
2024-06-24,AVAX-USD,24.83131599426269
2024-06-25,AVAX-USD,25.399450302124023
2024-06-26,AVAX-USD,25.803598403930664
2024-06-27,AVAX-USD,27.89529800415039
2024-06-28,AVAX-USD,27.89578628540039
2024-06-29,AVAX-USD,27.72550773620605
2024-06-30,AVAX-USD,29.360876083374023
2024-07-01,AVAX-USD,28.816137313842773
2024-07-02,AVAX-USD,28.64264297485352
2024-07-03,AVAX-USD,26.49129676818848
2024-07-04,AVAX-USD,24.44641494750977
2024-07-05,AVAX-USD,25.134418487548828
2024-07-06,AVAX-USD,27.44342613220215
2024-07-07,AVAX-USD,25.70512962341309
2024-07-08,AVAX-USD,25.222187042236328
2024-07-09,AVAX-USD,26.421600341796875
2024-07-10,AVAX-USD,25.76766586303711
2024-07-11,AVAX-USD,25.22551918029785
2024-07-12,AVAX-USD,25.974353790283203
2024-07-13,AVAX-USD,25.87324523925781
2024-07-14,AVAX-USD,26.36935806274414
2024-07-15,AVAX-USD,27.85492706298828
2024-07-16,AVAX-USD,28.03032875061035
2024-07-17,AVAX-USD,27.25325393676757
2024-07-18,AVAX-USD,27.138296127319336
2024-07-19,AVAX-USD,28.1879940032959
2024-07-20,AVAX-USD,29.130952835083008
2024-07-21,AVAX-USD,32.60565948486328
2024-07-22,AVAX-USD,31.858896255493164
2024-07-23,AVAX-USD,29.841068267822266
2024-07-24,AVAX-USD,28.39635467529297
2024-07-25,AVAX-USD,27.257287979125977
2024-07-26,AVAX-USD,28.708839416503903
2024-07-27,AVAX-USD,28.0848331451416
2024-07-28,AVAX-USD,27.40057373046875
2024-07-29,AVAX-USD,27.08311080932617
2024-07-30,AVAX-USD,26.339189529418945
2024-07-31,AVAX-USD,25.71908950805664
2024-08-01,AVAX-USD,25.723108291625977
2024-08-02,AVAX-USD,23.59450340270996
2024-08-03,AVAX-USD,22.68356704711914
2024-08-04,AVAX-USD,21.22766876220703
2024-08-05,AVAX-USD,19.549341201782227
2024-08-06,AVAX-USD,20.87719345092773
2024-08-07,AVAX-USD,19.82934761047364
2024-08-08,AVAX-USD,22.737106323242188
2024-08-09,AVAX-USD,21.774154663085938
2024-08-10,AVAX-USD,21.58826065063477
2024-08-11,AVAX-USD,20.42854690551757
2024-08-12,AVAX-USD,21.289514541625977
2024-08-13,AVAX-USD,21.40406036376953
2024-08-14,AVAX-USD,20.97269821166992
2024-08-15,AVAX-USD,20.141338348388672
2024-08-16,AVAX-USD,20.394376754760746
2024-08-17,AVAX-USD,20.670944213867188
2024-08-18,AVAX-USD,20.819700241088867
2024-08-19,AVAX-USD,21.2274112701416
2024-08-20,AVAX-USD,22.42511367797852
2024-08-21,AVAX-USD,23.52741432189941
2024-08-22,AVAX-USD,25.26703453063965
2024-08-23,AVAX-USD,26.519519805908203
2024-08-24,AVAX-USD,27.16584205627441
2024-08-25,AVAX-USD,26.964920043945312
2024-08-26,AVAX-USD,25.95624542236328
2024-08-27,AVAX-USD,24.101638793945312
2024-08-28,AVAX-USD,23.46433448791504
2024-08-29,AVAX-USD,22.90632438659668
2024-08-30,AVAX-USD,23.286901473999023
2024-08-31,AVAX-USD,22.79757499694824
2024-09-01,AVAX-USD,21.44817352294922
2024-09-02,AVAX-USD,22.36886215209961
2024-09-03,AVAX-USD,21.383655548095703
2024-09-04,AVAX-USD,21.89966583251953
2024-09-05,AVAX-USD,21.36656188964844
2024-09-06,AVAX-USD,21.14737129211425
2024-09-07,AVAX-USD,21.797344207763672
2024-09-08,AVAX-USD,23.215967178344727
2024-09-09,AVAX-USD,23.859668731689453
2024-09-10,AVAX-USD,24.359909057617188
2024-09-11,AVAX-USD,23.29693603515625
2024-09-12,AVAX-USD,24.02888870239257
2024-09-13,AVAX-USD,24.952272415161133
2024-09-14,AVAX-USD,25.330501556396484
2024-09-15,AVAX-USD,23.837696075439453
2024-09-16,AVAX-USD,23.51923179626465
2024-09-17,AVAX-USD,23.75840187072754
2024-09-18,AVAX-USD,24.63865089416504
2024-09-19,AVAX-USD,26.65570831298828
2024-09-20,AVAX-USD,27.599931716918945
2024-09-21,AVAX-USD,27.84765625
2024-09-22,AVAX-USD,27.337196350097656
2024-09-23,AVAX-USD,27.407100677490234
2024-09-24,AVAX-USD,28.48176002502441
2024-09-25,AVAX-USD,27.290143966674805
2024-09-26,AVAX-USD,29.15449905395508
2024-09-27,AVAX-USD,30.44928932189941
2024-09-28,AVAX-USD,29.33069229125977
2024-09-29,AVAX-USD,29.069881439208984
2024-09-30,AVAX-USD,27.738948822021484
2024-10-01,AVAX-USD,25.86651611328125
2024-10-02,AVAX-USD,25.381216049194336
2024-10-03,AVAX-USD,24.65347671508789
2024-10-04,AVAX-USD,26.24127960205078
2024-10-05,AVAX-USD,25.690710067749023
2024-10-06,AVAX-USD,26.928571701049805
2024-10-07,AVAX-USD,26.556774139404297
2024-10-08,AVAX-USD,26.33306884765625
2024-10-09,AVAX-USD,25.766281127929688
2024-10-10,AVAX-USD,25.854782104492188
2024-10-11,AVAX-USD,27.41640853881836
2024-10-12,AVAX-USD,28.627531051635746
2024-10-13,AVAX-USD,29.171485900878903
2024-10-14,AVAX-USD,29.062816619873047
2024-10-15,AVAX-USD,28.191293716430664
2024-10-16,AVAX-USD,28.04302024841309
2024-10-17,AVAX-USD,27.261091232299805
2024-10-18,AVAX-USD,28.100568771362305
2024-10-19,AVAX-USD,28.108549118041992
2024-10-20,AVAX-USD,28.93516731262207
2024-10-21,AVAX-USD,27.74962615966797
2024-10-22,AVAX-USD,27.603822708129883
2024-10-23,AVAX-USD,26.662872314453125
2024-10-24,AVAX-USD,26.83341217041016
2024-10-25,AVAX-USD,24.89298820495605
2024-10-26,AVAX-USD,25.386613845825195
2024-10-27,AVAX-USD,25.73275184631348
2024-10-28,AVAX-USD,26.25590133666992
2024-10-29,AVAX-USD,26.848377227783203
2024-10-30,AVAX-USD,26.1982421875
2024-10-31,AVAX-USD,25.01712417602539
2024-11-01,AVAX-USD,24.79058074951172
2024-11-02,AVAX-USD,24.08813095092773
2024-11-03,AVAX-USD,23.538249969482425
2024-11-04,AVAX-USD,22.70597267150879
2024-11-05,AVAX-USD,23.99547576904297
2024-11-06,AVAX-USD,27.033344268798828
2024-11-07,AVAX-USD,27.38312149047852
2024-11-08,AVAX-USD,28.77614021301269
2024-11-09,AVAX-USD,30.41794776916504
2024-11-10,AVAX-USD,31.9826717376709
2024-11-11,AVAX-USD,35.75919723510742
2024-11-12,AVAX-USD,34.04673385620117
2024-11-13,AVAX-USD,33.13338851928711
2024-11-14,AVAX-USD,31.160669326782227
2024-11-15,AVAX-USD,33.146217346191406
2024-11-16,AVAX-USD,35.11469268798828
2024-11-17,AVAX-USD,34.73808670043945
2024-11-18,AVAX-USD,35.448455810546875
2024-11-19,AVAX-USD,34.27410888671875
2024-11-20,AVAX-USD,33.58571243286133
2024-11-21,AVAX-USD,35.82438659667969
2024-11-22,AVAX-USD,43.08974075317383
2024-11-23,AVAX-USD,41.48998641967773
2024-11-24,AVAX-USD,42.04306411743164
2024-11-25,AVAX-USD,41.39607620239258
2024-11-26,AVAX-USD,42.77906036376953
2024-11-27,AVAX-USD,43.91240692138672
2024-11-28,AVAX-USD,42.84018325805664
2024-11-29,AVAX-USD,44.924110412597656
2024-11-30,AVAX-USD,44.89286804199219
2024-12-01,AVAX-USD,45.09182357788086
2024-12-02,AVAX-USD,52.31305694580078
2024-12-03,AVAX-USD,50.999488830566406
2024-12-04,AVAX-USD,52.81734085083008
2024-12-05,AVAX-USD,50.81978225708008
2024-12-06,AVAX-USD,52.58929061889648
2024-12-07,AVAX-USD,51.6760368347168
2024-12-08,AVAX-USD,53.933502197265625
2024-12-09,AVAX-USD,45.23026657104492
2024-12-10,AVAX-USD,44.63996505737305
2024-12-11,AVAX-USD,48.37092590332031
2024-12-12,AVAX-USD,53.11970138549805
2024-12-13,AVAX-USD,52.70176315307617
2024-12-14,AVAX-USD,49.83277130126953
2024-12-15,AVAX-USD,50.754615783691406
2024-12-16,AVAX-USD,48.99325942993164
2024-12-17,AVAX-USD,47.83877182006836
2024-12-18,AVAX-USD,42.80390930175781
2024-12-19,AVAX-USD,38.91089630126953
2024-12-20,AVAX-USD,39.81724548339844
2024-12-21,AVAX-USD,37.40167617797852
2024-12-22,AVAX-USD,36.51603317260742
2024-12-23,AVAX-USD,39.02850341796875
2024-12-24,AVAX-USD,41.21257781982422
2024-12-25,AVAX-USD,40.24849319458008
2024-12-26,AVAX-USD,37.28079605102539
2024-12-27,AVAX-USD,36.48052215576172
2024-12-28,AVAX-USD,37.66184616088867
2024-12-29,AVAX-USD,35.826663970947266
2024-12-30,AVAX-USD,35.90605545043945
2024-12-31,AVAX-USD,35.6909294128418
2025-01-01,AVAX-USD,37.69343948364258
2025-01-02,AVAX-USD,39.22916030883789
2025-01-03,AVAX-USD,41.88275146484375
2025-01-04,AVAX-USD,42.68106842041016
2025-01-05,AVAX-USD,43.0792350769043
2025-01-06,AVAX-USD,44.097415924072266
2025-01-07,AVAX-USD,39.26634216308594
2025-01-08,AVAX-USD,37.42233276367188
2025-01-09,AVAX-USD,36.18815612792969
2025-01-10,AVAX-USD,36.68634796142578
2025-01-11,AVAX-USD,37.09521865844727
2025-01-12,AVAX-USD,36.55796432495117
2025-01-13,AVAX-USD,35.28932571411133
2025-01-14,AVAX-USD,36.50234603881836
2025-01-15,AVAX-USD,39.852821350097656
2025-01-16,AVAX-USD,40.04843521118164
2025-01-17,AVAX-USD,41.39154052734375
2025-01-18,AVAX-USD,39.24570846557617
2025-01-19,AVAX-USD,35.575374603271484
2025-01-20,AVAX-USD,35.95790481567383
2025-01-21,AVAX-USD,36.922481536865234
2025-01-22,AVAX-USD,36.75145721435547
2025-01-23,AVAX-USD,35.59188461303711
2025-01-24,AVAX-USD,35.33805084228516
2025-01-25,AVAX-USD,36.62107849121094
2025-01-26,AVAX-USD,35.85732650756836
2025-01-27,AVAX-USD,34.19962310791016
2025-01-28,AVAX-USD,32.12329864501953
2025-01-29,AVAX-USD,32.775238037109375
2025-01-30,AVAX-USD,34.310176849365234
2025-01-31,AVAX-USD,34.39764404296875
2025-02-01,AVAX-USD,32.1812629699707
2025-02-02,AVAX-USD,27.576316833496094
2025-02-03,AVAX-USD,28.41798210144043
2025-02-04,AVAX-USD,26.524229049682617
2025-02-05,AVAX-USD,25.872116088867188
2025-02-06,AVAX-USD,24.50727844238281
2025-02-07,AVAX-USD,24.45077514648437
2025-02-08,AVAX-USD,24.59956741333008
2025-02-09,AVAX-USD,24.912887573242188
2025-02-10,AVAX-USD,25.63951873779297
2025-02-11,AVAX-USD,25.39145851135254
2025-02-12,AVAX-USD,26.493667602539062
2025-02-13,AVAX-USD,25.416154861450195
2025-02-14,AVAX-USD,26.39476776123047
2025-02-15,AVAX-USD,25.489839553833008
2025-02-16,AVAX-USD,24.837257385253903
2025-02-17,AVAX-USD,25.0288143157959
2025-02-18,AVAX-USD,23.48827362060547
2025-02-19,AVAX-USD,23.72795867919922
2025-02-20,AVAX-USD,25.14973258972168
2025-02-21,AVAX-USD,24.5191650390625
2025-02-22,AVAX-USD,25.816495895385746
2025-02-23,AVAX-USD,24.88555335998535
2025-02-24,AVAX-USD,21.88091278076172
2025-02-25,AVAX-USD,21.931367874145508
2025-02-26,AVAX-USD,21.797014236450195
2025-02-27,AVAX-USD,22.493072509765625
2025-02-28,AVAX-USD,22.368793487548828
2025-03-01,AVAX-USD,21.871139526367188
2025-03-02,AVAX-USD,24.94097328186035
2025-03-03,AVAX-USD,20.9365177154541
2025-03-04,AVAX-USD,20.008602142333984
2025-03-05,AVAX-USD,21.728666305541992
2025-03-06,AVAX-USD,21.02910804748535
2025-03-07,AVAX-USD,20.0969295501709
2025-03-08,AVAX-USD,20.471092224121094
2025-03-09,AVAX-USD,17.957881927490234
2025-03-10,AVAX-USD,16.28597068786621
2025-03-11,AVAX-USD,17.47471809387207
2025-03-12,AVAX-USD,18.89916229248047
2025-03-13,AVAX-USD,18.49971389770508
2025-03-14,AVAX-USD,18.569934844970703
2025-03-15,AVAX-USD,19.41447639465332
2025-03-16,AVAX-USD,18.291139602661133
2025-03-17,AVAX-USD,18.832107543945312
2025-03-18,AVAX-USD,19.001611709594727
2025-03-19,AVAX-USD,19.74834632873535
2025-03-20,AVAX-USD,18.73092460632324
2025-03-21,AVAX-USD,19.154340744018555
2025-03-22,AVAX-USD,19.42012405395508
2025-03-23,AVAX-USD,19.81166076660156
2025-03-24,AVAX-USD,21.46042823791504
2025-03-25,AVAX-USD,22.924375534057617
2025-03-26,AVAX-USD,22.047786712646484
2025-03-27,AVAX-USD,22.000259399414062
2025-03-28,AVAX-USD,20.373674392700195
2025-03-29,AVAX-USD,19.654756546020508
2025-03-30,AVAX-USD,18.862831115722656
2025-03-31,AVAX-USD,18.768949508666992
2025-04-01,AVAX-USD,19.79265785217285
2025-04-02,AVAX-USD,18.013551712036133
2025-04-03,AVAX-USD,18.1337947845459
2025-04-04,AVAX-USD,18.181718826293945
2025-04-05,AVAX-USD,17.891618728637695
2025-04-06,AVAX-USD,15.994715690612791
2025-04-07,AVAX-USD,16.694761276245117
2025-04-08,AVAX-USD,16.121753692626953
2025-04-09,AVAX-USD,18.44510269165039
2025-04-10,AVAX-USD,18.330242156982425
2025-04-11,AVAX-USD,19.16181945800781
2025-04-12,AVAX-USD,20.4695053100586
2025-04-13,AVAX-USD,19.586620330810547
2025-04-14,AVAX-USD,20.091869354248047
2025-04-15,AVAX-USD,19.03645896911621
2025-04-16,AVAX-USD,18.75917625427246
2025-04-17,AVAX-USD,19.038515090942383
2025-04-18,AVAX-USD,19.073871612548828
2025-04-19,AVAX-USD,19.89363670349121
2025-04-20,AVAX-USD,19.500951766967773
2025-04-21,AVAX-USD,19.92521095275879
2025-04-22,AVAX-USD,22.08037757873535
2025-04-23,AVAX-USD,22.33847045898437
2025-04-24,AVAX-USD,22.357967376708984
2025-04-25,AVAX-USD,22.18809509277344
2025-04-26,AVAX-USD,22.42249870300293
2025-04-27,AVAX-USD,21.759990692138672
2025-04-28,AVAX-USD,21.84221649169922
2025-04-29,AVAX-USD,21.550371170043945
2025-04-30,AVAX-USD,20.9094352722168
2025-05-01,AVAX-USD,21.64530372619629
2025-05-02,AVAX-USD,21.248334884643555
2025-05-03,AVAX-USD,20.548114776611328
2025-05-04,AVAX-USD,19.901275634765625
2025-05-05,AVAX-USD,19.68511199951172
2025-05-06,AVAX-USD,20.028181076049805
2025-05-07,AVAX-USD,19.529470443725582
2025-05-08,AVAX-USD,22.11012458801269
2025-05-09,AVAX-USD,23.25318145751953
2025-05-10,AVAX-USD,25.888412475585938
2025-05-11,AVAX-USD,24.7523250579834
2025-05-12,AVAX-USD,24.832002639770508
2025-05-13,AVAX-USD,25.76876640319824
2025-05-14,AVAX-USD,24.986888885498047
2025-05-15,AVAX-USD,23.43390464782715
2025-05-16,AVAX-USD,23.091123580932617
2025-05-17,AVAX-USD,22.1935977935791
2025-05-18,AVAX-USD,23.08956527709961
2025-05-19,AVAX-USD,22.27279663085937
2025-05-20,AVAX-USD,22.58325386047364
2025-05-21,AVAX-USD,23.188013076782227
2025-05-22,AVAX-USD,25.24054718017578
2025-05-23,AVAX-USD,23.029863357543945
2025-05-24,AVAX-USD,22.97772026062012
2025-05-25,AVAX-USD,23.441709518432617
2025-05-26,AVAX-USD,23.072145462036133
2025-05-27,AVAX-USD,23.37348365783692
2025-05-28,AVAX-USD,23.554271697998047
2025-05-29,AVAX-USD,22.247188568115234
2025-05-30,AVAX-USD,20.55556297302246
2025-05-31,AVAX-USD,20.80081558227539
2025-06-01,AVAX-USD,20.873411178588867
2025-06-02,AVAX-USD,21.18209648132324
2025-06-03,AVAX-USD,21.149673461914062
2025-06-04,AVAX-USD,20.1472110748291
2025-06-05,AVAX-USD,18.79662704467773
2025-06-06,AVAX-USD,19.6684627532959
2025-06-07,AVAX-USD,20.675182342529297
2025-06-08,AVAX-USD,21.055870056152344
2025-06-09,AVAX-USD,21.9520263671875
2025-06-10,AVAX-USD,22.543359756469727
2025-06-11,AVAX-USD,21.59350204467773
2025-06-12,AVAX-USD,20.35604476928711
2025-06-13,AVAX-USD,19.417818069458008
2025-06-14,AVAX-USD,18.96038246154785
2025-06-15,AVAX-USD,19.114946365356445
2025-06-16,AVAX-USD,19.078920364379883
2025-06-17,AVAX-USD,18.622413635253903
2025-06-18,AVAX-USD,18.160785675048828
2025-06-19,AVAX-USD,18.06515884399414
2025-06-20,AVAX-USD,17.368581771850586
2025-06-21,AVAX-USD,16.790212631225586
2025-06-22,AVAX-USD,16.499881744384766
2025-06-23,AVAX-USD,18.09965133666992
2025-06-24,AVAX-USD,18.2263298034668
2025-06-25,AVAX-USD,17.569374084472656
2025-06-26,AVAX-USD,17.227298736572266
2025-06-27,AVAX-USD,17.57777214050293
2025-06-28,AVAX-USD,17.98171615600586
2025-06-29,AVAX-USD,18.741649627685547
2025-06-30,AVAX-USD,17.974863052368164
2025-07-01,AVAX-USD,17.105613708496094
2025-07-02,AVAX-USD,18.5111026763916
2025-07-03,AVAX-USD,18.53913307189941
2025-07-04,AVAX-USD,17.795116424560547
2025-07-05,AVAX-USD,17.9272518157959
2025-07-06,AVAX-USD,18.2985897064209
2025-07-07,AVAX-USD,18.004047393798828
2025-07-08,AVAX-USD,18.362350463867188
2025-07-09,AVAX-USD,19.5084285736084
2025-07-10,AVAX-USD,20.68787384033203
2025-07-11,AVAX-USD,20.691051483154297
2025-07-12,AVAX-USD,20.67218399047852
2025-07-13,AVAX-USD,21.19805335998535
2025-07-14,AVAX-USD,21.281078338623047
2025-07-15,AVAX-USD,22.51393699645996
2025-07-16,AVAX-USD,22.66943359375
2025-07-17,AVAX-USD,23.859947204589844
2025-07-18,AVAX-USD,23.524816513061523
2025-07-19,AVAX-USD,24.51840591430664
2025-07-20,AVAX-USD,25.07353782653809
2025-07-21,AVAX-USD,25.453935623168945
2025-07-22,AVAX-USD,25.86503791809082
2025-07-23,AVAX-USD,23.95308494567871
2025-07-24,AVAX-USD,23.654624938964844
2025-07-25,AVAX-USD,24.0047664642334
2025-07-26,AVAX-USD,24.94505500793457
2025-07-27,AVAX-USD,25.98979949951172
2025-07-28,AVAX-USD,25.0874137878418
2025-07-29,AVAX-USD,24.35527610778809
2025-07-30,AVAX-USD,23.30423355102539
2025-07-31,AVAX-USD,22.499839782714844
2025-08-01,AVAX-USD,21.558088302612305
2025-08-02,AVAX-USD,20.869081497192383
2025-08-03,AVAX-USD,21.37859535217285
2025-08-04,AVAX-USD,23.090251922607425
2025-08-05,AVAX-USD,21.90344619750977
2025-08-06,AVAX-USD,22.230154037475582
2025-08-07,AVAX-USD,23.34622383117676
2025-08-08,AVAX-USD,23.79742813110352
2025-08-09,AVAX-USD,24.247360229492188
2025-08-10,AVAX-USD,23.863525390625
2025-08-11,AVAX-USD,22.852481842041016
2025-08-12,AVAX-USD,24.666894912719727
2025-08-13,AVAX-USD,25.53123664855957
2025-08-14,AVAX-USD,23.670026779174805
2025-08-15,AVAX-USD,23.75663375854492
2025-08-16,AVAX-USD,24.31324958801269
2025-08-17,AVAX-USD,25.075254440307617
2025-08-18,AVAX-USD,23.70053100585937
2025-08-19,AVAX-USD,22.33147048950196
2025-08-20,AVAX-USD,23.42913055419922
2025-08-21,AVAX-USD,22.77045440673828
2025-08-22,AVAX-USD,25.23882293701172
2025-08-23,AVAX-USD,26.21869468688965
2025-08-24,AVAX-USD,25.72537612915039
2025-08-25,AVAX-USD,23.379615783691406
2025-08-26,AVAX-USD,24.180391311645508
2025-08-27,AVAX-USD,24.42285919189453
2025-08-28,AVAX-USD,24.89027976989746
2025-08-29,AVAX-USD,23.575597763061523
2025-08-30,AVAX-USD,23.78620147705078
2025-08-31,AVAX-USD,23.406009674072266
2025-09-01,AVAX-USD,23.1831169128418
2025-09-02,AVAX-USD,24.452800750732425
2025-09-03,AVAX-USD,25.17866325378418
2025-09-04,AVAX-USD,24.23689079284668
2025-09-05,AVAX-USD,24.47858238220215
2025-09-06,AVAX-USD,24.382219314575195
2025-09-07,AVAX-USD,24.69254875183105
2025-09-08,AVAX-USD,25.272720336914062
2025-09-09,AVAX-USD,25.93682289123535
2025-09-10,AVAX-USD,29.42766189575196
2025-09-11,AVAX-USD,29.1755599975586
2025-09-12,AVAX-USD,28.978519439697266
2025-09-13,AVAX-USD,30.040700912475582
2025-09-14,AVAX-USD,29.49125862121582
2025-09-15,AVAX-USD,29.844894409179688
2025-09-16,AVAX-USD,30.081283569335938
2025-09-17,AVAX-USD,31.76580047607422
2025-09-18,AVAX-USD,35.23206329345703
2025-09-19,AVAX-USD,33.7672233581543
2025-09-20,AVAX-USD,33.18632888793945
2025-09-21,AVAX-USD,33.04840087890625
2025-09-22,AVAX-USD,33.729732513427734
2025-09-23,AVAX-USD,33.65406036376953
2025-09-24,AVAX-USD,32.34635925292969
2025-09-25,AVAX-USD,28.660615921020508
2025-09-26,AVAX-USD,29.10633850097656
2025-09-27,AVAX-USD,28.790525436401367
2025-09-28,AVAX-USD,30.007946014404297
2025-09-29,AVAX-USD,30.452417373657227
2025-09-30,AVAX-USD,30.00381088256836
2025-10-01,AVAX-USD,30.70465469360352
2025-10-02,AVAX-USD,31.023582458496094
2025-10-03,AVAX-USD,31.361156463623047
2025-10-04,AVAX-USD,30.14284324645996
2025-10-05,AVAX-USD,30.085981369018555
2025-10-06,AVAX-USD,30.712078094482425
2025-10-07,AVAX-USD,27.952503204345703
2025-10-08,AVAX-USD,28.81521987915039
2025-10-09,AVAX-USD,28.384201049804688
2025-10-10,AVAX-USD,20.73358154296875
2025-10-11,AVAX-USD,21.47249221801757
2025-10-12,AVAX-USD,22.583330154418945
2025-10-13,AVAX-USD,23.838850021362305
2025-10-14,AVAX-USD,22.770381927490234
2025-10-15,AVAX-USD,21.916133880615234
2025-10-16,AVAX-USD,20.959125518798828
2025-10-17,AVAX-USD,19.956615447998047
2025-10-18,AVAX-USD,20.20686149597168
2025-10-19,AVAX-USD,20.594934463500977
2025-10-20,AVAX-USD,20.35658073425293
2025-10-21,AVAX-USD,19.557653427124023
2025-10-22,AVAX-USD,19.01815414428711
2025-10-23,AVAX-USD,19.136430740356445
2025-10-24,AVAX-USD,19.494314193725582
2025-10-25,AVAX-USD,19.72544288635254
2025-10-26,AVAX-USD,20.83584785461425
2025-10-27,AVAX-USD,20.326379776000977
2025-10-28,AVAX-USD,19.493608474731445
2025-10-29,AVAX-USD,19.655668258666992
2025-10-30,AVAX-USD,18.13192367553711
2025-10-31,AVAX-USD,18.192686080932617
2025-11-01,AVAX-USD,18.695375442504883
2025-11-02,AVAX-USD,18.85947227478028
2025-11-03,AVAX-USD,16.651477813720703
2025-11-04,AVAX-USD,16.02454948425293
2025-11-05,AVAX-USD,16.648000717163086
2025-11-06,AVAX-USD,16.100040435791016
2025-11-07,AVAX-USD,17.701526641845703
2025-11-08,AVAX-USD,17.475784301757812
2025-11-09,AVAX-USD,17.776567459106445
2025-11-10,AVAX-USD,18.16765213012696
2025-11-11,AVAX-USD,17.014080047607422
2025-11-12,AVAX-USD,16.82052993774414
2025-11-13,AVAX-USD,16.161346435546875
2025-11-14,AVAX-USD,15.110730171203612
2025-11-15,AVAX-USD,15.524422645568848
2025-11-16,AVAX-USD,15.158035278320312
2025-11-17,AVAX-USD,14.500166893005373
2025-11-18,AVAX-USD,14.572903633117676
2025-11-19,AVAX-USD,14.265960693359377
2025-11-20,AVAX-USD,13.80812168121338
2025-11-21,AVAX-USD,13.302087783813477
2025-11-22,AVAX-USD,13.22754955291748
2025-11-23,AVAX-USD,13.277552604675291
2025-11-24,AVAX-USD,13.890860557556152
2025-11-25,AVAX-USD,14.169899940490724
2025-11-26,AVAX-USD,14.936302185058594
2025-11-27,AVAX-USD,15.023675918579102
2025-11-28,AVAX-USD,14.85288906097412
2025-11-29,AVAX-USD,14.244832038879396
2025-11-30,AVAX-USD,13.774581909179688
2025-12-01,AVAX-USD,12.777645111083984
2025-12-02,AVAX-USD,13.643978118896484
2025-12-03,AVAX-USD,14.813850402832031
2025-12-04,AVAX-USD,14.399070739746094
2025-12-05,AVAX-USD,13.234511375427246
2025-12-06,AVAX-USD,13.412447929382324
2025-12-07,AVAX-USD,13.455828666687012
2025-12-08,AVAX-USD,13.641190528869627
2025-12-09,AVAX-USD,14.60524559020996
2025-12-10,AVAX-USD,14.141596794128418
