date,symbol,close,lag_1,lag_7,lag_30
2022-12-11,MKR-USD,602.1458740234375,,,
2022-12-12,MKR-USD,588.908935546875,602.1458740234375,,
2022-12-13,MKR-USD,603.2882690429688,588.908935546875,,
2022-12-14,MKR-USD,606.1576538085938,603.2882690429688,,
2022-12-15,MKR-USD,590.2776489257812,606.1576538085938,,
2022-12-16,MKR-USD,540.0326538085938,590.2776489257812,,
2022-12-17,MKR-USD,553.341796875,540.0326538085938,,
2022-12-18,MKR-USD,554.1646118164062,553.341796875,602.1458740234375,
2022-12-19,MKR-USD,527.2643432617188,554.1646118164062,588.908935546875,
2022-12-20,MKR-USD,558.33984375,527.2643432617188,603.2882690429688,
2022-12-21,MKR-USD,551.1961669921875,558.33984375,606.1576538085938,
2022-12-22,MKR-USD,551.4708862304688,551.1961669921875,590.2776489257812,
2022-12-23,MKR-USD,553.7487182617188,551.4708862304688,540.0326538085938,
2022-12-24,MKR-USD,551.2184448242188,553.7487182617188,553.341796875,
2022-12-25,MKR-USD,540.2932739257812,551.2184448242188,554.1646118164062,
2022-12-26,MKR-USD,548.9324951171875,540.2932739257812,527.2643432617188,
2022-12-27,MKR-USD,541.7460327148438,548.9324951171875,558.33984375,
2022-12-28,MKR-USD,518.1635131835938,541.7460327148438,551.1961669921875,
2022-12-29,MKR-USD,520.0272827148438,518.1635131835938,551.4708862304688,
2022-12-30,MKR-USD,522.248046875,520.0272827148438,553.7487182617188,
2022-12-31,MKR-USD,510.5272216796875,522.248046875,551.2184448242188,
2023-01-01,MKR-USD,513.0187377929688,510.5272216796875,540.2932739257812,
2023-01-02,MKR-USD,511.6665649414063,513.0187377929688,548.9324951171875,
2023-01-03,MKR-USD,505.0352478027344,511.6665649414063,541.7460327148438,
2023-01-04,MKR-USD,518.8180541992188,505.0352478027344,518.1635131835938,
2023-01-05,MKR-USD,527.2825927734375,518.8180541992188,520.0272827148438,
2023-01-06,MKR-USD,539.4475708007812,527.2825927734375,522.248046875,
2023-01-07,MKR-USD,552.639892578125,539.4475708007812,510.5272216796875,
2023-01-08,MKR-USD,592.6702270507812,552.639892578125,513.0187377929688,
2023-01-09,MKR-USD,617.2991943359375,592.6702270507812,511.6665649414063,
2023-01-10,MKR-USD,631.6663208007812,617.2991943359375,505.0352478027344,602.1458740234375
2023-01-11,MKR-USD,636.578125,631.6663208007812,518.8180541992188,588.908935546875
2023-01-12,MKR-USD,652.57568359375,636.578125,527.2825927734375,603.2882690429688
2023-01-13,MKR-USD,688.4780883789062,652.57568359375,539.4475708007812,606.1576538085938
2023-01-14,MKR-USD,709.341796875,688.4780883789062,552.639892578125,590.2776489257812
2023-01-15,MKR-USD,700.1795043945312,709.341796875,592.6702270507812,540.0326538085938
2023-01-16,MKR-USD,688.28125,700.1795043945312,617.2991943359375,553.341796875
2023-01-17,MKR-USD,696.421630859375,688.28125,631.6663208007812,554.1646118164062
2023-01-18,MKR-USD,639.9946899414062,696.421630859375,636.578125,527.2643432617188
2023-01-19,MKR-USD,665.7739868164062,639.9946899414062,652.57568359375,558.33984375
2023-01-20,MKR-USD,716.1292114257812,665.7739868164062,688.4780883789062,551.1961669921875
2023-01-21,MKR-USD,699.5333862304688,716.1292114257812,709.341796875,551.4708862304688
2023-01-22,MKR-USD,709.6555786132812,699.5333862304688,700.1795043945312,553.7487182617188
2023-01-23,MKR-USD,705.3880615234375,709.6555786132812,688.28125,551.2184448242188
2023-01-24,MKR-USD,665.3157958984375,705.3880615234375,696.421630859375,540.2932739257812
2023-01-25,MKR-USD,668.8453369140625,665.3157958984375,639.9946899414062,548.9324951171875
2023-01-26,MKR-USD,658.4266967773438,668.8453369140625,665.7739868164062,541.7460327148438
2023-01-27,MKR-USD,670.915283203125,658.4266967773438,716.1292114257812,518.1635131835938
2023-01-28,MKR-USD,655.5947875976562,670.915283203125,699.5333862304688,520.0272827148438
2023-01-29,MKR-USD,675.1841430664062,655.5947875976562,709.6555786132812,522.248046875
2023-01-30,MKR-USD,634.8710327148438,675.1841430664062,705.3880615234375,510.5272216796875
2023-01-31,MKR-USD,655.2039184570312,634.8710327148438,665.3157958984375,513.0187377929688
2023-02-01,MKR-USD,668.7462768554688,655.2039184570312,668.8453369140625,511.6665649414063
2023-02-02,MKR-USD,670.57421875,668.7462768554688,658.4266967773438,505.0352478027344
2023-02-03,MKR-USD,696.2058715820312,670.57421875,670.915283203125,518.8180541992188
2023-02-04,MKR-USD,701.3508911132812,696.2058715820312,655.5947875976562,527.2825927734375
2023-02-05,MKR-USD,695.0135498046875,701.3508911132812,675.1841430664062,539.4475708007812
2023-02-06,MKR-USD,693.7000122070312,695.0135498046875,634.8710327148438,552.639892578125
2023-02-07,MKR-USD,789.4988403320312,693.7000122070312,655.2039184570312,592.6702270507812
2023-02-08,MKR-USD,781.3359375,789.4988403320312,668.7462768554688,617.2991943359375
2023-02-09,MKR-USD,709.9113159179688,781.3359375,670.57421875,631.6663208007812
2023-02-10,MKR-USD,712.9164428710938,709.9113159179688,696.2058715820312,636.578125
2023-02-11,MKR-USD,723.5496215820312,712.9164428710938,701.3508911132812,652.57568359375
2023-02-12,MKR-USD,684.7098388671875,723.5496215820312,695.0135498046875,688.4780883789062
2023-02-13,MKR-USD,770.1089477539062,684.7098388671875,693.7000122070312,709.341796875
2023-02-14,MKR-USD,740.756591796875,770.1089477539062,789.4988403320312,700.1795043945312
2023-02-15,MKR-USD,760.2007446289062,740.756591796875,781.3359375,688.28125
2023-02-16,MKR-USD,706.2236328125,760.2007446289062,709.9113159179688,696.421630859375
2023-02-17,MKR-USD,726.03759765625,706.2236328125,712.9164428710938,639.9946899414062
2023-02-18,MKR-USD,728.9971313476562,726.03759765625,723.5496215820312,665.7739868164062
2023-02-19,MKR-USD,737.3815307617188,728.9971313476562,684.7098388671875,716.1292114257812
2023-02-20,MKR-USD,770.1691284179688,737.3815307617188,770.1089477539062,699.5333862304688
2023-02-21,MKR-USD,786.9889526367188,770.1691284179688,740.756591796875,709.6555786132812
2023-02-22,MKR-USD,760.2623901367188,786.9889526367188,760.2007446289062,705.3880615234375
2023-02-23,MKR-USD,740.7547607421875,760.2623901367188,706.2236328125,665.3157958984375
2023-02-24,MKR-USD,713.2276000976562,740.7547607421875,726.03759765625,668.8453369140625
2023-02-25,MKR-USD,706.3668823242188,713.2276000976562,728.9971313476562,658.4266967773438
2023-02-26,MKR-USD,775.5320434570312,706.3668823242188,737.3815307617188,670.915283203125
2023-02-27,MKR-USD,788.4426879882812,775.5320434570312,770.1691284179688,655.5947875976562
2023-02-28,MKR-USD,791.4266357421875,788.4426879882812,786.9889526367188,675.1841430664062
2023-03-01,MKR-USD,927.9334106445312,791.4266357421875,760.2623901367188,634.8710327148438
2023-03-02,MKR-USD,883.2493286132812,927.9334106445312,740.7547607421875,655.2039184570312
2023-03-03,MKR-USD,893.4088745117188,883.2493286132812,713.2276000976562,668.7462768554688
2023-03-04,MKR-USD,858.0084838867188,893.4088745117188,706.3668823242188,670.57421875
2023-03-05,MKR-USD,948.1517944335938,858.0084838867188,775.5320434570312,696.2058715820312
2023-03-06,MKR-USD,910.7695922851562,948.1517944335938,788.4426879882812,701.3508911132812
2023-03-07,MKR-USD,922.3786010742188,910.7695922851562,791.4266357421875,695.0135498046875
2023-03-08,MKR-USD,874.7227783203125,922.3786010742188,927.9334106445312,693.7000122070312
2023-03-09,MKR-USD,810.1728515625,874.7227783203125,883.2493286132812,789.4988403320312
2023-03-10,MKR-USD,781.2390747070312,810.1728515625,893.4088745117188,781.3359375
2023-03-11,MKR-USD,728.6910400390625,781.2390747070312,858.0084838867188,709.9113159179688
2023-03-12,MKR-USD,903.781982421875,728.6910400390625,948.1517944335938,712.9164428710938
2023-03-13,MKR-USD,911.468505859375,903.781982421875,910.7695922851562,723.5496215820312
2023-03-14,MKR-USD,862.153564453125,911.468505859375,922.3786010742188,684.7098388671875
2023-03-15,MKR-USD,747.7926635742188,862.153564453125,874.7227783203125,770.1089477539062
2023-03-16,MKR-USD,707.7316284179688,747.7926635742188,810.1728515625,740.756591796875
2023-03-17,MKR-USD,729.7171630859375,707.7316284179688,781.2390747070312,760.2007446289062
2023-03-18,MKR-USD,686.1724853515625,729.7171630859375,728.6910400390625,706.2236328125
2023-03-19,MKR-USD,688.5506591796875,686.1724853515625,903.781982421875,726.03759765625
2023-03-20,MKR-USD,668.9738159179688,688.5506591796875,911.468505859375,728.9971313476562
2023-03-21,MKR-USD,692.9022216796875,668.9738159179688,862.153564453125,737.3815307617188
2023-03-22,MKR-USD,670.4651489257812,692.9022216796875,747.7926635742188,770.1691284179688
2023-03-23,MKR-USD,680.482666015625,670.4651489257812,707.7316284179688,786.9889526367188
2023-03-24,MKR-USD,672.402587890625,680.482666015625,729.7171630859375,760.2623901367188
2023-03-25,MKR-USD,666.7848510742188,672.402587890625,686.1724853515625,740.7547607421875
2023-03-26,MKR-USD,671.6508178710938,666.7848510742188,688.5506591796875,713.2276000976562
2023-03-27,MKR-USD,675.912109375,671.6508178710938,668.9738159179688,706.3668823242188
2023-03-28,MKR-USD,675.6837158203125,675.912109375,692.9022216796875,775.5320434570312
2023-03-29,MKR-USD,691.730712890625,675.6837158203125,670.4651489257812,788.4426879882812
2023-03-30,MKR-USD,675.6600341796875,691.730712890625,680.482666015625,791.4266357421875
2023-03-31,MKR-USD,686.9022827148438,675.6600341796875,672.402587890625,927.9334106445312
2023-04-01,MKR-USD,686.9337158203125,686.9022827148438,666.7848510742188,883.2493286132812
2023-04-02,MKR-USD,673.4818115234375,686.9337158203125,671.6508178710938,893.4088745117188
2023-04-03,MKR-USD,673.5184326171875,673.4818115234375,675.912109375,858.0084838867188
2023-04-04,MKR-USD,680.5634765625,673.5184326171875,675.6837158203125,948.1517944335938
2023-04-05,MKR-USD,692.920166015625,680.5634765625,691.730712890625,910.7695922851562
2023-04-06,MKR-USD,719.4263916015625,692.920166015625,675.6600341796875,922.3786010742188
2023-04-07,MKR-USD,696.15576171875,719.4263916015625,686.9022827148438,874.7227783203125
2023-04-08,MKR-USD,688.7444458007812,696.15576171875,686.9337158203125,810.1728515625
2023-04-09,MKR-USD,706.52294921875,688.7444458007812,673.4818115234375,781.2390747070312
2023-04-10,MKR-USD,725.8758544921875,706.52294921875,673.5184326171875,728.6910400390625
2023-04-11,MKR-USD,726.480224609375,725.8758544921875,680.5634765625,903.781982421875
2023-04-12,MKR-USD,726.69921875,726.480224609375,692.920166015625,911.468505859375
2023-04-13,MKR-USD,753.8428344726562,726.69921875,719.4263916015625,862.153564453125
2023-04-14,MKR-USD,773.7247924804688,753.8428344726562,696.15576171875,747.7926635742188
2023-04-15,MKR-USD,778.4561767578125,773.7247924804688,688.7444458007812,707.7316284179688
2023-04-16,MKR-USD,801.0784912109375,778.4561767578125,706.52294921875,729.7171630859375
2023-04-17,MKR-USD,780.4559326171875,801.0784912109375,725.8758544921875,686.1724853515625
2023-04-18,MKR-USD,789.7437744140625,780.4559326171875,726.480224609375,688.5506591796875
2023-04-19,MKR-USD,724.1227416992188,789.7437744140625,726.69921875,668.9738159179688
2023-04-20,MKR-USD,715.7362670898438,724.1227416992188,753.8428344726562,692.9022216796875
2023-04-21,MKR-USD,676.9913940429688,715.7362670898438,773.7247924804688,670.4651489257812
2023-04-22,MKR-USD,698.8196411132812,676.9913940429688,778.4561767578125,680.482666015625
2023-04-23,MKR-USD,688.8113403320312,698.8196411132812,801.0784912109375,672.402587890625
2023-04-24,MKR-USD,682.2557373046875,688.8113403320312,780.4559326171875,666.7848510742188
2023-04-25,MKR-USD,692.4833984375,682.2557373046875,789.7437744140625,671.6508178710938
2023-04-26,MKR-USD,689.272705078125,692.4833984375,724.1227416992188,675.912109375
2023-04-27,MKR-USD,702.824462890625,689.272705078125,715.7362670898438,675.6837158203125
2023-04-28,MKR-USD,698.9267578125,702.824462890625,676.9913940429688,691.730712890625
2023-04-29,MKR-USD,709.2792358398438,698.9267578125,698.8196411132812,675.6600341796875
2023-04-30,MKR-USD,695.3102416992188,709.2792358398438,688.8113403320312,686.9022827148438
2023-05-01,MKR-USD,702.2415161132812,695.3102416992188,682.2557373046875,686.9337158203125
2023-05-02,MKR-USD,699.9617919921875,702.2415161132812,692.4833984375,673.4818115234375
2023-05-03,MKR-USD,699.17041015625,699.9617919921875,689.272705078125,673.5184326171875
2023-05-04,MKR-USD,689.455078125,699.17041015625,702.824462890625,680.5634765625
2023-05-05,MKR-USD,725.88818359375,689.455078125,698.9267578125,692.920166015625
2023-05-06,MKR-USD,691.8599853515625,725.88818359375,709.2792358398438,719.4263916015625
2023-05-07,MKR-USD,696.7864990234375,691.8599853515625,695.3102416992188,696.15576171875
2023-05-08,MKR-USD,669.2378540039062,696.7864990234375,702.2415161132812,688.7444458007812
2023-05-09,MKR-USD,671.84521484375,669.2378540039062,699.9617919921875,706.52294921875
2023-05-10,MKR-USD,660.5401611328125,671.84521484375,699.17041015625,725.8758544921875
2023-05-11,MKR-USD,622.2581787109375,660.5401611328125,689.455078125,726.480224609375
2023-05-12,MKR-USD,638.0523071289062,622.2581787109375,725.88818359375,726.69921875
2023-05-13,MKR-USD,632.569580078125,638.0523071289062,691.8599853515625,753.8428344726562
2023-05-14,MKR-USD,626.3826904296875,632.569580078125,696.7864990234375,773.7247924804688
2023-05-15,MKR-USD,637.2470703125,626.3826904296875,669.2378540039062,778.4561767578125
2023-05-16,MKR-USD,633.170654296875,637.2470703125,671.84521484375,801.0784912109375
2023-05-17,MKR-USD,639.53662109375,633.170654296875,660.5401611328125,780.4559326171875
2023-05-18,MKR-USD,626.032958984375,639.53662109375,622.2581787109375,789.7437744140625
2023-05-19,MKR-USD,627.9513549804688,626.032958984375,638.0523071289062,724.1227416992188
2023-05-20,MKR-USD,625.5751342773438,627.9513549804688,632.569580078125,715.7362670898438
2023-05-21,MKR-USD,623.653564453125,625.5751342773438,626.3826904296875,676.9913940429688
2023-05-22,MKR-USD,629.5314331054688,623.653564453125,637.2470703125,698.8196411132812
2023-05-23,MKR-USD,633.90234375,629.5314331054688,633.170654296875,688.8113403320312
2023-05-24,MKR-USD,618.8056640625,633.90234375,639.53662109375,682.2557373046875
2023-05-25,MKR-USD,624.5523071289062,618.8056640625,626.032958984375,692.4833984375
2023-05-26,MKR-USD,624.622802734375,624.5523071289062,627.9513549804688,689.272705078125
2023-05-27,MKR-USD,633.9202270507812,624.622802734375,625.5751342773438,702.824462890625
2023-05-28,MKR-USD,648.1211547851562,633.9202270507812,623.653564453125,698.9267578125
2023-05-29,MKR-USD,637.0950927734375,648.1211547851562,629.5314331054688,709.2792358398438
2023-05-30,MKR-USD,643.5025024414062,637.0950927734375,633.90234375,695.3102416992188
2023-05-31,MKR-USD,635.565673828125,643.5025024414062,618.8056640625,702.2415161132812
2023-06-01,MKR-USD,641.6883544921875,635.565673828125,624.5523071289062,699.9617919921875
2023-06-02,MKR-USD,663.088134765625,641.6883544921875,624.622802734375,699.17041015625
2023-06-03,MKR-USD,674.0145263671875,663.088134765625,633.9202270507812,689.455078125
2023-06-04,MKR-USD,682.7871704101562,674.0145263671875,648.1211547851562,725.88818359375
2023-06-05,MKR-USD,649.071044921875,682.7871704101562,637.0950927734375,691.8599853515625
2023-06-06,MKR-USD,650.2938232421875,649.071044921875,643.5025024414062,696.7864990234375
2023-06-07,MKR-USD,623.1043090820312,650.2938232421875,635.565673828125,669.2378540039062
2023-06-08,MKR-USD,625.4022827148438,623.1043090820312,641.6883544921875,671.84521484375
2023-06-09,MKR-USD,627.4674682617188,625.4022827148438,663.088134765625,660.5401611328125
2023-06-10,MKR-USD,631.64208984375,627.4674682617188,674.0145263671875,622.2581787109375
2023-06-11,MKR-USD,616.9539794921875,631.64208984375,682.7871704101562,638.0523071289062
2023-06-12,MKR-USD,627.5817260742188,616.9539794921875,649.071044921875,632.569580078125
2023-06-13,MKR-USD,634.490478515625,627.5817260742188,650.2938232421875,626.3826904296875
2023-06-14,MKR-USD,628.2760009765625,634.490478515625,623.1043090820312,637.2470703125
2023-06-15,MKR-USD,645.2766723632812,628.2760009765625,625.4022827148438,633.170654296875
2023-06-16,MKR-USD,678.2948608398438,645.2766723632812,627.4674682617188,639.53662109375
2023-06-17,MKR-USD,668.6674194335938,678.2948608398438,631.64208984375,626.032958984375
2023-06-18,MKR-USD,671.3446044921875,668.6674194335938,616.9539794921875,627.9513549804688
2023-06-19,MKR-USD,706.2672119140625,671.3446044921875,627.5817260742188,625.5751342773438
2023-06-20,MKR-USD,728.2251586914062,706.2672119140625,634.490478515625,623.653564453125
2023-06-21,MKR-USD,753.89306640625,728.2251586914062,628.2760009765625,629.5314331054688
2023-06-22,MKR-USD,738.4319458007812,753.89306640625,645.2766723632812,633.90234375
2023-06-23,MKR-USD,727.2885131835938,738.4319458007812,678.2948608398438,618.8056640625
2023-06-24,MKR-USD,681.850341796875,727.2885131835938,668.6674194335938,624.5523071289062
2023-06-25,MKR-USD,705.4319458007812,681.850341796875,671.3446044921875,624.622802734375
2023-06-26,MKR-USD,688.5379028320312,705.4319458007812,706.2672119140625,633.9202270507812
2023-06-27,MKR-USD,689.4496459960938,688.5379028320312,728.2251586914062,648.1211547851562
2023-06-28,MKR-USD,677.08935546875,689.4496459960938,753.89306640625,637.0950927734375
2023-06-29,MKR-USD,687.5684814453125,677.08935546875,738.4319458007812,643.5025024414062
2023-06-30,MKR-USD,830.7417602539062,687.5684814453125,727.2885131835938,635.565673828125
2023-07-01,MKR-USD,842.6096801757812,830.7417602539062,681.850341796875,641.6883544921875
2023-07-02,MKR-USD,858.810546875,842.6096801757812,705.4319458007812,663.088134765625
2023-07-03,MKR-USD,978.30419921875,858.810546875,688.5379028320312,674.0145263671875
2023-07-04,MKR-USD,981.9761352539062,978.30419921875,689.4496459960938,682.7871704101562
2023-07-05,MKR-USD,917.3611450195312,981.9761352539062,677.08935546875,649.071044921875
2023-07-06,MKR-USD,968.521484375,917.3611450195312,687.5684814453125,650.2938232421875
2023-07-07,MKR-USD,939.7816162109376,968.521484375,830.7417602539062,623.1043090820312
2023-07-08,MKR-USD,932.4661254882812,939.7816162109376,842.6096801757812,625.4022827148438
2023-07-09,MKR-USD,962.68505859375,932.4661254882812,858.810546875,627.4674682617188
2023-07-10,MKR-USD,914.9892578125,962.68505859375,978.30419921875,631.64208984375
2023-07-11,MKR-USD,913.3176879882812,914.9892578125,981.9761352539062,616.9539794921875
2023-07-12,MKR-USD,907.8101196289062,913.3176879882812,917.3611450195312,627.5817260742188
2023-07-13,MKR-USD,924.531005859375,907.8101196289062,968.521484375,634.490478515625
2023-07-14,MKR-USD,868.15869140625,924.531005859375,939.7816162109376,628.2760009765625
2023-07-15,MKR-USD,889.8560180664062,868.15869140625,932.4661254882812,645.2766723632812
2023-07-16,MKR-USD,970.0057373046876,889.8560180664062,962.68505859375,678.2948608398438
2023-07-17,MKR-USD,936.622802734375,970.0057373046876,914.9892578125,668.6674194335938
2023-07-18,MKR-USD,924.593017578125,936.622802734375,913.3176879882812,671.3446044921875
2023-07-19,MKR-USD,990.1499633789062,924.593017578125,907.8101196289062,706.2672119140625
2023-07-20,MKR-USD,1032.79443359375,990.1499633789062,924.531005859375,728.2251586914062
2023-07-21,MKR-USD,1094.58984375,1032.79443359375,868.15869140625,753.89306640625
2023-07-22,MKR-USD,1110.1207275390625,1094.58984375,889.8560180664062,738.4319458007812
2023-07-23,MKR-USD,1089.7442626953125,1110.1207275390625,970.0057373046876,727.2885131835938
2023-07-24,MKR-USD,1067.6744384765625,1089.7442626953125,936.622802734375,681.850341796875
2023-07-25,MKR-USD,1139.34765625,1067.6744384765625,924.593017578125,705.4319458007812
2023-07-26,MKR-USD,1180.986328125,1139.34765625,990.1499633789062,688.5379028320312
2023-07-27,MKR-USD,1164.3546142578125,1180.986328125,1032.79443359375,689.4496459960938
2023-07-28,MKR-USD,1179.8817138671875,1164.3546142578125,1094.58984375,677.08935546875
2023-07-29,MKR-USD,1284.544921875,1179.8817138671875,1110.1207275390625,687.5684814453125
2023-07-30,MKR-USD,1249.77734375,1284.544921875,1089.7442626953125,830.7417602539062
2023-07-31,MKR-USD,1225.9825439453125,1249.77734375,1067.6744384765625,842.6096801757812
2023-08-01,MKR-USD,1338.3922119140625,1225.9825439453125,1139.34765625,858.810546875
2023-08-02,MKR-USD,1293.515380859375,1338.3922119140625,1180.986328125,978.30419921875
2023-08-03,MKR-USD,1291.0111083984375,1293.515380859375,1164.3546142578125,981.9761352539062
2023-08-04,MKR-USD,1302.618408203125,1291.0111083984375,1179.8817138671875,917.3611450195312
2023-08-05,MKR-USD,1244.3883056640625,1302.618408203125,1284.544921875,968.521484375
2023-08-06,MKR-USD,1221.453125,1244.3883056640625,1249.77734375,939.7816162109376
2023-08-07,MKR-USD,1217.708740234375,1221.453125,1225.9825439453125,932.4661254882812
2023-08-08,MKR-USD,1212.442626953125,1217.708740234375,1338.3922119140625,962.68505859375
2023-08-09,MKR-USD,1212.2203369140625,1212.442626953125,1293.515380859375,914.9892578125
2023-08-10,MKR-USD,1255.257080078125,1212.2203369140625,1291.0111083984375,913.3176879882812
2023-08-11,MKR-USD,1248.885986328125,1255.257080078125,1302.618408203125,907.8101196289062
2023-08-12,MKR-USD,1224.061279296875,1248.885986328125,1244.3883056640625,924.531005859375
2023-08-13,MKR-USD,1244.5108642578125,1224.061279296875,1221.453125,868.15869140625
2023-08-14,MKR-USD,1249.0130615234375,1244.5108642578125,1217.708740234375,889.8560180664062
2023-08-15,MKR-USD,1231.8565673828125,1249.0130615234375,1212.442626953125,970.0057373046876
2023-08-16,MKR-USD,1129.638427734375,1231.8565673828125,1212.2203369140625,936.622802734375
2023-08-17,MKR-USD,1083.2806396484375,1129.638427734375,1255.257080078125,924.593017578125
2023-08-18,MKR-USD,1071.205322265625,1083.2806396484375,1248.885986328125,990.1499633789062
2023-08-19,MKR-USD,1102.1806640625,1071.205322265625,1224.061279296875,1032.79443359375
2023-08-20,MKR-USD,1110.066650390625,1102.1806640625,1244.5108642578125,1094.58984375
2023-08-21,MKR-USD,1093.564453125,1110.066650390625,1249.0130615234375,1110.1207275390625
2023-08-22,MKR-USD,1039.565185546875,1093.564453125,1231.8565673828125,1089.7442626953125
2023-08-23,MKR-USD,1073.591552734375,1039.565185546875,1129.638427734375,1067.6744384765625
2023-08-24,MKR-USD,1031.26513671875,1073.591552734375,1083.2806396484375,1139.34765625
2023-08-25,MKR-USD,1013.16796875,1031.26513671875,1071.205322265625,1180.986328125
2023-08-26,MKR-USD,1038.81982421875,1013.16796875,1102.1806640625,1164.3546142578125
2023-08-27,MKR-USD,1073.243408203125,1038.81982421875,1110.066650390625,1179.8817138671875
2023-08-28,MKR-USD,1027.197265625,1073.243408203125,1093.564453125,1284.544921875
2023-08-29,MKR-USD,1047.0699462890625,1027.197265625,1039.565185546875,1249.77734375
2023-08-30,MKR-USD,1043.8531494140625,1047.0699462890625,1073.591552734375,1225.9825439453125
2023-08-31,MKR-USD,1156.1719970703125,1043.8531494140625,1031.26513671875,1338.3922119140625
2023-09-01,MKR-USD,1140.6971435546875,1156.1719970703125,1013.16796875,1293.515380859375
2023-09-02,MKR-USD,1139.1229248046875,1140.6971435546875,1038.81982421875,1291.0111083984375
2023-09-03,MKR-USD,1127.81689453125,1139.1229248046875,1073.243408203125,1302.618408203125
2023-09-04,MKR-USD,1117.2811279296875,1127.81689453125,1027.197265625,1244.3883056640625
2023-09-05,MKR-USD,1133.2359619140625,1117.2811279296875,1047.0699462890625,1221.453125
2023-09-06,MKR-USD,1136.42724609375,1133.2359619140625,1043.8531494140625,1217.708740234375
2023-09-07,MKR-USD,1144.74462890625,1136.42724609375,1156.1719970703125,1212.442626953125
2023-09-08,MKR-USD,1137.008056640625,1144.74462890625,1140.6971435546875,1212.2203369140625
2023-09-09,MKR-USD,1127.254638671875,1137.008056640625,1139.1229248046875,1255.257080078125
2023-09-10,MKR-USD,1116.3094482421875,1127.254638671875,1127.81689453125,1248.885986328125
2023-09-11,MKR-USD,1081.4931640625,1116.3094482421875,1117.2811279296875,1224.061279296875
2023-09-12,MKR-USD,1119.68359375,1081.4931640625,1133.2359619140625,1244.5108642578125
2023-09-13,MKR-USD,1154.9940185546875,1119.68359375,1136.42724609375,1249.0130615234375
2023-09-14,MKR-USD,1161.2161865234375,1154.9940185546875,1144.74462890625,1231.8565673828125
2023-09-15,MKR-USD,1278.8741455078125,1161.2161865234375,1137.008056640625,1129.638427734375
2023-09-16,MKR-USD,1269.780029296875,1278.8741455078125,1127.254638671875,1083.2806396484375
2023-09-17,MKR-USD,1252.8275146484375,1269.780029296875,1116.3094482421875,1071.205322265625
2023-09-18,MKR-USD,1238.59521484375,1252.8275146484375,1081.4931640625,1102.1806640625
2023-09-19,MKR-USD,1288.4940185546875,1238.59521484375,1119.68359375,1110.066650390625
2023-09-20,MKR-USD,1347.3638916015625,1288.4940185546875,1154.9940185546875,1093.564453125
2023-09-21,MKR-USD,1305.7974853515625,1347.3638916015625,1161.2161865234375,1039.565185546875
2023-09-22,MKR-USD,1273.4705810546875,1305.7974853515625,1278.8741455078125,1073.591552734375
2023-09-23,MKR-USD,1288.57470703125,1273.4705810546875,1269.780029296875,1031.26513671875
2023-09-24,MKR-USD,1272.0072021484375,1288.57470703125,1252.8275146484375,1013.16796875
2023-09-25,MKR-USD,1316.3692626953125,1272.0072021484375,1238.59521484375,1038.81982421875
2023-09-26,MKR-USD,1426.138671875,1316.3692626953125,1288.4940185546875,1073.243408203125
2023-09-27,MKR-USD,1496.2706298828125,1426.138671875,1347.3638916015625,1027.197265625
2023-09-28,MKR-USD,1513.300537109375,1496.2706298828125,1305.7974853515625,1047.0699462890625
2023-09-29,MKR-USD,1451.419921875,1513.300537109375,1273.4705810546875,1043.8531494140625
2023-09-30,MKR-USD,1533.16748046875,1451.419921875,1288.57470703125,1156.1719970703125
2023-10-01,MKR-USD,1481.0548095703125,1533.16748046875,1272.0072021484375,1140.6971435546875
2023-10-02,MKR-USD,1452.8056640625,1481.0548095703125,1316.3692626953125,1139.1229248046875
2023-10-03,MKR-USD,1424.1239013671875,1452.8056640625,1426.138671875,1127.81689453125
2023-10-04,MKR-USD,1442.0634765625,1424.1239013671875,1496.2706298828125,1117.2811279296875
2023-10-05,MKR-USD,1469.6683349609375,1442.0634765625,1513.300537109375,1133.2359619140625
2023-10-06,MKR-USD,1442.3487548828125,1469.6683349609375,1451.419921875,1136.42724609375
2023-10-07,MKR-USD,1408.0185546875,1442.3487548828125,1533.16748046875,1144.74462890625
2023-10-08,MKR-USD,1403.517333984375,1408.0185546875,1481.0548095703125,1137.008056640625
2023-10-09,MKR-USD,1375.8250732421875,1403.517333984375,1452.8056640625,1127.254638671875
2023-10-10,MKR-USD,1377.7445068359375,1375.8250732421875,1424.1239013671875,1116.3094482421875
2023-10-11,MKR-USD,1399.3125,1377.7445068359375,1442.0634765625,1081.4931640625
2023-10-12,MKR-USD,1362.76318359375,1399.3125,1469.6683349609375,1119.68359375
2023-10-13,MKR-USD,1428.9434814453125,1362.76318359375,1442.3487548828125,1154.9940185546875
2023-10-14,MKR-USD,1417.005615234375,1428.9434814453125,1408.0185546875,1161.2161865234375
2023-10-15,MKR-USD,1432.1561279296875,1417.005615234375,1403.517333984375,1278.8741455078125
2023-10-16,MKR-USD,1417.774658203125,1432.1561279296875,1375.8250732421875,1269.780029296875
2023-10-17,MKR-USD,1392.5687255859375,1417.774658203125,1377.7445068359375,1252.8275146484375
2023-10-18,MKR-USD,1379.921142578125,1392.5687255859375,1399.3125,1238.59521484375
2023-10-19,MKR-USD,1405.8963623046875,1379.921142578125,1362.76318359375,1288.4940185546875
2023-10-20,MKR-USD,1429.020751953125,1405.8963623046875,1428.9434814453125,1347.3638916015625
2023-10-21,MKR-USD,1425.6588134765625,1429.020751953125,1417.005615234375,1305.7974853515625
2023-10-22,MKR-USD,1448.02099609375,1425.6588134765625,1432.1561279296875,1273.4705810546875
2023-10-23,MKR-USD,1564.7906494140625,1448.02099609375,1417.774658203125,1288.57470703125
2023-10-24,MKR-USD,1500.7918701171875,1564.7906494140625,1392.5687255859375,1272.0072021484375
2023-10-25,MKR-USD,1431.439453125,1500.7918701171875,1379.921142578125,1316.3692626953125
2023-10-26,MKR-USD,1417.578369140625,1431.439453125,1405.8963623046875,1426.138671875
2023-10-27,MKR-USD,1390.0460205078125,1417.578369140625,1429.020751953125,1496.2706298828125
2023-10-28,MKR-USD,1441.7015380859375,1390.0460205078125,1425.6588134765625,1513.300537109375
2023-10-29,MKR-USD,1425.5767822265625,1441.7015380859375,1448.02099609375,1451.419921875
2023-10-30,MKR-USD,1394.4534912109375,1425.5767822265625,1564.7906494140625,1533.16748046875
2023-10-31,MKR-USD,1367.899658203125,1394.4534912109375,1500.7918701171875,1481.0548095703125
2023-11-01,MKR-USD,1338.4632568359375,1367.899658203125,1431.439453125,1452.8056640625
2023-11-02,MKR-USD,1307.8626708984375,1338.4632568359375,1417.578369140625,1424.1239013671875
2023-11-03,MKR-USD,1339.3514404296875,1307.8626708984375,1390.0460205078125,1442.0634765625
2023-11-04,MKR-USD,1338.5408935546875,1339.3514404296875,1441.7015380859375,1469.6683349609375
2023-11-05,MKR-USD,1328.947265625,1338.5408935546875,1425.5767822265625,1442.3487548828125
2023-11-06,MKR-USD,1333.743896484375,1328.947265625,1394.4534912109375,1408.0185546875
2023-11-07,MKR-USD,1295.2490234375,1333.743896484375,1367.899658203125,1403.517333984375
2023-11-08,MKR-USD,1316.557373046875,1295.2490234375,1338.4632568359375,1375.8250732421875
2023-11-09,MKR-USD,1371.9031982421875,1316.557373046875,1307.8626708984375,1377.7445068359375
2023-11-10,MKR-USD,1325.5950927734375,1371.9031982421875,1339.3514404296875,1399.3125
2023-11-11,MKR-USD,1287.1011962890625,1325.5950927734375,1338.5408935546875,1362.76318359375
2023-11-12,MKR-USD,1286.724365234375,1287.1011962890625,1328.947265625,1428.9434814453125
2023-11-13,MKR-USD,1383.8885498046875,1286.724365234375,1333.743896484375,1417.005615234375
2023-11-14,MKR-USD,1375.61767578125,1383.8885498046875,1295.2490234375,1432.1561279296875
2023-11-15,MKR-USD,1418.576416015625,1375.61767578125,1316.557373046875,1417.774658203125
2023-11-16,MKR-USD,1338.859619140625,1418.576416015625,1371.9031982421875,1392.5687255859375
2023-11-17,MKR-USD,1358.9879150390625,1338.859619140625,1325.5950927734375,1379.921142578125
2023-11-18,MKR-USD,1366.193603515625,1358.9879150390625,1287.1011962890625,1405.8963623046875
2023-11-19,MKR-USD,1386.848388671875,1366.193603515625,1286.724365234375,1429.020751953125
2023-11-20,MKR-USD,1406.33056640625,1386.848388671875,1383.8885498046875,1425.6588134765625
2023-11-21,MKR-USD,1380.8280029296875,1406.33056640625,1375.61767578125,1448.02099609375
2023-11-22,MKR-USD,1467.264404296875,1380.8280029296875,1418.576416015625,1564.7906494140625
2023-11-23,MKR-USD,1472.3968505859375,1467.264404296875,1338.859619140625,1500.7918701171875
2023-11-24,MKR-USD,1457.4033203125,1472.3968505859375,1358.9879150390625,1431.439453125
2023-11-25,MKR-USD,1457.854736328125,1457.4033203125,1366.193603515625,1417.578369140625
2023-11-26,MKR-USD,1488.2572021484375,1457.854736328125,1386.848388671875,1390.0460205078125
2023-11-27,MKR-USD,1477.5098876953125,1488.2572021484375,1406.33056640625,1441.7015380859375
2023-11-28,MKR-USD,1486.18994140625,1477.5098876953125,1380.8280029296875,1425.5767822265625
2023-11-29,MKR-USD,1522.1475830078125,1486.18994140625,1467.264404296875,1394.4534912109375
2023-11-30,MKR-USD,1527.369384765625,1522.1475830078125,1472.3968505859375,1367.899658203125
2023-12-01,MKR-USD,1547.3262939453125,1527.369384765625,1457.4033203125,1338.4632568359375
2023-12-02,MKR-USD,1541.4896240234375,1547.3262939453125,1457.854736328125,1307.8626708984375
2023-12-03,MKR-USD,1515.95849609375,1541.4896240234375,1488.2572021484375,1339.3514404296875
2023-12-04,MKR-USD,1485.4849853515625,1515.95849609375,1477.5098876953125,1338.5408935546875
2023-12-05,MKR-USD,1485.5909423828125,1485.4849853515625,1486.18994140625,1328.947265625
2023-12-06,MKR-USD,1426.55322265625,1485.5909423828125,1522.1475830078125,1333.743896484375
2023-12-07,MKR-USD,1449.7916259765625,1426.55322265625,1527.369384765625,1295.2490234375
2023-12-08,MKR-USD,1445.1390380859375,1449.7916259765625,1547.3262939453125,1316.557373046875
2023-12-09,MKR-USD,1430.7161865234375,1445.1390380859375,1541.4896240234375,1371.9031982421875
2023-12-10,MKR-USD,1417.314208984375,1430.7161865234375,1515.95849609375,1325.5950927734375
2023-12-11,MKR-USD,1390.9637451171875,1417.314208984375,1485.4849853515625,1287.1011962890625
2023-12-12,MKR-USD,1361.7293701171875,1390.9637451171875,1485.5909423828125,1286.724365234375
2023-12-13,MKR-USD,1365.0126953125,1361.7293701171875,1426.55322265625,1383.8885498046875
2023-12-14,MKR-USD,1362.589599609375,1365.0126953125,1449.7916259765625,1375.61767578125
2023-12-15,MKR-USD,1312.170166015625,1362.589599609375,1445.1390380859375,1418.576416015625
2023-12-16,MKR-USD,1327.4139404296875,1312.170166015625,1430.7161865234375,1338.859619140625
2023-12-17,MKR-USD,1317.6571044921875,1327.4139404296875,1417.314208984375,1358.9879150390625
2023-12-18,MKR-USD,1289.3212890625,1317.6571044921875,1390.9637451171875,1366.193603515625
2023-12-19,MKR-USD,1289.804931640625,1289.3212890625,1361.7293701171875,1386.848388671875
2023-12-20,MKR-USD,1286.2481689453125,1289.804931640625,1365.0126953125,1406.33056640625
2023-12-21,MKR-USD,1323.2076416015625,1286.2481689453125,1362.589599609375,1380.8280029296875
2023-12-22,MKR-USD,1391.582275390625,1323.2076416015625,1312.170166015625,1467.264404296875
2023-12-23,MKR-USD,1383.7200927734375,1391.582275390625,1327.4139404296875,1472.3968505859375
2023-12-24,MKR-USD,1398.3397216796875,1383.7200927734375,1317.6571044921875,1457.4033203125
2023-12-25,MKR-USD,1407.5068359375,1398.3397216796875,1289.3212890625,1457.854736328125
2023-12-26,MKR-USD,1413.9002685546875,1407.5068359375,1289.804931640625,1488.2572021484375
2023-12-27,MKR-USD,1527.1658935546875,1413.9002685546875,1286.2481689453125,1477.5098876953125
2023-12-28,MKR-USD,1561.3564453125,1527.1658935546875,1323.2076416015625,1486.18994140625
2023-12-29,MKR-USD,1542.3294677734375,1561.3564453125,1391.582275390625,1522.1475830078125
2023-12-30,MKR-USD,1599.51953125,1542.3294677734375,1383.7200927734375,1527.369384765625
2023-12-31,MKR-USD,1698.017578125,1599.51953125,1398.3397216796875,1547.3262939453125
2024-01-01,MKR-USD,1654.6424560546875,1698.017578125,1407.5068359375,1541.4896240234375
2024-01-02,MKR-USD,1834.3165283203125,1654.6424560546875,1413.9002685546875,1515.95849609375
2024-01-03,MKR-USD,1808.9049072265625,1834.3165283203125,1527.1658935546875,1485.4849853515625
2024-01-04,MKR-USD,1778.5853271484375,1808.9049072265625,1561.3564453125,1485.5909423828125
2024-01-05,MKR-USD,1739.07177734375,1778.5853271484375,1542.3294677734375,1426.55322265625
2024-01-06,MKR-USD,1700.136962890625,1739.07177734375,1599.51953125,1449.7916259765625
2024-01-07,MKR-USD,1747.7952880859375,1700.136962890625,1698.017578125,1445.1390380859375
2024-01-08,MKR-USD,1819.1207275390625,1747.7952880859375,1654.6424560546875,1430.7161865234375
2024-01-09,MKR-USD,1844.3160400390625,1819.1207275390625,1834.3165283203125,1417.314208984375
2024-01-10,MKR-USD,2037.2310791015625,1844.3160400390625,1808.9049072265625,1390.9637451171875
2024-01-11,MKR-USD,2142.585205078125,2037.2310791015625,1778.5853271484375,1361.7293701171875
2024-01-12,MKR-USD,2024.192138671875,2142.585205078125,1739.07177734375,1365.0126953125
2024-01-13,MKR-USD,2069.8994140625,2024.192138671875,1700.136962890625,1362.589599609375
2024-01-14,MKR-USD,2033.96240234375,2069.8994140625,1747.7952880859375,1312.170166015625
2024-01-15,MKR-USD,2017.7286376953125,2033.96240234375,1819.1207275390625,1327.4139404296875
2024-01-16,MKR-USD,2010.7979736328125,2017.7286376953125,1844.3160400390625,1317.6571044921875
2024-01-17,MKR-USD,1993.091552734375,2010.7979736328125,2037.2310791015625,1289.3212890625
2024-01-18,MKR-USD,1986.4534912109373,1993.091552734375,2142.585205078125,1289.804931640625
2024-01-19,MKR-USD,1963.3314208984373,1986.4534912109373,2024.192138671875,1286.2481689453125
2024-01-20,MKR-USD,1970.2037353515625,1963.3314208984373,2069.8994140625,1323.2076416015625
2024-01-21,MKR-USD,1990.29931640625,1970.2037353515625,2033.96240234375,1391.582275390625
2024-01-22,MKR-USD,1928.390380859375,1990.29931640625,2017.7286376953125,1383.7200927734375
2024-01-23,MKR-USD,1930.1973876953125,1928.390380859375,2010.7979736328125,1398.3397216796875
2024-01-24,MKR-USD,2122.90771484375,1930.1973876953125,1993.091552734375,1407.5068359375
2024-01-25,MKR-USD,2091.87353515625,2122.90771484375,1986.4534912109373,1413.9002685546875
2024-01-26,MKR-USD,2075.127685546875,2091.87353515625,1963.3314208984373,1527.1658935546875
2024-01-27,MKR-USD,2002.8035888671875,2075.127685546875,1970.2037353515625,1561.3564453125
2024-01-28,MKR-USD,1959.0283203125,2002.8035888671875,1990.29931640625,1542.3294677734375
2024-01-29,MKR-USD,1974.5030517578125,1959.0283203125,1928.390380859375,1599.51953125
2024-01-30,MKR-USD,2025.3939208984373,1974.5030517578125,1930.1973876953125,1698.017578125
2024-01-31,MKR-USD,1960.46435546875,2025.3939208984373,2122.90771484375,1654.6424560546875
2024-02-01,MKR-USD,1995.052001953125,1960.46435546875,2091.87353515625,1834.3165283203125
2024-02-02,MKR-USD,1980.579345703125,1995.052001953125,2075.127685546875,1808.9049072265625
2024-02-03,MKR-USD,2004.931640625,1980.579345703125,2002.8035888671875,1778.5853271484375
2024-02-04,MKR-USD,1993.4453125,2004.931640625,1959.0283203125,1739.07177734375
2024-02-05,MKR-USD,1948.566162109375,1993.4453125,1974.5030517578125,1700.136962890625
2024-02-06,MKR-USD,1951.7496337890625,1948.566162109375,2025.3939208984373,1747.7952880859375
2024-02-07,MKR-USD,1947.826904296875,1951.7496337890625,1960.46435546875,1819.1207275390625
2024-02-08,MKR-USD,1939.61865234375,1947.826904296875,1995.052001953125,1844.3160400390625
2024-02-09,MKR-USD,1969.1046142578125,1939.61865234375,1980.579345703125,2037.2310791015625
2024-02-10,MKR-USD,2006.3892822265625,1969.1046142578125,2004.931640625,2142.585205078125
2024-02-11,MKR-USD,2026.72216796875,2006.3892822265625,1993.4453125,2024.192138671875
2024-02-12,MKR-USD,2075.489501953125,2026.72216796875,1948.566162109375,2069.8994140625
2024-02-13,MKR-USD,2055.587890625,2075.489501953125,1951.7496337890625,2033.96240234375
2024-02-14,MKR-USD,2090.31689453125,2055.587890625,1947.826904296875,2017.7286376953125
2024-02-15,MKR-USD,2096.682861328125,2090.31689453125,1939.61865234375,2010.7979736328125
2024-02-16,MKR-USD,2082.177001953125,2096.682861328125,1969.1046142578125,1993.091552734375
2024-02-17,MKR-USD,2130.831298828125,2082.177001953125,2006.3892822265625,1986.4534912109373
2024-02-18,MKR-USD,2172.986328125,2130.831298828125,2026.72216796875,1963.3314208984373
2024-02-19,MKR-USD,2157.75830078125,2172.986328125,2075.489501953125,1970.2037353515625
2024-02-20,MKR-USD,2129.99462890625,2157.75830078125,2055.587890625,1990.29931640625
2024-02-21,MKR-USD,2051.76806640625,2129.99462890625,2090.31689453125,1928.390380859375
2024-02-22,MKR-USD,2023.6612548828125,2051.76806640625,2096.682861328125,1930.1973876953125
2024-02-23,MKR-USD,1986.624267578125,2023.6612548828125,2082.177001953125,2122.90771484375
2024-02-24,MKR-USD,2042.15283203125,1986.624267578125,2130.831298828125,2091.87353515625
2024-02-25,MKR-USD,2050.569580078125,2042.15283203125,2172.986328125,2075.127685546875
2024-02-26,MKR-USD,2104.26953125,2050.569580078125,2157.75830078125,2002.8035888671875
2024-02-27,MKR-USD,2154.8369140625,2104.26953125,2129.99462890625,1959.0283203125
2024-02-28,MKR-USD,2176.26953125,2154.8369140625,2051.76806640625,1974.5030517578125
2024-02-29,MKR-USD,2093.419677734375,2176.26953125,2023.6612548828125,2025.3939208984373
2024-03-01,MKR-USD,2107.82568359375,2093.419677734375,1986.624267578125,1960.46435546875
2024-03-02,MKR-USD,2140.00146484375,2107.82568359375,2042.15283203125,1995.052001953125
2024-03-03,MKR-USD,2094.095458984375,2140.00146484375,2050.569580078125,1980.579345703125
2024-03-04,MKR-USD,2097.055908203125,2094.095458984375,2104.26953125,2004.931640625
2024-03-05,MKR-USD,1998.6162109375,2097.055908203125,2154.8369140625,1993.4453125
2024-03-06,MKR-USD,2082.189453125,1998.6162109375,2176.26953125,1948.566162109375
2024-03-07,MKR-USD,2103.202880859375,2082.189453125,2093.419677734375,1951.7496337890625
2024-03-08,MKR-USD,2092.292724609375,2103.202880859375,2107.82568359375,1947.826904296875
2024-03-09,MKR-USD,2422.080322265625,2092.292724609375,2140.00146484375,1939.61865234375
2024-03-10,MKR-USD,2823.918212890625,2422.080322265625,2094.095458984375,1969.1046142578125
2024-03-11,MKR-USD,2605.048583984375,2823.918212890625,2097.055908203125,2006.3892822265625
2024-03-12,MKR-USD,2632.231201171875,2605.048583984375,1998.6162109375,2026.72216796875
2024-03-13,MKR-USD,2896.251708984375,2632.231201171875,2082.189453125,2075.489501953125
2024-03-14,MKR-USD,2902.377197265625,2896.251708984375,2103.202880859375,2055.587890625
2024-03-15,MKR-USD,2821.58935546875,2902.377197265625,2092.292724609375,2090.31689453125
2024-03-16,MKR-USD,2845.1748046875,2821.58935546875,2422.080322265625,2096.682861328125
2024-03-17,MKR-USD,3280.3056640625,2845.1748046875,2823.918212890625,2082.177001953125
2024-03-18,MKR-USD,3049.97216796875,3280.3056640625,2605.048583984375,2130.831298828125
2024-03-19,MKR-USD,2780.041259765625,3049.97216796875,2632.231201171875,2172.986328125
2024-03-20,MKR-USD,3042.097900390625,2780.041259765625,2896.251708984375,2157.75830078125
2024-03-21,MKR-USD,3379.858642578125,3042.097900390625,2902.377197265625,2129.99462890625
2024-03-22,MKR-USD,3123.893310546875,3379.858642578125,2821.58935546875,2051.76806640625
2024-03-23,MKR-USD,3052.82470703125,3123.893310546875,2845.1748046875,2023.6612548828125
2024-03-24,MKR-USD,3154.928955078125,3052.82470703125,3280.3056640625,1986.624267578125
2024-03-25,MKR-USD,3296.4052734375,3154.928955078125,3049.97216796875,2042.15283203125
2024-03-26,MKR-USD,3216.686279296875,3296.4052734375,2780.041259765625,2050.569580078125
2024-03-27,MKR-USD,3291.867431640625,3216.686279296875,3042.097900390625,2104.26953125
2024-03-28,MKR-USD,3632.307373046875,3291.867431640625,3379.858642578125,2154.8369140625
2024-03-29,MKR-USD,3668.589111328125,3632.307373046875,3123.893310546875,2176.26953125
2024-03-30,MKR-USD,3750.667724609375,3668.589111328125,3052.82470703125,2093.419677734375
2024-03-31,MKR-USD,3934.06396484375,3750.667724609375,3154.928955078125,2107.82568359375
2024-04-01,MKR-USD,3749.494873046875,3934.06396484375,3296.4052734375,2140.00146484375
2024-04-02,MKR-USD,3751.9931640625,3749.494873046875,3216.686279296875,2094.095458984375
2024-04-03,MKR-USD,3801.458740234375,3751.9931640625,3291.867431640625,2097.055908203125
2024-04-04,MKR-USD,3958.494140625,3801.458740234375,3632.307373046875,1998.6162109375
2024-04-05,MKR-USD,3682.49951171875,3958.494140625,3668.589111328125,2082.189453125
2024-04-06,MKR-USD,3707.854736328125,3682.49951171875,3750.667724609375,2103.202880859375
2024-04-07,MKR-USD,3637.387939453125,3707.854736328125,3934.06396484375,2092.292724609375
2024-04-08,MKR-USD,3737.759033203125,3637.387939453125,3749.494873046875,2422.080322265625
2024-04-09,MKR-USD,3394.293212890625,3737.759033203125,3751.9931640625,2823.918212890625
2024-04-10,MKR-USD,3338.572998046875,3394.293212890625,3801.458740234375,2605.048583984375
2024-04-11,MKR-USD,3361.753173828125,3338.572998046875,3958.494140625,2632.231201171875
2024-04-12,MKR-USD,2944.10205078125,3361.753173828125,3682.49951171875,2896.251708984375
2024-04-13,MKR-USD,2799.50390625,2944.10205078125,3707.854736328125,2902.377197265625
2024-04-14,MKR-USD,3042.549560546875,2799.50390625,3637.387939453125,2821.58935546875
2024-04-15,MKR-USD,3076.67822265625,3042.549560546875,3737.759033203125,2845.1748046875
2024-04-16,MKR-USD,3260.7470703125,3076.67822265625,3394.293212890625,3280.3056640625
2024-04-17,MKR-USD,3144.3359375,3260.7470703125,3338.572998046875,3049.97216796875
2024-04-18,MKR-USD,2999.39306640625,3144.3359375,3361.753173828125,2780.041259765625
2024-04-19,MKR-USD,2954.861328125,2999.39306640625,2944.10205078125,3042.097900390625
2024-04-20,MKR-USD,3117.80908203125,2954.861328125,2799.50390625,3379.858642578125
2024-04-21,MKR-USD,3006.63037109375,3117.80908203125,3042.549560546875,3123.893310546875
2024-04-22,MKR-USD,2898.150390625,3006.63037109375,3076.67822265625,3052.82470703125
2024-04-23,MKR-USD,2921.677490234375,2898.150390625,3260.7470703125,3154.928955078125
2024-04-24,MKR-USD,2872.32958984375,2921.677490234375,3144.3359375,3296.4052734375
2024-04-25,MKR-USD,2855.673095703125,2872.32958984375,2999.39306640625,3216.686279296875
2024-04-26,MKR-USD,2870.59765625,2855.673095703125,2954.861328125,3291.867431640625
2024-04-27,MKR-USD,2987.546142578125,2870.59765625,3117.80908203125,3632.307373046875
2024-04-28,MKR-USD,3070.862548828125,2987.546142578125,3006.63037109375,3668.589111328125
2024-04-29,MKR-USD,2839.61962890625,3070.862548828125,2898.150390625,3750.667724609375
2024-04-30,MKR-USD,2665.730712890625,2839.61962890625,2921.677490234375,3934.06396484375
2024-05-01,MKR-USD,2723.25732421875,2665.730712890625,2872.32958984375,3749.494873046875
2024-05-02,MKR-USD,2768.51513671875,2723.25732421875,2855.673095703125,3751.9931640625
2024-05-03,MKR-USD,2961.005615234375,2768.51513671875,2870.59765625,3801.458740234375
2024-05-04,MKR-USD,2871.4580078125,2961.005615234375,2987.546142578125,3958.494140625
2024-05-05,MKR-USD,2913.607177734375,2871.4580078125,3070.862548828125,3682.49951171875
2024-05-06,MKR-USD,2783.91259765625,2913.607177734375,2839.61962890625,3707.854736328125
2024-05-07,MKR-USD,2810.3271484375,2783.91259765625,2665.730712890625,3637.387939453125
2024-05-08,MKR-USD,2694.88134765625,2810.3271484375,2723.25732421875,3737.759033203125
2024-05-09,MKR-USD,2748.848876953125,2694.88134765625,2768.51513671875,3394.293212890625
2024-05-10,MKR-USD,2673.43115234375,2748.848876953125,2961.005615234375,3338.572998046875
2024-05-11,MKR-USD,2699.083984375,2673.43115234375,2871.4580078125,3361.753173828125
2024-05-12,MKR-USD,2692.64697265625,2699.083984375,2913.607177734375,2944.10205078125
2024-05-13,MKR-USD,2682.348388671875,2692.64697265625,2783.91259765625,2799.50390625
2024-05-14,MKR-USD,2677.490478515625,2682.348388671875,2810.3271484375,3042.549560546875
2024-05-15,MKR-USD,2812.268798828125,2677.490478515625,2694.88134765625,3076.67822265625
2024-05-16,MKR-USD,2693.308837890625,2812.268798828125,2748.848876953125,3260.7470703125
2024-05-17,MKR-USD,2786.073486328125,2693.308837890625,2673.43115234375,3144.3359375
2024-05-18,MKR-USD,2826.45654296875,2786.073486328125,2699.083984375,2999.39306640625
2024-05-19,MKR-USD,2775.1669921875,2826.45654296875,2692.64697265625,2954.861328125
2024-05-20,MKR-USD,3163.939697265625,2775.1669921875,2682.348388671875,3117.80908203125
2024-05-21,MKR-USD,3062.7939453125,3163.939697265625,2677.490478515625,3006.63037109375
2024-05-22,MKR-USD,2939.115966796875,3062.7939453125,2812.268798828125,2898.150390625
2024-05-23,MKR-USD,2832.802001953125,2939.115966796875,2693.308837890625,2921.677490234375
2024-05-24,MKR-USD,2750.351806640625,2832.802001953125,2786.073486328125,2872.32958984375
2024-05-25,MKR-USD,2796.37548828125,2750.351806640625,2826.45654296875,2855.673095703125
2024-05-26,MKR-USD,2833.00927734375,2796.37548828125,2775.1669921875,2870.59765625
2024-05-27,MKR-USD,2765.241943359375,2833.00927734375,3163.939697265625,2987.546142578125
2024-05-28,MKR-USD,2714.38818359375,2765.241943359375,3062.7939453125,3070.862548828125
2024-05-29,MKR-USD,2685.037353515625,2714.38818359375,2939.115966796875,2839.61962890625
2024-05-30,MKR-USD,2703.03076171875,2685.037353515625,2832.802001953125,2665.730712890625
2024-05-31,MKR-USD,2721.9228515625,2703.03076171875,2750.351806640625,2723.25732421875
2024-06-01,MKR-USD,2677.092041015625,2721.9228515625,2796.37548828125,2768.51513671875
2024-06-02,MKR-USD,2641.82421875,2677.092041015625,2833.00927734375,2961.005615234375
2024-06-03,MKR-USD,2576.9091796875,2641.82421875,2765.241943359375,2871.4580078125
2024-06-04,MKR-USD,2633.717041015625,2576.9091796875,2714.38818359375,2913.607177734375
2024-06-05,MKR-USD,2679.56396484375,2633.717041015625,2685.037353515625,2783.91259765625
2024-06-06,MKR-USD,2619.155029296875,2679.56396484375,2703.03076171875,2810.3271484375
2024-06-07,MKR-USD,2503.301025390625,2619.155029296875,2721.9228515625,2694.88134765625
2024-06-08,MKR-USD,2426.885009765625,2503.301025390625,2677.092041015625,2748.848876953125
2024-06-09,MKR-USD,2489.131103515625,2426.885009765625,2641.82421875,2673.43115234375
2024-06-10,MKR-USD,2399.475341796875,2489.131103515625,2576.9091796875,2699.083984375
2024-06-11,MKR-USD,2264.59716796875,2399.475341796875,2633.717041015625,2692.64697265625
2024-06-12,MKR-USD,2305.63720703125,2264.59716796875,2679.56396484375,2682.348388671875
2024-06-13,MKR-USD,2247.4736328125,2305.63720703125,2619.155029296875,2677.490478515625
2024-06-14,MKR-USD,2275.02392578125,2247.4736328125,2503.301025390625,2812.268798828125
2024-06-15,MKR-USD,2308.560546875,2275.02392578125,2426.885009765625,2693.308837890625
2024-06-16,MKR-USD,2429.468505859375,2308.560546875,2489.131103515625,2786.073486328125
2024-06-17,MKR-USD,2296.222412109375,2429.468505859375,2399.475341796875,2826.45654296875
2024-06-18,MKR-USD,2226.86376953125,2296.222412109375,2264.59716796875,2775.1669921875
2024-06-19,MKR-USD,2474.157470703125,2226.86376953125,2305.63720703125,3163.939697265625
2024-06-20,MKR-USD,2483.266845703125,2474.157470703125,2247.4736328125,3062.7939453125
2024-06-21,MKR-USD,2481.748046875,2483.266845703125,2275.02392578125,2939.115966796875
2024-06-22,MKR-USD,2357.272705078125,2481.748046875,2308.560546875,2832.802001953125
2024-06-23,MKR-USD,2254.920166015625,2357.272705078125,2429.468505859375,2750.351806640625
2024-06-24,MKR-USD,2195.870361328125,2254.920166015625,2296.222412109375,2796.37548828125
2024-06-25,MKR-USD,2364.438720703125,2195.870361328125,2226.86376953125,2833.00927734375
2024-06-26,MKR-USD,2452.5595703125,2364.438720703125,2474.157470703125,2765.241943359375
2024-06-27,MKR-USD,2599.239501953125,2452.5595703125,2483.266845703125,2714.38818359375
2024-06-28,MKR-USD,2516.40625,2599.239501953125,2481.748046875,2685.037353515625
2024-06-29,MKR-USD,2432.0498046875,2516.40625,2357.272705078125,2703.03076171875
2024-06-30,MKR-USD,2533.204833984375,2432.0498046875,2254.920166015625,2721.9228515625
2024-07-01,MKR-USD,2564.81591796875,2533.204833984375,2195.870361328125,2677.092041015625
2024-07-02,MKR-USD,2558.911376953125,2564.81591796875,2364.438720703125,2641.82421875
2024-07-03,MKR-USD,2315.775390625,2558.911376953125,2452.5595703125,2576.9091796875
2024-07-04,MKR-USD,2226.014892578125,2315.775390625,2599.239501953125,2633.717041015625
2024-07-05,MKR-USD,2225.90478515625,2226.014892578125,2516.40625,2679.56396484375
2024-07-06,MKR-USD,2351.195556640625,2225.90478515625,2432.0498046875,2619.155029296875
2024-07-07,MKR-USD,2119.076416015625,2351.195556640625,2533.204833984375,2503.301025390625
2024-07-08,MKR-USD,2199.908935546875,2119.076416015625,2564.81591796875,2426.885009765625
2024-07-09,MKR-USD,2298.227783203125,2199.908935546875,2558.911376953125,2489.131103515625
2024-07-10,MKR-USD,2295.5419921875,2298.227783203125,2315.775390625,2399.475341796875
2024-07-11,MKR-USD,2379.89501953125,2295.5419921875,2226.014892578125,2264.59716796875
2024-07-12,MKR-USD,2518.032470703125,2379.89501953125,2225.90478515625,2305.63720703125
2024-07-13,MKR-USD,2709.529541015625,2518.032470703125,2351.195556640625,2247.4736328125
2024-07-14,MKR-USD,2782.2177734375,2709.529541015625,2119.076416015625,2275.02392578125
2024-07-15,MKR-USD,2923.361328125,2782.2177734375,2199.908935546875,2308.560546875
2024-07-16,MKR-USD,3040.4736328125,2923.361328125,2298.227783203125,2429.468505859375
2024-07-17,MKR-USD,2861.43212890625,3040.4736328125,2295.5419921875,2296.222412109375
2024-07-18,MKR-USD,2817.205810546875,2861.43212890625,2379.89501953125,2226.86376953125
2024-07-19,MKR-USD,2839.811279296875,2817.205810546875,2518.032470703125,2474.157470703125
2024-07-20,MKR-USD,2812.579345703125,2839.811279296875,2709.529541015625,2483.266845703125
2024-07-21,MKR-USD,2888.654541015625,2812.579345703125,2782.2177734375,2481.748046875
2024-07-22,MKR-USD,2693.2509765625,2888.654541015625,2923.361328125,2357.272705078125
2024-07-23,MKR-USD,2820.2431640625,2693.2509765625,3040.4736328125,2254.920166015625
2024-07-24,MKR-USD,2707.890869140625,2820.2431640625,2861.43212890625,2195.870361328125
2024-07-25,MKR-USD,2644.650146484375,2707.890869140625,2817.205810546875,2364.438720703125
2024-07-26,MKR-USD,2652.813232421875,2644.650146484375,2839.811279296875,2452.5595703125
2024-07-27,MKR-USD,2651.56884765625,2652.813232421875,2812.579345703125,2599.239501953125
2024-07-28,MKR-USD,2635.9921875,2651.56884765625,2888.654541015625,2516.40625
2024-07-29,MKR-USD,2818.317138671875,2635.9921875,2693.2509765625,2432.0498046875
2024-07-30,MKR-USD,2777.66455078125,2818.317138671875,2820.2431640625,2533.204833984375
2024-07-31,MKR-USD,2805.01513671875,2777.66455078125,2707.890869140625,2564.81591796875
2024-08-01,MKR-USD,2742.944091796875,2805.01513671875,2644.650146484375,2558.911376953125
2024-08-02,MKR-USD,2429.375244140625,2742.944091796875,2652.813232421875,2315.775390625
2024-08-03,MKR-USD,2315.400146484375,2429.375244140625,2651.56884765625,2226.014892578125
2024-08-04,MKR-USD,2170.367919921875,2315.400146484375,2635.9921875,2225.90478515625
2024-08-05,MKR-USD,1904.9798583984373,2170.367919921875,2818.317138671875,2351.195556640625
2024-08-06,MKR-USD,1863.266845703125,1904.9798583984373,2777.66455078125,2119.076416015625
2024-08-07,MKR-USD,1793.0045166015625,1863.266845703125,2805.01513671875,2199.908935546875
2024-08-08,MKR-USD,2054.48095703125,1793.0045166015625,2742.944091796875,2298.227783203125
2024-08-09,MKR-USD,2008.24951171875,2054.48095703125,2429.375244140625,2295.5419921875
2024-08-10,MKR-USD,1971.81640625,2008.24951171875,2315.400146484375,2379.89501953125
2024-08-11,MKR-USD,1887.3497314453125,1971.81640625,2170.367919921875,2518.032470703125
2024-08-12,MKR-USD,2016.778076171875,1887.3497314453125,1904.9798583984373,2709.529541015625
2024-08-13,MKR-USD,2137.810791015625,2016.778076171875,1863.266845703125,2782.2177734375
2024-08-14,MKR-USD,2059.36181640625,2137.810791015625,1793.0045166015625,2923.361328125
2024-08-15,MKR-USD,1962.2452392578125,2059.36181640625,2054.48095703125,3040.4736328125
2024-08-16,MKR-USD,1977.530517578125,1962.2452392578125,2008.24951171875,2861.43212890625
2024-08-17,MKR-USD,1953.488525390625,1977.530517578125,1971.81640625,2817.205810546875
2024-08-18,MKR-USD,1936.262451171875,1953.488525390625,1887.3497314453125,2839.811279296875
2024-08-19,MKR-USD,1959.7005615234373,1936.262451171875,2016.778076171875,2812.579345703125
2024-08-20,MKR-USD,1939.5499267578125,1959.7005615234373,2137.810791015625,2888.654541015625
2024-08-21,MKR-USD,2035.6925048828125,1939.5499267578125,2059.36181640625,2693.2509765625
2024-08-22,MKR-USD,2025.138916015625,2035.6925048828125,1962.2452392578125,2820.2431640625
2024-08-23,MKR-USD,2175.0498046875,2025.138916015625,1977.530517578125,2707.890869140625
2024-08-24,MKR-USD,2135.2421875,2175.0498046875,1953.488525390625,2644.650146484375
2024-08-25,MKR-USD,2133.53564453125,2135.2421875,1936.262451171875,2652.813232421875
2024-08-26,MKR-USD,2083.650634765625,2133.53564453125,1959.7005615234373,2651.56884765625
2024-08-27,MKR-USD,1968.2374267578125,2083.650634765625,1939.5499267578125,2635.9921875
2024-08-28,MKR-USD,1818.74609375,1968.2374267578125,2035.6925048828125,2818.317138671875
2024-08-29,MKR-USD,1778.558349609375,1818.74609375,2025.138916015625,2777.66455078125
2024-08-30,MKR-USD,1769.0838623046875,1778.558349609375,2175.0498046875,2805.01513671875
2024-08-31,MKR-USD,1756.3134765625,1769.0838623046875,2135.2421875,2742.944091796875
2024-09-01,MKR-USD,1688.2152099609375,1756.3134765625,2133.53564453125,2429.375244140625
2024-09-02,MKR-USD,1757.7462158203125,1688.2152099609375,2083.650634765625,2315.400146484375
2024-09-03,MKR-USD,1679.0030517578125,1757.7462158203125,1968.2374267578125,2170.367919921875
2024-09-04,MKR-USD,1672.8851318359375,1679.0030517578125,1818.74609375,1904.9798583984373
2024-09-05,MKR-USD,1626.839599609375,1672.8851318359375,1778.558349609375,1863.266845703125
2024-09-06,MKR-USD,1529.70068359375,1626.839599609375,1769.0838623046875,1793.0045166015625
2024-09-07,MKR-USD,1540.5546875,1529.70068359375,1756.3134765625,2054.48095703125
2024-09-08,MKR-USD,1540.2138671875,1540.5546875,1688.2152099609375,2008.24951171875
2024-09-09,MKR-USD,1610.4000244140625,1540.2138671875,1757.7462158203125,1971.81640625
2024-09-10,MKR-USD,1608.1282958984375,1610.4000244140625,1679.0030517578125,1887.3497314453125
2024-09-11,MKR-USD,1595.514892578125,1608.1282958984375,1672.8851318359375,2016.778076171875
2024-09-12,MKR-USD,1621.81103515625,1595.514892578125,1626.839599609375,2137.810791015625
2024-09-13,MKR-USD,1634.7149658203125,1621.81103515625,1529.70068359375,2059.36181640625
2024-09-14,MKR-USD,1603.5986328125,1634.7149658203125,1540.5546875,1962.2452392578125
2024-09-15,MKR-USD,1539.7894287109375,1603.5986328125,1540.2138671875,1977.530517578125
2024-09-16,MKR-USD,1522.0601806640625,1539.7894287109375,1610.4000244140625,1953.488525390625
2024-09-17,MKR-USD,1499.702880859375,1522.0601806640625,1608.1282958984375,1936.262451171875
2024-09-18,MKR-USD,1512.693359375,1499.702880859375,1595.514892578125,1959.7005615234373
2024-09-19,MKR-USD,1523.4945068359375,1512.693359375,1621.81103515625,1939.5499267578125
2024-09-20,MKR-USD,1517.7880859375,1523.4945068359375,1634.7149658203125,2035.6925048828125
2024-09-21,MKR-USD,1584.492431640625,1517.7880859375,1603.5986328125,2025.138916015625
2024-09-22,MKR-USD,1582.6591796875,1584.492431640625,1539.7894287109375,2175.0498046875
2024-09-23,MKR-USD,1634.1005859375,1582.6591796875,1522.0601806640625,2135.2421875
2024-09-24,MKR-USD,1593.9521484375,1634.1005859375,1499.702880859375,2133.53564453125
2024-09-25,MKR-USD,1549.9759521484375,1593.9521484375,1512.693359375,2083.650634765625
2024-09-26,MKR-USD,1606.0469970703125,1549.9759521484375,1523.4945068359375,1968.2374267578125
2024-09-27,MKR-USD,1706.8150634765625,1606.0469970703125,1517.7880859375,1818.74609375
2024-09-28,MKR-USD,1688.2890625,1706.8150634765625,1584.492431640625,1778.558349609375
2024-09-29,MKR-USD,1662.927978515625,1688.2890625,1582.6591796875,1769.0838623046875
2024-09-30,MKR-USD,1569.8504638671875,1662.927978515625,1634.1005859375,1756.3134765625
2024-10-01,MKR-USD,1487.0166015625,1569.8504638671875,1593.9521484375,1688.2152099609375
2024-10-02,MKR-USD,1454.367431640625,1487.0166015625,1549.9759521484375,1757.7462158203125
2024-10-03,MKR-USD,1433.379638671875,1454.367431640625,1606.0469970703125,1679.0030517578125
2024-10-04,MKR-USD,1459.8916015625,1433.379638671875,1706.8150634765625,1672.8851318359375
2024-10-05,MKR-USD,1455.77587890625,1459.8916015625,1688.2890625,1626.839599609375
2024-10-06,MKR-USD,1452.64404296875,1455.77587890625,1662.927978515625,1529.70068359375
2024-10-07,MKR-USD,1400.4498291015625,1452.64404296875,1569.8504638671875,1540.5546875
2024-10-08,MKR-USD,1409.4453125,1400.4498291015625,1487.0166015625,1540.2138671875
2024-10-09,MKR-USD,1351.449462890625,1409.4453125,1454.367431640625,1610.4000244140625
2024-10-10,MKR-USD,1352.531005859375,1351.449462890625,1433.379638671875,1608.1282958984375
2024-10-11,MKR-USD,1365.6807861328125,1352.531005859375,1459.8916015625,1595.514892578125
2024-10-12,MKR-USD,1356.772705078125,1365.6807861328125,1455.77587890625,1621.81103515625
2024-10-13,MKR-USD,1327.2989501953125,1356.772705078125,1452.64404296875,1634.7149658203125
2024-10-14,MKR-USD,1393.5418701171875,1327.2989501953125,1400.4498291015625,1603.5986328125
2024-10-15,MKR-USD,1323.950439453125,1393.5418701171875,1409.4453125,1539.7894287109375
2024-10-16,MKR-USD,1279.6165771484375,1323.950439453125,1351.449462890625,1522.0601806640625
2024-10-17,MKR-USD,1200.858154296875,1279.6165771484375,1352.531005859375,1499.702880859375
2024-10-18,MKR-USD,1205.6697998046875,1200.858154296875,1365.6807861328125,1512.693359375
2024-10-19,MKR-USD,1215.7032470703125,1205.6697998046875,1356.772705078125,1523.4945068359375
2024-10-20,MKR-USD,1228.820068359375,1215.7032470703125,1327.2989501953125,1517.7880859375
2024-10-21,MKR-USD,1184.046875,1228.820068359375,1393.5418701171875,1584.492431640625
2024-10-22,MKR-USD,1213.4171142578125,1184.046875,1323.950439453125,1582.6591796875
2024-10-23,MKR-USD,1159.9188232421875,1213.4171142578125,1279.6165771484375,1634.1005859375
2024-10-24,MKR-USD,1135.864990234375,1159.9188232421875,1200.858154296875,1593.9521484375
2024-10-25,MKR-USD,1056.8388671875,1135.864990234375,1205.6697998046875,1549.9759521484375
2024-10-26,MKR-USD,1101.823486328125,1056.8388671875,1215.7032470703125,1606.0469970703125
2024-10-27,MKR-USD,1102.5833740234375,1101.823486328125,1228.820068359375,1706.8150634765625
2024-10-28,MKR-USD,1116.8516845703125,1102.5833740234375,1184.046875,1688.2890625
2024-10-29,MKR-USD,1152.6004638671875,1116.8516845703125,1213.4171142578125,1662.927978515625
2024-10-30,MKR-USD,1246.7841796875,1152.6004638671875,1159.9188232421875,1569.8504638671875
2024-10-31,MKR-USD,1268.9512939453125,1246.7841796875,1135.864990234375,1487.0166015625
2024-11-01,MKR-USD,1264.92138671875,1268.9512939453125,1056.8388671875,1454.367431640625
2024-11-02,MKR-USD,1210.0478515625,1264.92138671875,1101.823486328125,1433.379638671875
2024-11-03,MKR-USD,1176.23291015625,1210.0478515625,1102.5833740234375,1459.8916015625
2024-11-04,MKR-USD,1146.5643310546875,1176.23291015625,1116.8516845703125,1455.77587890625
2024-11-05,MKR-USD,1121.1424560546875,1146.5643310546875,1152.6004638671875,1452.64404296875
2024-11-06,MKR-USD,1384.4715576171875,1121.1424560546875,1246.7841796875,1400.4498291015625
2024-11-07,MKR-USD,1506.951416015625,1384.4715576171875,1268.9512939453125,1409.4453125
2024-11-08,MKR-USD,1482.63037109375,1506.951416015625,1264.92138671875,1351.449462890625
2024-11-09,MKR-USD,1492.5562744140625,1482.63037109375,1210.0478515625,1352.531005859375
2024-11-10,MKR-USD,1471.7655029296875,1492.5562744140625,1176.23291015625,1365.6807861328125
2024-11-11,MKR-USD,1537.2506103515625,1471.7655029296875,1146.5643310546875,1356.772705078125
2024-11-12,MKR-USD,1522.2216796875,1537.2506103515625,1121.1424560546875,1327.2989501953125
2024-11-13,MKR-USD,1487.746337890625,1522.2216796875,1384.4715576171875,1393.5418701171875
2024-11-14,MKR-USD,1417.7210693359375,1487.746337890625,1506.951416015625,1323.950439453125
2024-11-15,MKR-USD,1439.4853515625,1417.7210693359375,1482.63037109375,1279.6165771484375
2024-11-16,MKR-USD,1503.767578125,1439.4853515625,1492.5562744140625,1200.858154296875
2024-11-17,MKR-USD,1477.4803466796875,1503.767578125,1471.7655029296875,1205.6697998046875
2024-11-18,MKR-USD,1554.916748046875,1477.4803466796875,1537.2506103515625,1215.7032470703125
2024-11-19,MKR-USD,1496.84423828125,1554.916748046875,1522.2216796875,1228.820068359375
2024-11-20,MKR-USD,1490.0711669921875,1496.84423828125,1487.746337890625,1184.046875
2024-11-21,MKR-USD,1643.4622802734375,1490.0711669921875,1417.7210693359375,1213.4171142578125
2024-11-22,MKR-USD,1631.8399658203125,1643.4622802734375,1439.4853515625,1159.9188232421875
2024-11-23,MKR-USD,1660.824462890625,1631.8399658203125,1503.767578125,1135.864990234375
2024-11-24,MKR-USD,1737.227294921875,1660.824462890625,1477.4803466796875,1056.8388671875
2024-11-25,MKR-USD,1828.4439697265625,1737.227294921875,1554.916748046875,1101.823486328125
2024-11-26,MKR-USD,1737.91015625,1828.4439697265625,1496.84423828125,1102.5833740234375
2024-11-27,MKR-USD,1871.9197998046875,1737.91015625,1490.0711669921875,1116.8516845703125
2024-11-28,MKR-USD,1821.114013671875,1871.9197998046875,1643.4622802734375,1152.6004638671875
2024-11-29,MKR-USD,1809.939697265625,1821.114013671875,1631.8399658203125,1246.7841796875
2024-11-30,MKR-USD,1862.5399169921875,1809.939697265625,1660.824462890625,1268.9512939453125
2024-12-01,MKR-USD,1838.142333984375,1862.5399169921875,1737.227294921875,1264.92138671875
2024-12-02,MKR-USD,1978.2271728515625,1838.142333984375,1828.4439697265625,1210.0478515625
2024-12-03,MKR-USD,2303.701416015625,1978.2271728515625,1737.91015625,1176.23291015625
2024-12-04,MKR-USD,2272.09423828125,2303.701416015625,1871.9197998046875,1146.5643310546875
2024-12-05,MKR-USD,2112.153564453125,2272.09423828125,1821.114013671875,1121.1424560546875
2024-12-06,MKR-USD,2213.017333984375,2112.153564453125,1809.939697265625,1384.4715576171875
2024-12-07,MKR-USD,2170.8525390625,2213.017333984375,1862.5399169921875,1506.951416015625
2024-12-08,MKR-USD,2203.190185546875,2170.8525390625,1838.142333984375,1482.63037109375
2024-12-09,MKR-USD,1894.9896240234373,2203.190185546875,1978.2271728515625,1492.5562744140625
2024-12-10,MKR-USD,1771.028564453125,1894.9896240234373,2303.701416015625,1471.7655029296875
2024-12-11,MKR-USD,1880.9986572265625,1771.028564453125,2272.09423828125,1537.2506103515625
2024-12-12,MKR-USD,2026.864501953125,1880.9986572265625,2112.153564453125,1522.2216796875
2024-12-13,MKR-USD,2108.648193359375,2026.864501953125,2213.017333984375,1487.746337890625
2024-12-14,MKR-USD,1930.3541259765625,2108.648193359375,2170.8525390625,1417.7210693359375
2024-12-15,MKR-USD,2050.28955078125,1930.3541259765625,2203.190185546875,1439.4853515625
2024-12-16,MKR-USD,1895.6822509765625,2050.28955078125,1894.9896240234373,1503.767578125
2024-12-17,MKR-USD,1769.408935546875,1895.6822509765625,1771.028564453125,1477.4803466796875
2024-12-18,MKR-USD,1671.8883056640625,1769.408935546875,1880.9986572265625,1554.916748046875
2024-12-19,MKR-USD,1642.9505615234375,1671.8883056640625,2026.864501953125,1496.84423828125
2024-12-20,MKR-USD,1694.856201171875,1642.9505615234375,2108.648193359375,1490.0711669921875
2024-12-21,MKR-USD,1620.19140625,1694.856201171875,1930.3541259765625,1643.4622802734375
2024-12-22,MKR-USD,1580.391357421875,1620.19140625,2050.28955078125,1631.8399658203125
2024-12-23,MKR-USD,1622.508056640625,1580.391357421875,1895.6822509765625,1660.824462890625
2024-12-24,MKR-USD,1643.2669677734375,1622.508056640625,1769.408935546875,1737.227294921875
2024-12-25,MKR-USD,1602.838134765625,1643.2669677734375,1671.8883056640625,1828.4439697265625
2024-12-26,MKR-USD,1529.239990234375,1602.838134765625,1642.9505615234375,1737.91015625
2024-12-27,MKR-USD,1572.96435546875,1529.239990234375,1694.856201171875,1871.9197998046875
2024-12-28,MKR-USD,1546.9945068359375,1572.96435546875,1620.19140625,1821.114013671875
2024-12-29,MKR-USD,1505.0953369140625,1546.9945068359375,1580.391357421875,1809.939697265625
2024-12-30,MKR-USD,1497.610595703125,1505.0953369140625,1622.508056640625,1862.5399169921875
2024-12-31,MKR-USD,1490.3321533203125,1497.610595703125,1643.2669677734375,1838.142333984375
2025-01-01,MKR-USD,1508.6737060546875,1490.3321533203125,1602.838134765625,1978.2271728515625
2025-01-02,MKR-USD,1546.3858642578125,1508.6737060546875,1529.239990234375,2303.701416015625
2025-01-03,MKR-USD,1599.1165771484375,1546.3858642578125,1572.96435546875,2272.09423828125
2025-01-04,MKR-USD,1593.113525390625,1599.1165771484375,1546.9945068359375,2112.153564453125
2025-01-05,MKR-USD,1574.1085205078125,1593.113525390625,1505.0953369140625,2213.017333984375
2025-01-06,MKR-USD,1630.6612548828125,1574.1085205078125,1497.610595703125,2170.8525390625
2025-01-07,MKR-USD,1492.7261962890625,1630.6612548828125,1490.3321533203125,2203.190185546875
2025-01-08,MKR-USD,1481.57373046875,1492.7261962890625,1508.6737060546875,1894.9896240234373
2025-01-09,MKR-USD,1464.21142578125,1481.57373046875,1546.3858642578125,1771.028564453125
2025-01-10,MKR-USD,1473.4893798828125,1464.21142578125,1599.1165771484375,1880.9986572265625
2025-01-11,MKR-USD,1440.88671875,1473.4893798828125,1593.113525390625,2026.864501953125
2025-01-12,MKR-USD,1423.224365234375,1440.88671875,1574.1085205078125,2108.648193359375
2025-01-13,MKR-USD,1346.849609375,1423.224365234375,1630.6612548828125,1930.3541259765625
2025-01-14,MKR-USD,1378.6151123046875,1346.849609375,1492.7261962890625,2050.28955078125
2025-01-15,MKR-USD,1428.7811279296875,1378.6151123046875,1481.57373046875,1895.6822509765625
2025-01-16,MKR-USD,1420.8359375,1428.7811279296875,1464.21142578125,1769.408935546875
2025-01-17,MKR-USD,1465.25439453125,1420.8359375,1473.4893798828125,1671.8883056640625
2025-01-18,MKR-USD,1379.2430419921875,1465.25439453125,1440.88671875,1642.9505615234375
2025-01-19,MKR-USD,1274.98046875,1379.2430419921875,1423.224365234375,1694.856201171875
2025-01-20,MKR-USD,1292.0693359375,1274.98046875,1346.849609375,1620.19140625
2025-01-21,MKR-USD,1299.522216796875,1292.0693359375,1378.6151123046875,1580.391357421875
2025-01-22,MKR-USD,1248.549072265625,1299.522216796875,1428.7811279296875,1622.508056640625
2025-01-23,MKR-USD,1272.929931640625,1248.549072265625,1420.8359375,1643.2669677734375
2025-01-24,MKR-USD,1255.098388671875,1272.929931640625,1465.25439453125,1602.838134765625
2025-01-25,MKR-USD,1232.177001953125,1255.098388671875,1379.2430419921875,1529.239990234375
2025-01-26,MKR-USD,1198.8658447265625,1232.177001953125,1274.98046875,1572.96435546875
2025-01-27,MKR-USD,1204.43310546875,1198.8658447265625,1292.0693359375,1546.9945068359375
2025-01-28,MKR-USD,1129.36572265625,1204.43310546875,1299.522216796875,1505.0953369140625
2025-01-29,MKR-USD,1099.36376953125,1129.36572265625,1248.549072265625,1497.610595703125
2025-01-30,MKR-USD,1075.0302734375,1099.36376953125,1272.929931640625,1490.3321533203125
2025-01-31,MKR-USD,1149.30712890625,1075.0302734375,1255.098388671875,1508.6737060546875
2025-02-01,MKR-USD,1081.7822265625,1149.30712890625,1232.177001953125,1546.3858642578125
2025-02-02,MKR-USD,1019.96826171875,1081.7822265625,1198.8658447265625,1599.1165771484375
2025-02-03,MKR-USD,990.7489013671876,1019.96826171875,1204.43310546875,1593.113525390625
2025-02-04,MKR-USD,915.7702026367188,990.7489013671876,1129.36572265625,1574.1085205078125
2025-02-05,MKR-USD,916.319580078125,915.7702026367188,1099.36376953125,1630.6612548828125
2025-02-06,MKR-USD,900.2412109375,916.319580078125,1075.0302734375,1492.7261962890625
2025-02-07,MKR-USD,925.8655395507812,900.2412109375,1149.30712890625,1481.57373046875
2025-02-08,MKR-USD,935.5217895507812,925.8655395507812,1081.7822265625,1464.21142578125
2025-02-09,MKR-USD,904.2360229492188,935.5217895507812,1019.96826171875,1473.4893798828125
2025-02-10,MKR-USD,976.6199340820312,904.2360229492188,990.7489013671876,1440.88671875
2025-02-11,MKR-USD,953.835693359375,976.6199340820312,915.7702026367188,1423.224365234375
2025-02-12,MKR-USD,1015.8068237304688,953.835693359375,916.319580078125,1346.849609375
2025-02-13,MKR-USD,989.59716796875,1015.8068237304688,900.2412109375,1378.6151123046875
2025-02-14,MKR-USD,1001.4127197265624,989.59716796875,925.8655395507812,1428.7811279296875
2025-02-15,MKR-USD,1002.53466796875,1001.4127197265624,935.5217895507812,1420.8359375
2025-02-16,MKR-USD,990.291015625,1002.53466796875,904.2360229492188,1465.25439453125
2025-02-17,MKR-USD,1046.3385009765625,990.291015625,976.6199340820312,1379.2430419921875
2025-02-18,MKR-USD,1115.21142578125,1046.3385009765625,953.835693359375,1274.98046875
2025-02-19,MKR-USD,1173.752197265625,1115.21142578125,1015.8068237304688,1292.0693359375
2025-02-20,MKR-USD,1427.30419921875,1173.752197265625,989.59716796875,1299.522216796875
2025-02-21,MKR-USD,1451.6121826171875,1427.30419921875,1001.4127197265624,1248.549072265625
2025-02-22,MKR-USD,1517.371826171875,1451.6121826171875,1002.53466796875,1272.929931640625
2025-02-23,MKR-USD,1524.45849609375,1517.371826171875,990.291015625,1255.098388671875
2025-02-24,MKR-USD,1418.197998046875,1524.45849609375,1046.3385009765625,1232.177001953125
2025-02-25,MKR-USD,1668.2784423828125,1418.197998046875,1115.21142578125,1198.8658447265625
2025-02-26,MKR-USD,1626.1585693359375,1668.2784423828125,1173.752197265625,1204.43310546875
2025-02-27,MKR-USD,1732.1827392578125,1626.1585693359375,1427.30419921875,1129.36572265625
2025-02-28,MKR-USD,1581.5592041015625,1732.1827392578125,1451.6121826171875,1099.36376953125
2025-03-01,MKR-USD,1650.9678955078125,1581.5592041015625,1517.371826171875,1075.0302734375
2025-03-02,MKR-USD,1552.7362060546875,1650.9678955078125,1524.45849609375,1149.30712890625
2025-03-03,MKR-USD,1445.41552734375,1552.7362060546875,1418.197998046875,1081.7822265625
2025-03-04,MKR-USD,1370.81982421875,1445.41552734375,1668.2784423828125,1019.96826171875
2025-03-05,MKR-USD,1371.6756591796875,1370.81982421875,1626.1585693359375,990.7489013671876
2025-03-06,MKR-USD,1273.7752685546875,1371.6756591796875,1732.1827392578125,915.7702026367188
2025-03-07,MKR-USD,1303.2315673828125,1273.7752685546875,1581.5592041015625,916.319580078125
2025-03-08,MKR-USD,1362.899169921875,1303.2315673828125,1650.9678955078125,900.2412109375
2025-03-09,MKR-USD,1190.368408203125,1362.899169921875,1552.7362060546875,925.8655395507812
2025-03-10,MKR-USD,1117.072509765625,1190.368408203125,1445.41552734375,935.5217895507812
2025-03-11,MKR-USD,1133.7845458984375,1117.072509765625,1370.81982421875,904.2360229492188
2025-03-12,MKR-USD,1129.8463134765625,1133.7845458984375,1371.6756591796875,976.6199340820312
2025-03-13,MKR-USD,1134.16357421875,1129.8463134765625,1273.7752685546875,953.835693359375
2025-03-14,MKR-USD,1172.754638671875,1134.16357421875,1303.2315673828125,1015.8068237304688
2025-03-15,MKR-USD,1215.5872802734375,1172.754638671875,1362.899169921875,989.59716796875
2025-03-16,MKR-USD,1179.0626220703125,1215.5872802734375,1190.368408203125,1001.4127197265624
2025-03-17,MKR-USD,1209.0367431640625,1179.0626220703125,1117.072509765625,1002.53466796875
2025-03-18,MKR-USD,1277.373779296875,1209.0367431640625,1133.7845458984375,990.291015625
2025-03-19,MKR-USD,1293.3251953125,1277.373779296875,1129.8463134765625,1046.3385009765625
2025-03-20,MKR-USD,1264.6170654296875,1293.3251953125,1134.16357421875,1115.21142578125
2025-03-21,MKR-USD,1227.11376953125,1264.6170654296875,1172.754638671875,1173.752197265625
2025-03-22,MKR-USD,1236.7725830078125,1227.11376953125,1215.5872802734375,1427.30419921875
2025-03-23,MKR-USD,1227.1923828125,1236.7725830078125,1179.0626220703125,1451.6121826171875
2025-03-24,MKR-USD,1272.4996337890625,1227.1923828125,1209.0367431640625,1517.371826171875
2025-03-25,MKR-USD,1294.4639892578125,1272.4996337890625,1277.373779296875,1524.45849609375
2025-03-26,MKR-USD,1375.16552734375,1294.4639892578125,1293.3251953125,1418.197998046875
2025-03-27,MKR-USD,1446.0361328125,1375.16552734375,1264.6170654296875,1668.2784423828125
2025-03-28,MKR-USD,1445.6160888671875,1446.0361328125,1227.11376953125,1626.1585693359375
2025-03-29,MKR-USD,1297.282958984375,1445.6160888671875,1236.7725830078125,1732.1827392578125
2025-03-30,MKR-USD,1285.900634765625,1297.282958984375,1227.1923828125,1581.5592041015625
2025-03-31,MKR-USD,1297.4461669921875,1285.900634765625,1272.4996337890625,1650.9678955078125
2025-04-01,MKR-USD,1388.49609375,1297.4461669921875,1294.4639892578125,1552.7362060546875
2025-04-02,MKR-USD,1285.095458984375,1388.49609375,1375.16552734375,1445.41552734375
2025-04-03,MKR-USD,1306.9989013671875,1285.095458984375,1446.0361328125,1370.81982421875
2025-04-04,MKR-USD,1331.133544921875,1306.9989013671875,1445.6160888671875,1371.6756591796875
2025-04-05,MKR-USD,1348.58251953125,1331.133544921875,1297.282958984375,1273.7752685546875
2025-04-06,MKR-USD,1146.754150390625,1348.58251953125,1285.900634765625,1303.2315673828125
2025-04-07,MKR-USD,1235.33740234375,1146.754150390625,1297.4461669921875,1362.899169921875
2025-04-08,MKR-USD,1227.2589111328125,1235.33740234375,1388.49609375,1190.368408203125
2025-04-09,MKR-USD,1397.1962890625,1227.2589111328125,1285.095458984375,1117.072509765625
2025-04-10,MKR-USD,1288.7891845703125,1397.1962890625,1306.9989013671875,1133.7845458984375
2025-04-11,MKR-USD,1331.5147705078125,1288.7891845703125,1331.133544921875,1129.8463134765625
2025-04-12,MKR-USD,1401.4349365234375,1331.5147705078125,1348.58251953125,1134.16357421875
2025-04-13,MKR-USD,1356.083984375,1401.4349365234375,1146.754150390625,1172.754638671875
2025-04-14,MKR-USD,1382.1558837890625,1356.083984375,1235.33740234375,1215.5872802734375
2025-04-15,MKR-USD,1355.938232421875,1382.1558837890625,1227.2589111328125,1179.0626220703125
2025-04-16,MKR-USD,1337.4915771484375,1355.938232421875,1397.1962890625,1209.0367431640625
2025-04-17,MKR-USD,1347.37109375,1337.4915771484375,1288.7891845703125,1277.373779296875
2025-04-18,MKR-USD,1352.2086181640625,1347.37109375,1331.5147705078125,1293.3251953125
2025-04-19,MKR-USD,1379.5020751953125,1352.2086181640625,1401.4349365234375,1264.6170654296875
2025-04-20,MKR-USD,1352.75732421875,1379.5020751953125,1356.083984375,1227.11376953125
2025-04-21,MKR-USD,1348.8636474609375,1352.75732421875,1382.1558837890625,1236.7725830078125
2025-04-22,MKR-USD,1450.145751953125,1348.8636474609375,1355.938232421875,1227.1923828125
2025-04-23,MKR-USD,1486.0745849609375,1450.145751953125,1337.4915771484375,1272.4996337890625
2025-04-24,MKR-USD,1509.430908203125,1486.0745849609375,1347.37109375,1294.4639892578125
2025-04-25,MKR-USD,1488.9324951171875,1509.430908203125,1352.2086181640625,1375.16552734375
2025-04-26,MKR-USD,1529.2901611328125,1488.9324951171875,1379.5020751953125,1446.0361328125
2025-04-27,MKR-USD,1477.9097900390625,1529.2901611328125,1352.75732421875,1445.6160888671875
2025-04-28,MKR-USD,1527.751708984375,1477.9097900390625,1348.8636474609375,1297.282958984375
2025-04-29,MKR-USD,1530.1312255859375,1527.751708984375,1450.145751953125,1285.900634765625
2025-04-30,MKR-USD,1477.033447265625,1530.1312255859375,1486.0745849609375,1297.4461669921875
2025-05-01,MKR-USD,1522.5126953125,1477.033447265625,1509.430908203125,1388.49609375
2025-05-02,MKR-USD,1572.209228515625,1522.5126953125,1488.9324951171875,1285.095458984375
2025-05-03,MKR-USD,1504.01025390625,1572.209228515625,1529.2901611328125,1306.9989013671875
2025-05-04,MKR-USD,1526.1390380859375,1504.01025390625,1477.9097900390625,1331.133544921875
2025-05-05,MKR-USD,1550.2557373046875,1526.1390380859375,1527.751708984375,1348.58251953125
2025-05-06,MKR-USD,1473.66845703125,1550.2557373046875,1530.1312255859375,1146.754150390625
2025-05-07,MKR-USD,1514.077880859375,1473.66845703125,1477.033447265625,1235.33740234375
2025-05-08,MKR-USD,1703.9190673828125,1514.077880859375,1522.5126953125,1227.2589111328125
2025-05-09,MKR-USD,1735.7369384765625,1703.9190673828125,1572.209228515625,1397.1962890625
2025-05-10,MKR-USD,1878.2269287109373,1735.7369384765625,1504.01025390625,1288.7891845703125
2025-05-11,MKR-USD,1822.69091796875,1878.2269287109373,1526.1390380859375,1331.5147705078125
2025-05-12,MKR-USD,1791.58740234375,1822.69091796875,1550.2557373046875,1401.4349365234375
2025-05-13,MKR-USD,1893.0511474609373,1791.58740234375,1473.66845703125,1356.083984375
2025-05-14,MKR-USD,1876.96142578125,1893.0511474609373,1514.077880859375,1382.1558837890625
2025-05-15,MKR-USD,1810.922119140625,1876.96142578125,1703.9190673828125,1355.938232421875
2025-05-16,MKR-USD,1804.3695068359373,1810.922119140625,1735.7369384765625,1337.4915771484375
2025-05-17,MKR-USD,1726.5076904296875,1804.3695068359373,1878.2269287109373,1347.37109375
2025-05-18,MKR-USD,1749.923828125,1726.5076904296875,1822.69091796875,1352.2086181640625
2025-05-19,MKR-USD,1733.8265380859375,1749.923828125,1791.58740234375,1379.5020751953125
2025-05-20,MKR-USD,1726.391357421875,1733.8265380859375,1893.0511474609373,1352.75732421875
2025-05-21,MKR-USD,1753.276123046875,1726.391357421875,1876.96142578125,1348.8636474609375
2025-05-22,MKR-USD,1747.408935546875,1753.276123046875,1810.922119140625,1450.145751953125
2025-05-23,MKR-USD,1630.2386474609375,1747.408935546875,1804.3695068359373,1486.0745849609375
2025-05-24,MKR-USD,1651.805419921875,1630.2386474609375,1726.5076904296875,1509.430908203125
2025-05-25,MKR-USD,1642.848388671875,1651.805419921875,1749.923828125,1488.9324951171875
2025-05-26,MKR-USD,1624.6697998046875,1642.848388671875,1733.8265380859375,1529.2901611328125
2025-05-27,MKR-USD,1681.36328125,1624.6697998046875,1726.391357421875,1477.9097900390625
2025-05-28,MKR-USD,1711.753662109375,1681.36328125,1753.276123046875,1527.751708984375
2025-05-29,MKR-USD,1651.4091796875,1711.753662109375,1747.408935546875,1530.1312255859375
2025-05-30,MKR-USD,1549.2408447265625,1651.4091796875,1630.2386474609375,1477.033447265625
2025-05-31,MKR-USD,1571.848876953125,1549.2408447265625,1651.805419921875,1522.5126953125
2025-06-01,MKR-USD,1602.8209228515625,1571.848876953125,1642.848388671875,1572.209228515625
2025-06-02,MKR-USD,1741.3179931640625,1602.8209228515625,1624.6697998046875,1504.01025390625
2025-06-03,MKR-USD,1868.0072021484373,1741.3179931640625,1681.36328125,1526.1390380859375
2025-06-04,MKR-USD,1779.676025390625,1868.0072021484373,1711.753662109375,1550.2557373046875
2025-06-05,MKR-USD,1737.0921630859375,1779.676025390625,1651.4091796875,1473.66845703125
2025-06-06,MKR-USD,1702.659912109375,1737.0921630859375,1549.2408447265625,1514.077880859375
2025-06-07,MKR-USD,1767.552978515625,1702.659912109375,1571.848876953125,1703.9190673828125
2025-06-08,MKR-USD,1760.4171142578125,1767.552978515625,1602.8209228515625,1735.7369384765625
2025-06-09,MKR-USD,1946.2593994140625,1760.4171142578125,1741.3179931640625,1878.2269287109373
2025-06-10,MKR-USD,2143.216796875,1946.2593994140625,1868.0072021484373,1822.69091796875
2025-06-11,MKR-USD,2064.281982421875,2143.216796875,1779.676025390625,1791.58740234375
2025-06-12,MKR-USD,1992.93115234375,2064.281982421875,1737.0921630859375,1893.0511474609373
2025-06-13,MKR-USD,2157.079833984375,1992.93115234375,1702.659912109375,1876.96142578125
2025-06-14,MKR-USD,2083.88134765625,2157.079833984375,1767.552978515625,1810.922119140625
2025-06-15,MKR-USD,2139.76416015625,2083.88134765625,1760.4171142578125,1804.3695068359373
2025-06-16,MKR-USD,2149.01171875,2139.76416015625,1946.2593994140625,1726.5076904296875
2025-06-17,MKR-USD,2030.0198974609373,2149.01171875,2143.216796875,1749.923828125
2025-06-18,MKR-USD,2001.0599365234373,2030.0198974609373,2064.281982421875,1733.8265380859375
2025-06-19,MKR-USD,1916.9307861328125,2001.0599365234373,1992.93115234375,1726.391357421875
2025-06-20,MKR-USD,1852.4285888671875,1916.9307861328125,2157.079833984375,1753.276123046875
2025-06-21,MKR-USD,1787.408935546875,1852.4285888671875,2083.88134765625,1747.408935546875
2025-06-22,MKR-USD,1747.4654541015625,1787.408935546875,2139.76416015625,1630.2386474609375
2025-06-23,MKR-USD,2000.3623046875,1747.4654541015625,2149.01171875,1651.805419921875
2025-06-24,MKR-USD,1993.9993896484373,2000.3623046875,2030.0198974609373,1642.848388671875
2025-06-25,MKR-USD,1898.5770263671875,1993.9993896484373,2001.0599365234373,1624.6697998046875
2025-06-26,MKR-USD,1829.8951416015625,1898.5770263671875,1916.9307861328125,1681.36328125
2025-06-27,MKR-USD,1898.7869873046875,1829.8951416015625,1852.4285888671875,1711.753662109375
2025-06-28,MKR-USD,1921.29833984375,1898.7869873046875,1787.408935546875,1651.4091796875
2025-06-29,MKR-USD,2032.904052734375,1921.29833984375,1747.4654541015625,1549.2408447265625
2025-06-30,MKR-USD,1941.226318359375,2032.904052734375,2000.3623046875,1571.848876953125
2025-07-01,MKR-USD,1840.33984375,1941.226318359375,1993.9993896484373,1602.8209228515625
2025-07-02,MKR-USD,1980.415771484375,1840.33984375,1898.5770263671875,1741.3179931640625
2025-07-03,MKR-USD,1938.5469970703125,1980.415771484375,1829.8951416015625,1868.0072021484373
2025-07-04,MKR-USD,1866.367431640625,1938.5469970703125,1898.7869873046875,1779.676025390625
2025-07-05,MKR-USD,1837.33203125,1866.367431640625,1921.29833984375,1737.0921630859375
2025-07-06,MKR-USD,1909.19091796875,1837.33203125,2032.904052734375,1702.659912109375
2025-07-07,MKR-USD,1897.30126953125,1909.19091796875,1941.226318359375,1767.552978515625
2025-07-08,MKR-USD,1927.1805419921875,1897.30126953125,1840.33984375,1760.4171142578125
2025-07-09,MKR-USD,1958.4263916015625,1927.1805419921875,1980.415771484375,1946.2593994140625
2025-07-10,MKR-USD,2020.1988525390625,1958.4263916015625,1938.5469970703125,2143.216796875
2025-07-11,MKR-USD,1897.582275390625,2020.1988525390625,1866.367431640625,2064.281982421875
2025-07-12,MKR-USD,1885.48583984375,1897.582275390625,1837.33203125,1992.93115234375
2025-07-13,MKR-USD,1875.230224609375,1885.48583984375,1909.19091796875,2157.079833984375
2025-07-14,MKR-USD,1850.6505126953125,1875.230224609375,1897.30126953125,2083.88134765625
2025-07-15,MKR-USD,1869.6187744140625,1850.6505126953125,1927.1805419921875,2139.76416015625
2025-07-16,MKR-USD,1910.78466796875,1869.6187744140625,1958.4263916015625,2149.01171875
2025-07-17,MKR-USD,1881.242919921875,1910.78466796875,2020.1988525390625,2030.0198974609373
2025-07-18,MKR-USD,2015.861083984375,1881.242919921875,1897.582275390625,2001.0599365234373
2025-07-19,MKR-USD,1988.667724609375,2015.861083984375,1885.48583984375,1916.9307861328125
2025-07-20,MKR-USD,2023.447265625,1988.667724609375,1875.230224609375,1852.4285888671875
2025-07-21,MKR-USD,2099.98095703125,2023.447265625,1850.6505126953125,1787.408935546875
2025-07-22,MKR-USD,2083.94580078125,2099.98095703125,1869.6187744140625,1747.4654541015625
2025-07-23,MKR-USD,2033.37255859375,2083.94580078125,1910.78466796875,2000.3623046875
2025-07-24,MKR-USD,2013.8690185546875,2033.37255859375,1881.242919921875,1993.9993896484373
2025-07-25,MKR-USD,2207.31982421875,2013.8690185546875,2015.861083984375,1898.5770263671875
2025-07-26,MKR-USD,2282.192138671875,2207.31982421875,1988.667724609375,1829.8951416015625
2025-07-27,MKR-USD,2319.465576171875,2282.192138671875,2023.447265625,1898.7869873046875
2025-07-28,MKR-USD,2162.991943359375,2319.465576171875,2099.98095703125,1921.29833984375
2025-07-29,MKR-USD,2053.64208984375,2162.991943359375,2083.94580078125,2032.904052734375
2025-07-30,MKR-USD,2052.49755859375,2053.64208984375,2033.37255859375,1941.226318359375
2025-07-31,MKR-USD,1977.5277099609373,2052.49755859375,2013.8690185546875,1840.33984375
2025-08-01,MKR-USD,1907.0841064453125,1977.5277099609373,2207.31982421875,1980.415771484375
2025-08-02,MKR-USD,1840.4981689453125,1907.0841064453125,2282.192138671875,1938.5469970703125
2025-08-03,MKR-USD,1889.8297119140625,1840.4981689453125,2319.465576171875,1866.367431640625
2025-08-04,MKR-USD,1968.0614013671875,1889.8297119140625,2162.991943359375,1837.33203125
2025-08-05,MKR-USD,1816.3785400390625,1968.0614013671875,2053.64208984375,1909.19091796875
2025-08-06,MKR-USD,1926.5938720703125,1816.3785400390625,2052.49755859375,1897.30126953125
2025-08-07,MKR-USD,1994.4061279296875,1926.5938720703125,1977.5277099609373,1927.1805419921875
2025-08-08,MKR-USD,2015.5906982421875,1994.4061279296875,1907.0841064453125,1958.4263916015625
2025-08-09,MKR-USD,2093.5634765625,2015.5906982421875,1840.4981689453125,2020.1988525390625
2025-08-10,MKR-USD,2093.060302734375,2093.5634765625,1889.8297119140625,1897.582275390625
2025-08-11,MKR-USD,2009.705322265625,2093.060302734375,1968.0614013671875,1885.48583984375
2025-08-12,MKR-USD,2004.783447265625,2009.705322265625,1816.3785400390625,1875.230224609375
2025-08-13,MKR-USD,1967.800048828125,2004.783447265625,1926.5938720703125,1850.6505126953125
2025-08-14,MKR-USD,1846.9307861328125,1967.800048828125,1994.4061279296875,1869.6187744140625
2025-08-15,MKR-USD,1833.27001953125,1846.9307861328125,2015.5906982421875,1910.78466796875
2025-08-16,MKR-USD,1789.379150390625,1833.27001953125,2093.5634765625,1881.242919921875
2025-08-17,MKR-USD,1833.8260498046875,1789.379150390625,2093.060302734375,2015.861083984375
2025-08-18,MKR-USD,1714.9833984375,1833.8260498046875,2009.705322265625,1988.667724609375
2025-08-19,MKR-USD,1652.91162109375,1714.9833984375,2004.783447265625,2023.447265625
2025-08-20,MKR-USD,1664.73291015625,1652.91162109375,1967.800048828125,2099.98095703125
2025-08-21,MKR-USD,1615.4761962890625,1664.73291015625,1846.9307861328125,2083.94580078125
2025-08-22,MKR-USD,1712.239501953125,1615.4761962890625,1833.27001953125,2033.37255859375
2025-08-23,MKR-USD,1610.6865234375,1712.239501953125,1789.379150390625,2013.8690185546875
2025-08-24,MKR-USD,1519.74853515625,1610.6865234375,1833.8260498046875,2207.31982421875
2025-08-25,MKR-USD,1486.5128173828125,1519.74853515625,1714.9833984375,2282.192138671875
2025-08-26,MKR-USD,1598.234619140625,1486.5128173828125,1652.91162109375,2319.465576171875
2025-08-27,MKR-USD,1588.9251708984375,1598.234619140625,1664.73291015625,2162.991943359375
2025-08-28,MKR-USD,1542.340087890625,1588.9251708984375,1615.4761962890625,2053.64208984375
2025-08-29,MKR-USD,1534.7537841796875,1542.340087890625,1712.239501953125,2052.49755859375
2025-08-30,MKR-USD,1567.791748046875,1534.7537841796875,1610.6865234375,1977.5277099609373
2025-08-31,MKR-USD,1543.2991943359375,1567.791748046875,1519.74853515625,1907.0841064453125
2025-09-01,MKR-USD,1579.1793212890625,1543.2991943359375,1486.5128173828125,1840.4981689453125
2025-09-02,MKR-USD,1749.56005859375,1579.1793212890625,1598.234619140625,1889.8297119140625
2025-09-03,MKR-USD,1784.15185546875,1749.56005859375,1588.9251708984375,1968.0614013671875
2025-09-04,MKR-USD,1747.0318603515625,1784.15185546875,1542.340087890625,1816.3785400390625
2025-09-05,MKR-USD,1802.819580078125,1747.0318603515625,1534.7537841796875,1926.5938720703125
2025-09-06,MKR-USD,1709.3883056640625,1802.819580078125,1567.791748046875,1994.4061279296875
2025-09-07,MKR-USD,1702.4228515625,1709.3883056640625,1543.2991943359375,2015.5906982421875
2025-09-08,MKR-USD,1667.9046630859375,1702.4228515625,1579.1793212890625,2093.5634765625
2025-09-09,MKR-USD,1669.8060302734375,1667.9046630859375,1749.56005859375,2093.060302734375
2025-09-10,MKR-USD,1726.7010498046875,1669.8060302734375,1784.15185546875,2009.705322265625
2025-09-11,MKR-USD,1722.87646484375,1726.7010498046875,1747.0318603515625,2004.783447265625
2025-09-12,MKR-USD,1755.4815673828125,1722.87646484375,1802.819580078125,1967.800048828125
2025-09-13,MKR-USD,1789.7415771484375,1755.4815673828125,1709.3883056640625,1846.9307861328125
2025-09-14,MKR-USD,1800.2490234375,1789.7415771484375,1702.4228515625,1833.27001953125
2025-09-15,MKR-USD,1782.5460205078125,1800.2490234375,1667.9046630859375,1789.379150390625
2025-09-16,MKR-USD,1777.2801513671875,1782.5460205078125,1669.8060302734375,1833.8260498046875
2025-09-17,MKR-USD,1814.4794921875,1777.2801513671875,1726.7010498046875,1714.9833984375
2025-09-18,MKR-USD,1833.748291015625,1814.4794921875,1722.87646484375,1652.91162109375
2025-09-19,MKR-USD,1831.41552734375,1833.748291015625,1755.4815673828125,1664.73291015625
2025-09-20,MKR-USD,1668.95751953125,1831.41552734375,1789.7415771484375,1615.4761962890625
2025-09-21,MKR-USD,1811.133544921875,1668.95751953125,1800.2490234375,1712.239501953125
2025-09-22,MKR-USD,1630.4246826171875,1811.133544921875,1782.5460205078125,1610.6865234375
2025-09-23,MKR-USD,1775.4871826171875,1630.4246826171875,1777.2801513671875,1519.74853515625
2025-09-24,MKR-USD,1812.8548583984373,1775.4871826171875,1814.4794921875,1486.5128173828125
2025-09-25,MKR-USD,1789.5267333984375,1812.8548583984373,1833.748291015625,1598.234619140625
2025-09-26,MKR-USD,1815.0526123046875,1789.5267333984375,1831.41552734375,1588.9251708984375
2025-09-27,MKR-USD,1849.1583251953125,1815.0526123046875,1668.95751953125,1542.340087890625
2025-09-28,MKR-USD,1831.431640625,1849.1583251953125,1811.133544921875,1534.7537841796875
2025-09-29,MKR-USD,1817.2978515625,1831.431640625,1630.4246826171875,1567.791748046875
2025-09-30,MKR-USD,1666.2705078125,1817.2978515625,1775.4871826171875,1543.2991943359375
2025-10-01,MKR-USD,1818.2403564453125,1666.2705078125,1812.8548583984373,1579.1793212890625
2025-10-02,MKR-USD,1831.712890625,1818.2403564453125,1789.5267333984375,1749.56005859375
2025-10-03,MKR-USD,1838.1607666015625,1831.712890625,1815.0526123046875,1784.15185546875
2025-10-04,MKR-USD,1852.3450927734373,1838.1607666015625,1849.1583251953125,1747.0318603515625
2025-10-05,MKR-USD,1834.548095703125,1852.3450927734373,1831.431640625,1802.819580078125
2025-10-06,MKR-USD,1858.7718505859373,1834.548095703125,1817.2978515625,1709.3883056640625
2025-10-07,MKR-USD,1814.6683349609373,1858.7718505859373,1666.2705078125,1702.4228515625
2025-10-08,MKR-USD,1860.2760009765625,1814.6683349609373,1818.2403564453125,1667.9046630859375
2025-10-09,MKR-USD,1852.7977294921875,1860.2760009765625,1831.712890625,1669.8060302734375
2025-10-10,MKR-USD,1676.681640625,1852.7977294921875,1838.1607666015625,1726.7010498046875
2025-10-11,MKR-USD,1740.338134765625,1676.681640625,1852.3450927734373,1722.87646484375
2025-10-12,MKR-USD,1815.014404296875,1740.338134765625,1834.548095703125,1755.4815673828125
2025-10-13,MKR-USD,1840.40576171875,1815.014404296875,1858.7718505859373,1789.7415771484375
2025-10-14,MKR-USD,1835.444091796875,1840.40576171875,1814.6683349609373,1800.2490234375
2025-10-15,MKR-USD,1770.729248046875,1835.444091796875,1860.2760009765625,1782.5460205078125
2025-10-16,MKR-USD,1830.7901611328125,1770.729248046875,1852.7977294921875,1777.2801513671875
2025-10-17,MKR-USD,1775.381591796875,1830.7901611328125,1676.681640625,1814.4794921875
2025-10-18,MKR-USD,1846.4747314453125,1775.381591796875,1740.338134765625,1833.748291015625
2025-10-19,MKR-USD,1845.1971435546875,1846.4747314453125,1815.014404296875,1831.41552734375
2025-10-20,MKR-USD,1827.0233154296875,1845.1971435546875,1840.40576171875,1668.95751953125
2025-10-21,MKR-USD,1720.7354736328125,1827.0233154296875,1835.444091796875,1811.133544921875
2025-10-22,MKR-USD,1831.7138671875,1720.7354736328125,1770.729248046875,1630.4246826171875
2025-10-23,MKR-USD,1807.3251953125,1831.7138671875,1830.7901611328125,1775.4871826171875
2025-10-24,MKR-USD,1827.1060791015625,1807.3251953125,1775.381591796875,1812.8548583984373
2025-10-25,MKR-USD,1875.812255859375,1827.1060791015625,1846.4747314453125,1789.5267333984375
2025-10-26,MKR-USD,1814.4171142578125,1875.812255859375,1845.1971435546875,1815.0526123046875
2025-10-27,MKR-USD,1780.635009765625,1814.4171142578125,1827.0233154296875,1849.1583251953125
2025-10-28,MKR-USD,1777.3780517578125,1780.635009765625,1720.7354736328125,1831.431640625
2025-10-29,MKR-USD,1832.51904296875,1777.3780517578125,1831.7138671875,1817.2978515625
2025-10-30,MKR-USD,1826.7406005859373,1832.51904296875,1807.3251953125,1666.2705078125
2025-10-31,MKR-USD,1707.6942138671875,1826.7406005859373,1827.1060791015625,1818.2403564453125
2025-11-01,MKR-USD,1854.624755859375,1707.6942138671875,1875.812255859375,1831.712890625
2025-11-02,MKR-USD,1787.2657470703125,1854.624755859375,1814.4171142578125,1838.1607666015625
2025-11-03,MKR-USD,1724.328857421875,1787.2657470703125,1780.635009765625,1852.3450927734373
2025-11-04,MKR-USD,1629.1929931640625,1724.328857421875,1777.3780517578125,1834.548095703125
2025-11-05,MKR-USD,1703.833251953125,1629.1929931640625,1832.51904296875,1858.7718505859373
2025-11-06,MKR-USD,1743.595703125,1703.833251953125,1826.7406005859373,1814.6683349609373
2025-11-07,MKR-USD,1757.9010009765625,1743.595703125,1707.6942138671875,1860.2760009765625
2025-11-08,MKR-USD,1825.4703369140625,1757.9010009765625,1854.624755859375,1852.7977294921875
2025-11-09,MKR-USD,1855.5557861328125,1825.4703369140625,1787.2657470703125,1676.681640625
2025-11-10,MKR-USD,1836.4368896484373,1855.5557861328125,1724.328857421875,1740.338134765625
2025-11-11,MKR-USD,1798.1783447265625,1836.4368896484373,1629.1929931640625,1815.014404296875
2025-11-12,MKR-USD,1722.6805419921875,1798.1783447265625,1703.833251953125,1840.40576171875
2025-11-13,MKR-USD,1744.6717529296875,1722.6805419921875,1743.595703125,1835.444091796875
2025-11-14,MKR-USD,1743.5452880859375,1744.6717529296875,1757.9010009765625,1770.729248046875
2025-11-15,MKR-USD,1842.483642578125,1743.5452880859375,1825.4703369140625,1830.7901611328125
2025-11-16,MKR-USD,1814.076171875,1842.483642578125,1855.5557861328125,1775.381591796875
2025-11-17,MKR-USD,1770.461669921875,1814.076171875,1836.4368896484373,1846.4747314453125
2025-11-18,MKR-USD,1764.552734375,1770.461669921875,1798.1783447265625,1845.1971435546875
2025-11-19,MKR-USD,1800.21728515625,1764.552734375,1722.6805419921875,1827.0233154296875
2025-11-20,MKR-USD,1770.924560546875,1800.21728515625,1744.6717529296875,1720.7354736328125
2025-11-21,MKR-USD,1626.4329833984375,1770.924560546875,1743.5452880859375,1831.7138671875
2025-11-22,MKR-USD,1356.780517578125,1626.4329833984375,1842.483642578125,1807.3251953125
2025-11-23,MKR-USD,1708.1322021484375,1356.780517578125,1814.076171875,1827.1060791015625
2025-11-24,MKR-USD,1494.857177734375,1708.1322021484375,1770.461669921875,1875.812255859375
2025-11-25,MKR-USD,1755.3402099609375,1494.857177734375,1764.552734375,1814.4171142578125
2025-11-26,MKR-USD,1683.167724609375,1755.3402099609375,1800.21728515625,1780.635009765625
2025-11-27,MKR-USD,1759.07177734375,1683.167724609375,1770.924560546875,1777.3780517578125
2025-11-28,MKR-USD,1705.5693359375,1759.07177734375,1626.4329833984375,1832.51904296875
2025-11-29,MKR-USD,1738.173583984375,1705.5693359375,1356.780517578125,1826.7406005859373
2025-11-30,MKR-USD,1786.5989990234375,1738.173583984375,1708.1322021484375,1707.6942138671875
2025-12-01,MKR-USD,1772.4783935546875,1786.5989990234375,1494.857177734375,1854.624755859375
2025-12-02,MKR-USD,1780.6871337890625,1772.4783935546875,1755.3402099609375,1787.2657470703125
2025-12-03,MKR-USD,1768.9996337890625,1780.6871337890625,1683.167724609375,1724.328857421875
2025-12-04,MKR-USD,1833.6490478515625,1768.9996337890625,1759.07177734375,1629.1929931640625
2025-12-05,MKR-USD,1806.5250244140625,1833.6490478515625,1705.5693359375,1703.833251953125
2025-12-06,MKR-USD,1838.0640869140625,1806.5250244140625,1738.173583984375,1743.595703125
2025-12-07,MKR-USD,1837.3203125,1838.0640869140625,1786.5989990234375,1757.9010009765625
2025-12-08,MKR-USD,1865.1688232421875,1837.3203125,1772.4783935546875,1825.4703369140625
2025-12-09,MKR-USD,1820.0487060546875,1865.1688232421875,1780.6871337890625,1855.5557861328125
2025-12-10,MKR-USD,1849.398193359375,1820.0487060546875,1768.9996337890625,1836.4368896484373
