date,symbol,close,returns,cumulative_returns
2022-12-11,MKR-USD,602.1458740234375,0.0,0.0
2022-12-12,MKR-USD,588.908935546875,-0.021982943083401874,-0.021982943083401874
2022-12-13,MKR-USD,603.2882690429688,0.02441690493750226,0.001897206422586395
2022-12-14,MKR-USD,606.1576538085938,0.004756241605985201,0.006662471600693776
2022-12-15,MKR-USD,590.2776489257812,-0.02619781303269153,-0.019709883617328394
2022-12-16,MKR-USD,540.0326538085938,-0.0851209514855018,-0.10315311105565472
2022-12-17,MKR-USD,553.341796875,0.024645070946253345,-0.08105025584969472
2022-12-18,MKR-USD,554.1646118164062,0.0014869922099742805,-0.07968378473878535
2022-12-19,MKR-USD,527.2643432617188,-0.048542017987246555,-0.12435779101394995
2022-12-20,MKR-USD,558.33984375,0.05893723117335137,-0.07274986371779502
2022-12-21,MKR-USD,551.1961669921875,-0.012794495749816392,-0.0846135616454744
2022-12-22,MKR-USD,551.4708862304688,0.0004984055672598853,-0.08415732794840436
2022-12-23,MKR-USD,553.7487182617188,0.004130466518042164,-0.08037447045570101
2022-12-24,MKR-USD,551.2184448242188,-0.004569353127250264,-0.08457656424502347
2022-12-25,MKR-USD,540.2932739257812,-0.0198200386816183,-0.10272029215174705
2022-12-26,MKR-USD,548.9324951171875,0.015989873663674325,-0.08837290298227485
2022-12-27,MKR-USD,541.7460327148438,-0.013091705202858406,-0.1003076561913685
2022-12-28,MKR-USD,518.1635131835938,-0.04353058094965878,-0.13947178659331838
2022-12-29,MKR-USD,520.0272827148438,0.0035968752793862357,-0.13637657393530145
2022-12-30,MKR-USD,522.248046875,0.004270476249943256,-0.13268849060539756
2022-12-31,MKR-USD,510.5272216796875,-0.022443023512384475,-0.1521535832033023
2023-01-01,MKR-USD,513.0187377929688,0.004880280634368406,-0.14801585475449075
2023-01-02,MKR-USD,511.6665649414063,-0.002635718253449326,-0.15026144491776372
2023-01-03,MKR-USD,505.0352478027344,-0.012960231512159304,-0.1612742533164372
2023-01-04,MKR-USD,518.8180541992188,0.027290781101813044,-0.13838477255924142
2023-01-05,MKR-USD,527.2825927734375,0.01631504244254467,-0.1243274835544027
2023-01-06,MKR-USD,539.4475708007812,0.023071078382006727,-0.10412477429051725
2023-01-07,MKR-USD,552.639892578125,0.024455243644457392,-0.08221592737075856
2023-01-08,MKR-USD,592.6702270507812,0.07243475364384278,-0.015736464171616782
2023-01-09,MKR-USD,617.2991943359375,0.0415559381272006,0.02516553042412717
2023-01-10,MKR-USD,631.6663208007812,0.0232741701215069,0.04902540738192318
2023-01-11,MKR-USD,636.578125,0.007775947580982212,0.057182573960843586
2023-01-12,MKR-USD,652.57568359375,0.025130550305588972,0.08375015381795858
2023-01-13,MKR-USD,688.4780883789062,0.0550164612132662,0.1433742521203556
2023-01-14,MKR-USD,709.341796875,0.030304099503325466,0.1780231792261513
2023-01-15,MKR-USD,700.1795043945312,-0.01291661159800983,0.16280711136663428
2023-01-16,MKR-USD,688.28125,-0.016993148642389988,0.1430473572807529
2023-01-17,MKR-USD,696.421630859375,0.01182711407491488,0.15656630876834243
2023-01-18,MKR-USD,639.9946899414062,-0.08102410726148568,0.06285655611167562
2023-01-19,MKR-USD,665.7739868164062,0.04028048557302899,0.10566893428633128
2023-01-20,MKR-USD,716.1292114257812,0.07563411248637597,0.18929522283483502
2023-01-21,MKR-USD,699.5333862304688,-0.023174344699989247,0.16173408539081002
2023-01-22,MKR-USD,709.6555786132812,0.014469920352704335,0.1785442850774368
2023-01-23,MKR-USD,705.3880615234375,-0.0060135046048434004,0.17145710359211175
2023-01-24,MKR-USD,665.3157958984375,-0.05680882312986035,0.10490800418992907
2023-01-25,MKR-USD,668.8453369140625,0.005305061201588801,0.11076960877428199
2023-01-26,MKR-USD,658.4266967773438,-0.01557705430793399,0.09346709025480249
2023-01-27,MKR-USD,670.915283203125,0.018967314792833312,0.11420722477126888
2023-01-28,MKR-USD,655.5947875976562,-0.022835216291876237,0.08876406179964569
2023-01-29,MKR-USD,675.1841430664062,0.029880279464290282,0.12129663623689502
2023-01-30,MKR-USD,634.8710327148438,-0.05970683815007427,0.05434755945887604
2023-01-31,MKR-USD,655.2039184570312,0.03202679708859879,0.08811493480652488
2023-02-01,MKR-USD,668.7462768554688,0.02066892156312039,0.11060509704570087
2023-02-02,MKR-USD,670.57421875,0.0027333862748761817,0.1136408097747732
2023-02-03,MKR-USD,696.2058715820312,0.03822343912924442,0.15620799147904174
2023-02-04,MKR-USD,701.3508911132812,0.007390083510152801,0.1647524650911778
2023-02-05,MKR-USD,695.0135498046875,-0.009035906831934337,0.15422787033434804
2023-02-06,MKR-USD,693.7000122070312,-0.001889945308297003,0.1520464427861039
2023-02-07,MKR-USD,789.4988403320312,0.13809835150530358,0.3111421573924138
2023-02-08,MKR-USD,781.3359375,-0.010339347463256932,0.2975858030534093
2023-02-09,MKR-USD,709.9113159179688,-0.09141346014438412,0.17896899496206786
2023-02-10,MKR-USD,712.9164428710938,0.004233101918144744,0.183959690876075
2023-02-11,MKR-USD,723.5496215820312,0.014915042032296322,0.2016184994300363
2023-02-12,MKR-USD,684.7098388671875,-0.05367950110998765,0.13711621785610006
2023-02-13,MKR-USD,770.1089477539062,0.12472306375501563,0.2789408363926287
2023-02-14,MKR-USD,740.756591796875,-0.03811454995119856,0.23019458199931409
2023-02-15,MKR-USD,760.2007446289062,0.0262490446218846,0.26248601447581477
2023-02-16,MKR-USD,706.2236328125,-0.0710037607799967,0.17284475951588263
2023-02-17,MKR-USD,726.03759765625,0.02805621891304022,0.2057503488398722
2023-02-18,MKR-USD,728.9971313476562,0.004076281587840569,0.2106653267863805
2023-02-19,MKR-USD,737.3815307617188,0.011501279022268163,0.2245895265123361
2023-02-20,MKR-USD,770.1691284179688,0.04446490220928134,0.27904078005521726
2023-02-21,MKR-USD,786.9889526367188,0.021839130650822325,0.30697391875857294
2023-02-22,MKR-USD,760.2623901367188,-0.033960530717052184,0.2625883908441864
2023-02-23,MKR-USD,740.7547607421875,-0.025659074613730626,0.2301915411170854
2023-02-24,MKR-USD,713.2276000976562,-0.037160963524487944,0.18447643812949988
2023-02-25,MKR-USD,706.3668823242188,-0.009619254460284665,0.17308265786892063
2023-02-26,MKR-USD,775.5320434570312,0.09791676657494541,0.2879471186525884
2023-02-27,MKR-USD,788.4426879882812,0.01664746755491775,0.30938817652280703
2023-02-28,MKR-USD,791.4266357421875,0.003784609584648324,0.3143436995657005
2023-03-01,MKR-USD,927.9334106445312,0.172481906392157,0.541044206521313
2023-03-02,MKR-USD,883.2493286132812,-0.048154405821224766,0.4668361384120383
2023-03-03,MKR-USD,893.4088745117188,0.01150246659614007,0.48370837209613393
2023-03-04,MKR-USD,858.0084838867188,-0.03962395229658722,0.4249179823381497
2023-03-05,MKR-USD,948.1517944335938,0.10506109466252833,0.5746214253669168
2023-03-06,MKR-USD,910.7695922851562,-0.03942638970669132,0.5125397874098949
2023-03-07,MKR-USD,922.3786010742188,0.012746372833918551,0.5318191834663573
2023-03-08,MKR-USD,874.7227783203125,-0.05166622761890338,0.45267586486238165
2023-03-09,MKR-USD,810.1728515625,-0.07379472486330418,0.34547604909929985
2023-03-10,MKR-USD,781.2390747070312,-0.035713091101074346,0.297424940383503
2023-03-11,MKR-USD,728.6910400390625,-0.06726242499797463,0.21015699264045584
2023-03-12,MKR-USD,903.781982421875,0.24028145367812748,0.5009352740108557
2023-03-13,MKR-USD,911.468505859375,0.008504842525077105,0.5137004921566515
2023-03-14,MKR-USD,862.153564453125,-0.05410493186459975,0.43180183016510476
2023-03-15,MKR-USD,747.7926635742188,-0.1326456278719289,0.24187957741467758
2023-03-16,MKR-USD,707.7316284179688,-0.053572383238918886,0.17534912875683184
2023-03-17,MKR-USD,729.7171630859375,0.031064790360032735,0.21186110304150985
2023-03-18,MKR-USD,686.1724853515625,-0.059673363786904354,0.13954527458051458
2023-03-19,MKR-USD,688.5506591796875,0.0034658542551535554,0.1434947724193596
2023-03-20,MKR-USD,668.9738159179688,-0.028431957766247518,0.11098297734400764
2023-03-21,MKR-USD,692.9022216796875,0.03576882262407244,0.15072153039898928
2023-03-22,MKR-USD,670.4651489257812,-0.032381297175690715,0.11345967455667405
2023-03-23,MKR-USD,680.482666015625,0.014941145122746136,0.13009603714255102
2023-03-24,MKR-USD,672.402587890625,-0.011874039602376096,0.11667723204303204
2023-03-25,MKR-USD,666.7848510742188,-0.008354722182181806,0.10734770400214466
2023-03-26,MKR-USD,671.6508178710938,0.007297656491499049,0.11542874716260254
2023-03-27,MKR-USD,675.912109375,0.006344504302716603,0.12250558964834957
2023-03-28,MKR-USD,675.6837158203125,-0.00033790422085899774,0.12212629027166955
2023-03-29,MKR-USD,691.730712890625,0.023749273061628662,0.1487759739489638
2023-03-30,MKR-USD,675.6600341796875,-0.023232564943922895,0.12208696152817633
2023-03-31,MKR-USD,686.9022827148438,0.01663891301311815,0.14075726887419782
2023-04-01,MKR-USD,686.9337158203125,4.576066532280265e-05,0.14080947068579341
2023-04-02,MKR-USD,673.4818115234375,-0.01958253611239802,0.11846952802872313
2023-04-03,MKR-USD,673.5184326171875,5.437577247580094e-05,0.11853034567330023
2023-04-04,MKR-USD,680.5634765625,0.010460061082421479,0.130230241411585
2023-04-05,MKR-USD,692.920166015625,0.018156556851299355,0.1507513310448323
2023-04-06,MKR-USD,719.4263916015625,0.038252928527613195,0.19477093946434598
2023-04-07,MKR-USD,696.15576171875,-0.03234608870965694,0.15612477266871205
2023-04-08,MKR-USD,688.7444458007812,-0.010646059869806823,0.14381659912191425
2023-04-09,MKR-USD,706.52294921875,0.025812917296629934,0.17334184239756079
2023-04-10,MKR-USD,725.8758544921875,0.027391757472049916,0.20548173757632293
2023-04-11,MKR-USD,726.480224609375,0.0008326081015745945,0.20648543143732923
2023-04-12,MKR-USD,726.69921875,0.00030144542577570377,0.206849120951901
2023-04-13,MKR-USD,753.8428344726562,0.0373519263848201,0.25192726047528136
2023-04-14,MKR-USD,773.7247924804688,0.026374142060686667,0.28494576789270276
2023-04-15,MKR-USD,778.4561767578125,0.006115073891034939,0.29280330620933936
2023-04-16,MKR-USD,801.0784912109375,0.029060485520642443,0.3303727979704745
2023-04-17,MKR-USD,780.4559326171875,-0.02574349307840762,0.29612435505421986
2023-04-18,MKR-USD,789.7437744140625,0.011900533276400393,0.31154892607189555
2023-04-19,MKR-USD,724.1227416992188,-0.08309154796887153,0.2025702955676707
2023-04-20,MKR-USD,715.7362670898438,-0.01158156501161034,0.18864264950852228
2023-04-21,MKR-USD,676.9913940429688,-0.05413289060286153,0.12429798699678196
2023-04-22,MKR-USD,698.8196411132812,0.03224302001825308,0.1605487494980009
2023-04-23,MKR-USD,688.8113403320312,-0.01432172221906336,0.14392769268600913
2023-04-24,MKR-USD,682.2557373046875,-0.009517269306547282,0.13304062476749912
2023-04-25,MKR-USD,692.4833984375,0.014990949249056973,0.15002597927050854
2023-04-26,MKR-USD,689.272705078125,-0.004636491454697023,0.14469389364494134
2023-04-27,MKR-USD,702.824462890625,0.019660952352616334,0.16719966574622536
2023-04-28,MKR-USD,698.9267578125,-0.005545773210702265,0.1607266411083894
2023-04-29,MKR-USD,709.2792358398438,0.014811964074383122,0.1779192824166662
2023-04-30,MKR-USD,695.3102416992188,-0.019694632853708982,0.15472059461816556
2023-05-01,MKR-USD,702.2415161132812,0.009968606815173198,0.16623155020729707
2023-05-02,MKR-USD,699.9617919921875,-0.0032463533823967605,0.16244555046962383
2023-05-03,MKR-USD,699.17041015625,-0.0011306071916941107,0.16113128117031006
2023-05-04,MKR-USD,689.455078125,-0.013895513726158493,0.144996765514936
2023-05-05,MKR-USD,725.88818359375,0.052843334721431434,0.20550221284999814
2023-05-06,MKR-USD,691.8599853515625,-0.04687801649245704,0.1489906602343225
2023-05-07,MKR-USD,696.7864990234375,0.007120680160988879,0.15717225523381462
2023-05-08,MKR-USD,669.2378540039062,-0.0395367089605515,0.11142147256141022
2023-05-09,MKR-USD,671.84521484375,0.0038960151824114497,0.11575158749256764
2023-05-10,MKR-USD,660.5401611328125,-0.016826872412221805,0.09697697788609627
2023-05-11,MKR-USD,622.2581787109375,-0.05795557132547735,0.03340105040181207
2023-05-12,MKR-USD,638.0523071289062,0.02538195391933251,0.0596307882433007
2023-05-13,MKR-USD,632.569580078125,-0.008592911567787187,0.05052547458542134
2023-05-14,MKR-USD,626.3826904296875,-0.009780567771964899,0.04025073898506304
2023-05-15,MKR-USD,637.2470703125,0.017344636192548224,0.058293509601788474
2023-05-16,MKR-USD,633.170654296875,-0.006396916055849355,0.05152369485841568
2023-05-17,MKR-USD,639.53662109375,0.010054109036282233,0.062095828740756476
2023-05-18,MKR-USD,626.032958984375,-0.021114759755712975,0.039669930479350635
2023-05-19,MKR-USD,627.9513549804688,0.003064369005756573,0.042855862790528665
2023-05-20,MKR-USD,625.5751342773438,-0.0037840840445338975,0.03890960855939429
2023-05-21,MKR-USD,623.653564453125,-0.003071685108517852,0.03571840538568627
2023-05-22,MKR-USD,629.5314331054688,0.009424893863146488,0.045479941428553605
2023-05-23,MKR-USD,633.90234375,0.006943117396012388,0.05273883139706825
2023-05-24,MKR-USD,618.8056640625,-0.023815465956778192,0.027667365596552917
2023-05-25,MKR-USD,624.5523071289062,0.00928666849731008,0.03721097174635202
2023-05-26,MKR-USD,624.622802734375,0.00011287382123814638,0.037328045712163194
2023-05-27,MKR-USD,633.9202270507812,0.014884862153135447,0.05276853068017018
2023-05-28,MKR-USD,648.1211547851562,0.02240175834180702,0.07635239689432649
2023-05-29,MKR-USD,637.0950927734375,-0.01701234704393151,0.058041116376792656
2023-05-30,MKR-USD,643.5025024414062,0.010057226528108476,0.06868207556024686
2023-05-31,MKR-USD,635.565673828125,-0.01233379603524376,0.05550116881376588
2023-06-01,MKR-USD,641.6883544921875,0.009633435089696496,0.06566927081063212
2023-06-02,MKR-USD,663.088134765625,0.03334917974375995,0.1012084668702975
2023-06-03,MKR-USD,674.0145263671875,0.016478038180285814,0.11935422203184021
2023-06-04,MKR-USD,682.7871704101562,0.013015511832143556,0.13392319015305554
2023-06-05,MKR-USD,649.071044921875,-0.04938013915526218,0.0779299052319189
2023-06-06,MKR-USD,650.2938232421875,0.0018838897989350567,0.07996060638435232
2023-06-07,MKR-USD,623.1043090820312,-0.04181112166281509,0.03480624207976857
2023-06-08,MKR-USD,625.4022827148438,0.003687943734810517,0.03862254927698938
2023-06-09,MKR-USD,627.4674682617188,0.0033021714246230793,0.042052258980181056
2023-06-10,MKR-USD,631.64208984375,0.006653128318502732,0.048985166373761935
2023-06-11,MKR-USD,616.9539794921875,-0.023253849906037627,0.024592222761246507
2023-06-12,MKR-USD,627.5817260742188,0.017226157761035754,0.042242010031261934
2023-06-13,MKR-USD,634.490478515625,0.011008530290745222,0.053715562768978264
2023-06-14,MKR-USD,628.2760009765625,-0.009794437819778068,0.043395011209705014
2023-06-15,MKR-USD,645.2766723632812,0.02705924046166608,0.07162848771453123
2023-06-16,MKR-USD,678.2948608398438,0.05116904095670405,0.12646268969276697
2023-06-17,MKR-USD,668.6674194335938,-0.014193593320653508,0.11047413638437842
2023-06-18,MKR-USD,671.3446044921875,0.004003761781696369,0.11492021029119637
2023-06-19,MKR-USD,706.2672119140625,0.052018899367323845,0.17291713251292973
2023-06-20,MKR-USD,728.2251586914062,0.03109014039861102,0.209383290838693
2023-06-21,MKR-USD,753.89306640625,0.03524721359664085,0.2520106820110928
2023-06-22,MKR-USD,738.4319458007812,-0.020508373527257318,0.2263339792842931
2023-06-23,MKR-USD,727.2885131835938,-0.015090669736807172,0.20782777821588927
2023-06-24,MKR-USD,681.850341796875,-0.062476129573145744,0.13236737344202854
2023-06-25,MKR-USD,705.4319458007812,0.034584721248011485,0.17152998340286407
2023-06-26,MKR-USD,688.5379028320312,-0.023948508526322132,0.14347358760649853
2023-06-27,MKR-USD,689.4496459960938,0.0013241728019799393,0.14498774423098948
2023-06-28,MKR-USD,677.08935546875,-0.01792776397685436,0.12446067419602547
2023-06-29,MKR-USD,687.5684814453125,0.015476725327202567,0.14186364319179834
2023-06-30,MKR-USD,830.7417602539062,0.20823130011374924,0.3796353941662487
2023-07-01,MKR-USD,842.6096801757812,0.014285931548990272,0.39934477096987187
2023-07-02,MKR-USD,858.810546875,0.019227012317065917,0.42624999011713127
2023-07-03,MKR-USD,978.30419921875,0.13913854781890822,0.624696342568761
2023-07-04,MKR-USD,981.9761352539062,0.0037533683675166074,0.6307944264277785
2023-07-05,MKR-USD,917.3611450195312,-0.06580097816498132,0.523486557982831
2023-07-06,MKR-USD,968.521484375,0.055769027970308915,0.6084499224473652
2023-07-07,MKR-USD,939.7816162109376,-0.02967396038984993,0.5607208431596049
2023-07-08,MKR-USD,932.4661254882812,-0.007784245399640177,0.5485718091161171
2023-07-09,MKR-USD,962.68505859375,0.032407539833840815,0.5987572117056106
2023-07-10,MKR-USD,914.9892578125,-0.049544552868538316,0.519547500506305
2023-07-11,MKR-USD,913.3176879882812,-0.0018268737145777925,0.5167714791195777
2023-07-12,MKR-USD,907.8101196289062,-0.006030287633546516,0.5076249108261268
2023-07-13,MKR-USD,924.531005859375,0.01841892469463091,0.5353937405263829
2023-07-14,MKR-USD,868.15869140625,-0.0609739577102939,0.4417747075228773
2023-07-15,MKR-USD,889.8560180664062,0.024992350908807692,0.47780804694473256
2023-07-16,MKR-USD,970.0057373046876,0.09007043567839323,0.6109148615820801
2023-07-17,MKR-USD,936.622802734375,-0.0344151929070774,0.555474915863855
2023-07-18,MKR-USD,924.593017578125,-0.012843788471869622,0.5354967250712004
2023-07-19,MKR-USD,990.1499633789062,0.07090357006210235,0.6443689246974149
2023-07-20,MKR-USD,1032.79443359375,0.04306869847201589,0.715189754091961
2023-07-21,MKR-USD,1094.58984375,0.059833213799598495,0.817815069355426
2023-07-22,MKR-USD,1110.1207275390625,0.014188770230001868,0.8436076296951451
2023-07-23,MKR-USD,1089.7442626953125,-0.018355179160487345,0.8097678813504494
2023-07-24,MKR-USD,1067.6744384765625,-0.02025229677664353,0.7731159251205026
2023-07-25,MKR-USD,1139.34765625,0.0671302179676665,0.8921455836557826
2023-07-26,MKR-USD,1180.986328125,0.036546063571190945,0.961296056442015
2023-07-27,MKR-USD,1164.3546142578125,-0.014082901275913162,0.9336753177063042
2023-07-28,MKR-USD,1179.8817138671875,0.013335370014634584,0.9594615935560837
2023-07-29,MKR-USD,1284.544921875,0.08870652606757301,1.1332786244832747
2023-07-30,MKR-USD,1249.77734375,-0.027066066381120524,1.075539163623585
2023-07-31,MKR-USD,1225.9825439453125,-0.019039231206808727,1.0360224936085691
2023-08-01,MKR-USD,1338.3922119140625,0.09168945228780045,1.2227042808931805
2023-08-02,MKR-USD,1293.515380859375,-0.03353040361054416,1.1481761092479479
2023-08-03,MKR-USD,1291.0111083984375,-0.0019360206287409865,1.1440171959862755
2023-08-04,MKR-USD,1302.618408203125,0.008990859744876234,1.1632937538859909
2023-08-05,MKR-USD,1244.3883056640625,-0.04470234887850777,1.0665894417730826
2023-08-06,MKR-USD,1221.453125,-0.018430887336106316,1.028500364601776
2023-08-07,MKR-USD,1217.708740234375,-0.003065516546633784,1.0222819631692368
2023-08-08,MKR-USD,1212.442626953125,-0.004324608264071772,1.013536385879032
2023-08-09,MKR-USD,1212.2203369140625,-0.0001833406662887782,1.013167222776448
2023-08-10,MKR-USD,1255.257080078125,0.03550240979591268,1.0846395105071571
2023-08-11,MKR-USD,1248.885986328125,-0.005075529029960557,1.0740588621545752
2023-08-12,MKR-USD,1224.061279296875,-0.019877480653168078,1.0328317972485657
2023-08-13,MKR-USD,1244.5108642578125,0.016706340856304402,1.066792978156934
2023-08-14,MKR-USD,1249.0130615234375,0.0036176440037025692,1.074269899381258
2023-08-15,MKR-USD,1231.8565673828125,-0.013736040614098166,1.0457776437987558
2023-08-16,MKR-USD,1129.638427734375,-0.08297892981616273,0.8760212042745041
2023-08-17,MKR-USD,1083.2806396484375,-0.04103772229040892,0.7990335670825686
2023-08-18,MKR-USD,1071.205322265625,-0.011146989008066654,0.7789797596851562
2023-08-19,MKR-USD,1102.1806640625,0.028916344190076826,0.8304213507233924
2023-08-20,MKR-USD,1110.066650390625,0.007154894460821293,0.8435178223066522
2023-08-21,MKR-USD,1093.564453125,-0.014865951751471873,0.8161121753072629
2023-08-22,MKR-USD,1039.565185546875,-0.04937913574624264,0.7264341256723614
2023-08-23,MKR-USD,1073.591552734375,0.032731345432273296,0.7829426374058082
2023-08-24,MKR-USD,1031.26513671875,-0.03942506431596082,0.7126500092544155
2023-08-25,MKR-USD,1013.16796875,-0.017548511361812347,0.6825955511082062
2023-08-26,MKR-USD,1038.81982421875,0.025318462742558,0.7251962838797332
2023-08-27,MKR-USD,1073.243408203125,0.03313720356681049,0.782364464331361
2023-08-28,MKR-USD,1027.197265625,-0.04290372736154757,0.7058943852947774
2023-08-29,MKR-USD,1047.0699462890625,0.01934650853258546,0.7388974855755726
2023-08-30,MKR-USD,1043.8531494140625,-0.003072189099114775,0.7335552636759093
2023-08-31,MKR-USD,1156.1719970703125,0.10760023832786914,0.9200862232019691
2023-09-01,MKR-USD,1140.6971435546875,-0.013384560043693816,0.8943867138584531
2023-09-02,MKR-USD,1139.1229248046875,-0.0013800496993394695,0.8917723660435601
2023-09-03,MKR-USD,1127.81689453125,-0.009925206513929141,0.8729961346332336
2023-09-04,MKR-USD,1117.2811279296875,-0.0093417350393048,0.8554991010138477
2023-09-05,MKR-USD,1133.2359619140625,0.014280053234174916,0.8819957269522891
2023-09-06,MKR-USD,1136.42724609375,0.0028160809283683808,0.8872955792262303
2023-09-07,MKR-USD,1144.74462890625,0.007318887188853873,0.9011084826626097
2023-09-08,MKR-USD,1137.008056640625,-0.006758338995673574,0.8882601470692251
2023-09-09,MKR-USD,1127.254638671875,-0.008578143234593383,0.8720623810634909
2023-09-10,MKR-USD,1116.3094482421875,-0.00970959892663037,0.8538854061777317
2023-09-11,MKR-USD,1081.4931640625,-0.03118873913905451,0.7960650578507542
2023-09-12,MKR-USD,1119.68359375,0.035312687085364614,0.8594889412235951
2023-09-13,MKR-USD,1154.9940185546875,0.03153607412110704,0.9181299223014012
2023-09-14,MKR-USD,1161.2161865234375,0.00538718631334234,0.9284632455660358
2023-09-15,MKR-USD,1278.8741455078125,0.10132304419268467,1.1238610122204915
2023-09-16,MKR-USD,1269.780029296875,-0.007111032968241338,1.1087581665426294
2023-09-17,MKR-USD,1252.8275146484375,-0.013350749151272101,1.0806046652404224
2023-09-18,MKR-USD,1238.59521484375,-0.011360143067005724,1.0569686985774118
2023-09-19,MKR-USD,1288.4940185546875,0.04028661108401921,1.139836996549001
2023-09-20,MKR-USD,1347.3638916015625,0.04568889897751305,1.2376037929126733
2023-09-21,MKR-USD,1305.7974853515625,-0.03085017084775188,1.1685733336117399
2023-09-22,MKR-USD,1273.4705810546875,-0.02475644551281364,1.11488716603764
2023-09-23,MKR-USD,1288.57470703125,0.011860600630485996,1.139970998092553
2023-09-24,MKR-USD,1272.0072021484375,-0.012857232717986888,1.1124568929603345
2023-09-25,MKR-USD,1316.3692626953125,0.0348756362950986,1.1861301712482932
2023-09-26,MKR-USD,1426.138671875,0.08338800691451187,1.368427209084369
2023-09-27,MKR-USD,1496.2706298828125,0.049176114070034416,1.4848972556848752
2023-09-28,MKR-USD,1513.300537109375,0.011381568872935954,1.513179284942622
2023-09-29,MKR-USD,1451.419921875,-0.040891160557291584,1.4104124672927738
2023-09-30,MKR-USD,1533.16748046875,0.05632247247105804,1.5461728571257662
2023-10-01,MKR-USD,1481.0548095703125,-0.03399020104607531,1.4596279298140016
2023-10-02,MKR-USD,1452.8056640625,-0.01907366650124731,1.412713806963576
2023-10-03,MKR-USD,1424.1239013671875,-0.01974232576648227,1.3650812250052113
2023-10-04,MKR-USD,1442.0634765625,0.012596920238534093,1.3948739645542565
2023-10-05,MKR-USD,1469.6683349609375,0.01914260977210258,1.4407181023110867
2023-10-06,MKR-USD,1442.3487548828125,-0.018588942435676215,1.395347734005513
2023-10-07,MKR-USD,1408.0185546875,-0.02380159450278152,1.3383346385475572
2023-10-08,MKR-USD,1403.517333984375,-0.0031968475757224724,1.3308593391270884
2023-10-09,MKR-USD,1375.8250732421875,-0.01973061541290222,1.2848700499252006
2023-10-10,MKR-USD,1377.7445068359375,0.0013951145614949922,1.288057705402975
2023-10-11,MKR-USD,1399.3125,0.01565456661743081,1.3238762571767317
2023-10-12,MKR-USD,1362.76318359375,-0.02611948110679352,1.2631778151828779
2023-10-13,MKR-USD,1428.9434814453125,0.04856331507066258,1.3730852324825378
2023-10-14,MKR-USD,1417.005615234375,-0.00835433057076751,1.3532596939777721
2023-10-15,MKR-USD,1432.1561279296875,0.010691921423900963,1.3784205617158158
2023-10-16,MKR-USD,1417.774658203125,-0.010041830947127406,1.3545368645138938
2023-10-17,MKR-USD,1392.5687255859375,-0.017778518237258734,1.3126766879278353
2023-10-18,MKR-USD,1379.921142578125,-0.009082196645261331,1.2916725034711631
2023-10-19,MKR-USD,1405.8963623046875,0.01882369863399047,1.3348102560443067
2023-10-20,MKR-USD,1429.020751953125,0.016448146725786872,1.3732135577125955
2023-10-21,MKR-USD,1425.6588134765625,-0.0023526169735237357,1.3676302952149242
2023-10-22,MKR-USD,1448.02099609375,0.015685507925038422,1.4047677789740791
2023-10-23,MKR-USD,1564.7906494140625,0.08064085647605657,1.598690312296573
2023-10-24,MKR-USD,1500.7918701171875,-0.040899259796087994,1.4924058020843782
2023-10-25,MKR-USD,1431.439453125,-0.04621054949263026,1.3772303604114393
2023-10-26,MKR-USD,1417.578369140625,-0.009683318392625484,1.3542108819389593
2023-10-27,MKR-USD,1390.0460205078125,-0.019422099851525876,1.308487163118392
2023-10-28,MKR-USD,1441.7015380859375,0.03716101252478987,1.3942728835003515
2023-10-29,MKR-USD,1425.5767822265625,-0.01118453121773244,1.3674940636910717
2023-10-30,MKR-USD,1394.4534912109375,-0.021832069239381524,1.3158067693687436
2023-10-31,MKR-USD,1367.899658203125,-0.019042465865787506,1.2717080980112798
2023-11-01,MKR-USD,1338.4632568359375,-0.021519415690077204,1.2228222671236604
2023-11-02,MKR-USD,1307.8626708984375,-0.022862477383083557,1.1720030433149313
2023-11-03,MKR-USD,1339.3514404296875,0.02407651065506644,1.22429729773014
2023-11-04,MKR-USD,1338.5408935546875,-0.0006051786338766574,1.2229512005301642
2023-11-05,MKR-USD,1328.947265625,-0.007167228118231228,1.2070188021802686
2023-11-06,MKR-USD,1333.743896484375,0.0036093462723814085,1.2149846972669938
2023-11-07,MKR-USD,1295.2490234375,-0.028862267447554157,1.1510552165422339
2023-11-08,MKR-USD,1316.557373046875,0.01645116052882578,1.186442571215938
2023-11-09,MKR-USD,1371.9031982421875,0.042038293452587805,1.2783568856419443
2023-11-10,MKR-USD,1325.5950927734375,-0.03375464502749492,1.2014517577211516
2023-11-11,MKR-USD,1287.1011962890625,-0.029038955178867787,1.1375238988002474
2023-11-12,MKR-USD,1286.724365234375,-0.0002927750015103703,1.1368980852375477
2023-11-13,MKR-USD,1383.8885498046875,0.07551281936952692,1.2982612843591785
2023-11-14,MKR-USD,1375.61767578125,-0.005976546322754683,1.2845256193314123
2023-11-15,MKR-USD,1418.576416015625,0.031228691656624452,1.3558683654791719
2023-11-16,MKR-USD,1338.859619140625,-0.05619492610690768,1.2234805167634684
2023-11-17,MKR-USD,1358.9879150390625,0.015033910658502903,1.2569081242034121
2023-11-18,MKR-USD,1366.193603515625,0.0053022461766008,1.268874806675909
2023-11-19,MKR-USD,1386.848388671875,0.01511849060272219,1.3031767691193918
2023-11-20,MKR-USD,1406.33056640625,0.014047806446263467,1.3355313505835116
2023-11-21,MKR-USD,1380.8280029296875,-0.01813411731619541,1.293178551076378
2023-11-22,MKR-USD,1467.264404296875,0.06259751481270404,1.4367258293955567
2023-11-23,MKR-USD,1472.3968505859375,0.0034979696052273024,1.4452494222830548
2023-11-24,MKR-USD,1457.4033203125,-0.010183076843359729,1.4203492595147655
2023-11-25,MKR-USD,1457.854736328125,0.0003097399390639133,1.4210989383469212
2023-11-26,MKR-USD,1488.2572021484375,0.020854249098155586,1.471589138698488
2023-11-27,MKR-USD,1477.5098876953125,-0.007221409335436246,1.453740781818928
2023-11-28,MKR-USD,1486.18994140625,0.005874785531538418,1.4681559826621036
2023-11-29,MKR-USD,1522.1475830078125,0.024194512827572234,1.5278718142450711
2023-11-30,MKR-USD,1527.369384765625,0.003430548927124466,1.5365438021853377
2023-12-01,MKR-USD,1547.3262939453125,0.013066196938830155,1.5696867830486605
2023-12-02,MKR-USD,1541.4896240234375,-0.0037721002639933277,1.5599936668559424
2023-12-03,MKR-USD,1515.95849609375,-0.016562633657597248,1.5175934295860385
2023-12-04,MKR-USD,1485.4849853515625,-0.020101810716263158,1.4669852430039922
2023-12-05,MKR-USD,1485.5909423828125,7.132824114330916e-05,1.467161208722302
2023-12-06,MKR-USD,1426.55322265625,-0.039740225954709274,1.369115664820984
2023-12-07,MKR-USD,1449.7916259765625,0.01628989577903206,1.4077083120893898
2023-12-08,MKR-USD,1445.1390380859375,-0.0032091424776240496,1.3999816330713353
2023-12-09,MKR-USD,1430.7161865234375,-0.009980251852861777,1.3760292119310407
2023-12-10,MKR-USD,1417.314208984375,-0.009367320832253001,1.3537721839960772
2023-12-11,MKR-USD,1390.9637451171875,-0.018591829320662612,1.3100112532914987
2023-12-12,MKR-USD,1361.7293701171875,-0.02101735225136081,1.2614609330764637
2023-12-13,MKR-USD,1365.0126953125,0.0024111437025331472,1.2669136403637755
2023-12-14,MKR-USD,1362.589599609375,-0.0017751451773643234,1.2628895395475825
2023-12-15,MKR-USD,1312.170166015625,-0.037002655537811346,1.179156617395587
2023-12-16,MKR-USD,1327.4139404296875,0.011617223748006555,1.2044723674018205
2023-12-17,MKR-USD,1317.6571044921875,-0.0073502587552618515,1.1882689250825926
2023-12-18,MKR-USD,1289.3212890625,-0.021504695973697863,1.1412108671400008
2023-12-19,MKR-USD,1289.804931640625,0.0003751140869445724,1.1420140654993838
2023-12-20,MKR-USD,1286.2481689453125,-0.0027575973762081762,1.1361072531325616
2023-12-21,MKR-USD,1323.2076416015625,0.028734324797177857,1.19748685274568
2023-12-22,MKR-USD,1391.582275390625,0.051673397008427324,1.3110384633084067
2023-12-23,MKR-USD,1383.7200927734375,-0.0056498151465608215,1.2979815231941223
2023-12-24,MKR-USD,1398.3397216796875,0.01056545249476537,1.3222607378112783
2023-12-25,MKR-USD,1407.5068359375,0.006555713261725105,1.3374848133273312
2023-12-26,MKR-USD,1413.9002685546875,0.004542381219007741,1.3481025604431052
2023-12-27,MKR-USD,1527.1658935546875,0.08010863815436009,1.5362058588069685
2023-12-28,MKR-USD,1561.3564453125,0.02238823686549818,1.5929870363136032
2023-12-29,MKR-USD,1542.3294677734375,-0.01218618438869945,1.5613884181715783
2023-12-30,MKR-USD,1599.51953125,0.03708031563393788,1.6563655091784932
2023-12-31,MKR-USD,1698.017578125,0.06157977126920433,1.8199438896411082
2024-01-01,MKR-USD,1654.6424560546875,-0.025544565986300616,1.747909646874506
2024-01-02,MKR-USD,1834.3165283203125,0.10858785329009257,2.0462992564637448
2024-01-03,MKR-USD,1808.9049072265625,-0.013853454788972264,2.0040974874406445
2024-01-04,MKR-USD,1778.5853271484375,-0.016761290191097622,1.9537449376913045
2024-01-05,MKR-USD,1739.07177734375,-0.02221628009719312,1.8881237128198882
2024-01-06,MKR-USD,1700.136962890625,-0.022388273422845106,1.823463609458274
2024-01-07,MKR-USD,1747.7952880859375,0.028032050496850758,1.9026110839346289
2024-01-08,MKR-USD,1819.1207275390625,0.04080880635124928,2.021063177571907
2024-01-09,MKR-USD,1844.3160400390625,0.013850269593753017,2.062905717041038
2024-01-10,MKR-USD,2037.2310791015625,0.10459977296429845,2.383284959654582
2024-01-11,MKR-USD,2142.585205078125,0.051714372050039925,2.5582494168094634
2024-01-12,MKR-USD,2024.192138671875,-0.05525711002094458,2.361630837302861
2024-01-13,MKR-USD,2069.8994140625,0.022580502372968825,2.4375381504016236
2024-01-14,MKR-USD,2033.96240234375,-0.017361718871265364,2.377856579425101
2024-01-15,MKR-USD,2017.7286376953125,-0.007981349424026285,2.3508967257604634
2024-01-16,MKR-USD,2010.7979736328125,-0.003434884123177384,2.3393867837987417
2024-01-17,MKR-USD,1993.091552734375,-0.008805668759675589,2.3099812499201717
2024-01-18,MKR-USD,1986.4534912109373,-0.003330535175030347,2.2989572409386216
2024-01-19,MKR-USD,1963.3314208984373,-0.01163987499068242,2.2605577910544894
2024-01-20,MKR-USD,1970.2037353515625,0.0035003333517580337,2.271970830235852
2024-01-21,MKR-USD,1990.29931640625,0.010199747718528052,2.3053441072466407
2024-01-22,MKR-USD,1928.390380859375,-0.031105339300753876,2.2025302572849865
2024-01-23,MKR-USD,1930.1973876953125,0.0009370544750031407,2.2055312025939084
2024-01-24,MKR-USD,2122.90771484375,0.0998396994923596,2.525570474574266
2024-01-25,MKR-USD,2091.87353515625,-0.014618713508130154,2.4740311698537427
2024-01-26,MKR-USD,2075.127685546875,-0.008005192153322072,2.446220882792433
2024-01-27,MKR-USD,2002.8035888671875,-0.03485284167495817,2.326110291987534
2024-01-28,MKR-USD,1959.0283203125,-0.02185699526304896,2.253411515091184
2024-01-29,MKR-USD,1974.5030517578125,0.007899187206667824,2.279110821709218
2024-01-30,MKR-USD,2025.3939208984373,0.025774013919765304,2.3636266696724046
2024-01-31,MKR-USD,1960.46435546875,-0.03205774677198858,2.2557963776605394
2024-02-01,MKR-USD,1995.052001953125,0.017642578600264747,2.313237021159873
2024-02-02,MKR-USD,1980.579345703125,-0.007254275194747528,2.2892018880229537
2024-02-03,MKR-USD,2004.931640625,0.012295541188343417,2.3296444053139167
2024-02-04,MKR-USD,1993.4453125,-0.005729037285989169,2.310568748366788
2024-02-05,MKR-USD,1948.566162109375,-0.022513359212418815,2.236036724937399
2024-02-06,MKR-USD,1951.7496337890625,0.001633750878769824,2.241323602780497
2024-02-07,MKR-USD,1947.826904296875,-0.0020098528132279636,2.2348090194188663
2024-02-08,MKR-USD,1939.61865234375,-0.0042140561540749966,2.221177352563327
2024-02-09,MKR-USD,1969.1046142578125,0.015201937699677703,2.2701454899966076
2024-02-10,MKR-USD,2006.3892822265625,0.018934833476484947,2.3320651502935714
2024-02-11,MKR-USD,2026.72216796875,0.010134068160304155,2.3658325256412205
2024-02-12,MKR-USD,2075.489501953125,0.024062170313778664,2.446821761120855
2024-02-13,MKR-USD,2055.587890625,-0.009588875929941731,2.413770614900844
2024-02-14,MKR-USD,2090.31689453125,0.01689492532264847,2.4714460145082455
2024-02-15,MKR-USD,2096.682861328125,0.0030454553630263614,2.482018148390586
2024-02-16,MKR-USD,2082.177001953125,-0.006918480444778052,2.4579278739225834
2024-02-17,MKR-USD,2130.831298828125,0.023367032115598763,2.5387293856059565
2024-02-18,MKR-USD,2172.986328125,0.01978337248944051,2.608737387180728
2024-02-19,MKR-USD,2157.75830078125,-0.007007879960703511,2.5834477887616627
2024-02-20,MKR-USD,2129.99462890625,-0.012866905373483117,2.537339905152849
2024-02-21,MKR-USD,2051.76806640625,-0.03672617829096092,2.4074269291204744
2024-02-22,MKR-USD,2023.6612548828125,-0.0136988249225789,2.3607491841819725
2024-02-23,MKR-USD,1986.624267578125,-0.018301969865422096,2.299240853887832
2024-02-24,MKR-USD,2042.15283203125,0.027951216221081987,2.391458648360278
2024-02-25,MKR-USD,2050.569580078125,0.0041215074184741685,2.405436570338943
2024-02-26,MKR-USD,2104.26953125,0.026187822004961614,2.494617537092166
2024-02-27,MKR-USD,2154.8369140625,0.02403084873944894,2.5785961625282536
2024-02-28,MKR-USD,2176.26953125,0.009946282731482015,2.6141898917425563
2024-02-29,MKR-USD,2093.419677734375,-0.03806966569441328,2.4765988908077894
2024-03-01,MKR-USD,2107.82568359375,0.0068815660866272665,2.5005233358315784
2024-03-02,MKR-USD,2140.00146484375,0.015264915642901666,2.5539585292590563
2024-03-03,MKR-USD,2094.095458984375,-0.02145138992357032,2.4777211790757216
2024-03-04,MKR-USD,2097.055908203125,0.0014137126395306066,2.482637677463344
2024-03-05,MKR-USD,1998.6162109375,-0.04694185638091719,2.3191561997810886
2024-03-06,MKR-USD,2082.189453125,0.04181555304622386,2.4579485519217377
2024-03-07,MKR-USD,2103.202880859375,0.01009198644380671,2.492846121831113
2024-03-08,MKR-USD,2092.292724609375,-0.005187400773025819,2.474727329158666
2024-03-09,MKR-USD,2422.080322265625,0.15762019997360577,3.0224145456344074
2024-03-10,MKR-USD,2823.918212890625,0.1659060960658476,3.689757639659092
2024-03-11,MKR-USD,2605.048583984375,-0.07750565434478718,3.32627490507885
2024-03-12,MKR-USD,2632.231201171875,0.01043459126045354,3.3714178153937047
2024-03-13,MKR-USD,2896.251708984375,0.10030293224051046,3.8098838403260995
2024-03-14,MKR-USD,2902.377197265625,0.0021149709682513063,3.82005660500905
2024-03-15,MKR-USD,2821.58935546875,-0.027835059437824494,3.685890042914945
2024-03-16,MKR-USD,2845.1748046875,0.008358923375237914,3.7250590387284612
2024-03-17,MKR-USD,3280.3056640625,0.15293642368058036,4.447692669791193
2024-03-18,MKR-USD,3049.97216796875,-0.07021708330939291,4.065171579752496
2024-03-19,MKR-USD,2780.041259765625,-0.08850274472599406,3.6168899924363007
2024-03-20,MKR-USD,3042.097900390625,0.09426357961575471,4.052094569815501
2024-03-21,MKR-USD,3379.858642578125,0.11102888639584196,4.613023003868596
2024-03-22,MKR-USD,3123.893310546875,-0.07573255544084001,4.187934428037408
2024-03-23,MKR-USD,3052.82470703125,-0.022750009827699147,4.069908868814098
2024-03-24,MKR-USD,3154.928955078125,0.033445827338762335,4.239476165463714
2024-03-25,MKR-USD,3296.4052734375,0.044842949040629465,4.474429728151196
2024-03-26,MKR-USD,3216.686279296875,-0.02418361443084749,4.342038230376819
2024-03-27,MKR-USD,3291.867431640625,0.023372236461985274,4.466893611086151
2024-03-28,MKR-USD,3632.307373046875,0.10341848463702541,5.0322714640165165
2024-03-29,MKR-USD,3668.589111328125,0.009988620057452824,5.092525531753992
2024-03-30,MKR-USD,3750.667724609375,0.022373345935035927,5.228835713093963
2024-03-31,MKR-USD,3934.06396484375,0.04889695747534528,5.53340682807803
2024-04-01,MKR-USD,3749.494873046875,-0.04691563061664794,5.226887926663636
2024-04-02,MKR-USD,3751.9931640625,0.0006663006885496703,5.231036906376693
2024-04-03,MKR-USD,3801.458740234375,0.013183812978570408,5.313185731612934
2024-04-04,MKR-USD,3958.494140625,0.04130924761291577,5.573978684226459
2024-04-05,MKR-USD,3682.49951171875,-0.06972212642019315,5.115626911321167
2024-04-06,MKR-USD,3707.854736328125,0.0068853300668982875,5.157735021171619
2024-04-07,MKR-USD,3637.387939453125,-0.01900473505194089,5.040708898574195
2024-04-08,MKR-USD,3737.759033203125,0.027594277932611933,5.207397898831453
2024-04-09,MKR-USD,3394.293212890625,-0.09189084081168342,4.636994886655154
2024-04-10,MKR-USD,3338.572998046875,-0.01641585194588946,4.544458813176087
2024-04-11,MKR-USD,3361.753173828125,0.006943138818534367,4.582954760389615
2024-04-12,MKR-USD,2944.10205078125,-0.12423610582072675,3.889350201985521
2024-04-13,MKR-USD,2799.50390625,-0.04911451506678555,3.649212137823312
2024-04-14,MKR-USD,3042.549560546875,0.08681740138110405,4.052844654098619
2024-04-15,MKR-USD,3076.67822265625,0.011217126107632147,4.109523049785918
2024-04-16,MKR-USD,3260.7470703125,0.05982713639040682,4.415211182175387
2024-04-17,MKR-USD,3144.3359375,-0.03570075516508664,4.221884053593304
2024-04-18,MKR-USD,2999.39306640625,-0.04609649667681226,3.981173492670141
2024-04-19,MKR-USD,2954.861328125,-0.014846916457870618,3.9072184259623084
2024-04-20,MKR-USD,3117.80908203125,0.05514565179600095,4.177830184567346
2024-04-21,MKR-USD,3006.63037109375,-0.03565924276064625,3.9931926810424567
2024-04-22,MKR-USD,2898.150390625,-0.0360802516703399,3.8130370324719456
2024-04-23,MKR-USD,2921.677490234375,0.008117970580643785,3.852109125505102
2024-04-24,MKR-USD,2872.32958984375,-0.0168902627191293,3.770155727633436
2024-04-25,MKR-USD,2855.673095703125,-0.005798949465799619,3.742493835624895
2024-04-26,MKR-USD,2870.59765625,0.005226284678498949,3.7672794584958975
2024-04-27,MKR-USD,2987.546142578125,0.04074011768019781,3.9614989846494097
2024-04-28,MKR-USD,3070.862548828125,0.027887906085394043,4.09986480237609
2024-04-29,MKR-USD,2839.61962890625,-0.07530226971901421,3.715833407497059
2024-04-30,MKR-USD,2665.730712890625,-0.06123669319844882,3.4270513639471663
2024-05-01,MKR-USD,2723.25732421875,0.021580053472747496,3.522587369107746
2024-05-02,MKR-USD,2768.51513671875,0.016618999643371435,3.5977482469820634
2024-05-03,MKR-USD,2961.005615234375,0.06952841830721046,3.9174224103694755
2024-05-04,MKR-USD,2871.4580078125,-0.03024229571235948,3.7687082676924986
2024-05-05,MKR-USD,2913.607177734375,0.014678664917682216,3.8387065384441375
2024-05-06,MKR-USD,2783.91259765625,-0.044513406292119195,3.6233192283700397
2024-05-07,MKR-USD,2810.3271484375,0.009488283074507553,3.667186589952628
2024-05-08,MKR-USD,2694.88134765625,-0.041079132315764766,3.475462614481601
2024-05-09,MKR-USD,2748.848876953125,0.02002593893189797,3.565087955491202
2024-05-10,MKR-USD,2673.43115234375,-0.027436111618100112,3.439839692797901
2024-05-11,MKR-USD,2699.083984375,0.009595471351024232,3.4824420473732838
2024-05-12,MKR-USD,2692.64697265625,-0.0023848875233278832,3.4717519272604633
2024-05-13,MKR-USD,2682.348388671875,-0.0038247063536203108,3.454648789252456
2024-05-14,MKR-USD,2677.490478515625,-0.001811066070599221,3.446581125973805
2024-05-15,MKR-USD,2812.268798828125,0.05033755353902136,3.6704111414681133
2024-05-16,MKR-USD,2693.308837890625,-0.042300352294585286,3.472851104823456
2024-05-17,MKR-USD,2786.073486328125,0.03444263321474583,3.626907874851061
2024-05-18,MKR-USD,2826.45654296875,0.014494612880382896,3.6939731133302223
2024-05-19,MKR-USD,2775.1669921875,-0.018146237170651225,3.608795163943072
2024-05-20,MKR-USD,3163.939697265625,0.14008984186269768,4.254440549637423
2024-05-21,MKR-USD,3062.7939453125,-0.03196829321384931,4.0864650534718745
2024-05-22,MKR-USD,2939.115966796875,-0.04038077021306308,3.881069676950851
2024-05-23,MKR-USD,2832.802001953125,-0.03617208917401571,3.704511189331601
2024-05-24,MKR-USD,2750.351806640625,-0.0291055270561279,3.567583911624654
2024-05-25,MKR-USD,2796.37548828125,0.01673374349037915,3.644016689172563
2024-05-26,MKR-USD,2833.00927734375,0.01310045421869166,3.7048554171999086
2024-05-27,MKR-USD,2765.241943359375,-0.023920618448491027,3.592312365909754
2024-05-28,MKR-USD,2714.38818359375,-0.01839034732123468,3.5078581464930725
2024-05-29,MKR-USD,2685.037353515625,-0.010813055500140556,3.4591144261682825
2024-05-30,MKR-USD,2703.03076171875,0.006701362340291395,3.4889965676548567
2024-05-31,MKR-USD,2721.9228515625,0.0069892248772400745,3.5203711741393553
2024-06-01,MKR-USD,2677.092041015625,-0.016470272300752486,3.4459194300008082
2024-06-02,MKR-USD,2641.82421875,-0.013173929668942264,3.3873492001161933
2024-06-03,MKR-USD,2576.9091796875,-0.024572050858559846,3.2795430324366768
2024-06-04,MKR-USD,2633.717041015625,0.02204496059694816,3.3738853899596872
2024-06-05,MKR-USD,2679.56396484375,0.017407687733396404,3.45002462100977
2024-06-06,MKR-USD,2619.155029296875,-0.02254431554515901,3.349701861769999
2024-06-07,MKR-USD,2503.301025390625,-0.04423335106564941,3.1572999722874178
2024-06-08,MKR-USD,2426.885009765625,-0.030526099278482044,3.0303938206029413
2024-06-09,MKR-USD,2489.131103515625,0.025648555040525434,3.1337675983456696
2024-06-10,MKR-USD,2399.475341796875,-0.03601889896121624,2.9848738408917073
2024-06-11,MKR-USD,2264.59716796875,-0.056211527361277214,2.760877995953185
2024-06-12,MKR-USD,2305.63720703125,0.018122445635358364,2.829034302976062
2024-06-13,MKR-USD,2247.4736328125,-0.025226680954564262,2.7324404762508028
2024-06-14,MKR-USD,2275.02392578125,0.01225833868149695,2.778193995717213
2024-06-15,MKR-USD,2308.560546875,0.014741216878514152,2.8338891728171802
2024-06-16,MKR-USD,2429.468505859375,0.05237374395401617,3.0346843027023818
2024-06-17,MKR-USD,2296.222412109375,-0.054845779407569184,2.813398897457185
2024-06-18,MKR-USD,2226.86376953125,-0.03020554202953285,2.6982131167846677
2024-06-19,MKR-USD,2474.157470703125,0.11105021535463289,3.1089004798309334
2024-06-20,MKR-USD,2483.266845703125,0.003681808901763839,3.124028666194037
2024-06-21,MKR-USD,2481.748046875,-0.0006116132185927103,3.121506355747937
2024-06-22,MKR-USD,2357.272705078125,-0.05015631701760115,2.9147867763789854
2024-06-23,MKR-USD,2254.920166015625,-0.043419897427229515,2.7448071360991353
2024-06-24,MKR-USD,2195.870361328125,-0.02618709326274693,2.646741522375107
2024-06-25,MKR-USD,2364.438720703125,0.07676607979400263,2.926687573069857
2024-06-26,MKR-USD,2452.5595703125,0.03726924653947905,3.0730322603141067
2024-06-27,MKR-USD,2599.239501953125,0.05980687825736908,3.316627604845049
2024-06-28,MKR-USD,2516.40625,-0.03186826450232161,3.1790641745758244
2024-06-29,MKR-USD,2432.0498046875,-0.03352258615336856,3.03897113574315
2024-06-30,MKR-USD,2533.204833984375,0.041592499093526136,3.206962039045325
2024-07-01,MKR-USD,2564.81591796875,0.012478692429563676,3.2594594243934214
2024-07-02,MKR-USD,2558.911376953125,-0.002302130524946655,3.249653592832754
2024-07-03,MKR-USD,2315.775390625,-0.09501539932876657,2.8458710597008223
2024-07-04,MKR-USD,2226.014892578125,-0.038760450780440214,2.6968033637833693
2024-07-05,MKR-USD,2225.90478515625,-4.946391968985164e-05,2.696620505398674
2024-07-06,MKR-USD,2351.195556640625,0.056287570034393886,2.9046942909868783
2024-07-07,MKR-USD,2119.076416015625,-0.09872387686741402,2.5192077325985953
2024-07-08,MKR-USD,2199.908935546875,0.03814516499751086,2.6534484922190846
2024-07-09,MKR-USD,2298.227783203125,0.044692235241005074,2.816729271674235
2024-07-10,MKR-USD,2295.5419921875,-0.0011686356919250462,2.8122689056209413
2024-07-11,MKR-USD,2379.89501953125,0.036746453617852115,2.952356268140121
2024-07-12,MKR-USD,2518.032470703125,0.058043506137124945,3.181764883446016
2024-07-13,MKR-USD,2709.529541015625,0.07605027835841494,3.49978926686153
2024-07-14,MKR-USD,2782.2177734375,0.02682688316239168,3.620504587779008
2024-07-15,MKR-USD,2923.361328125,0.05073059198853214,3.854905520802766
2024-07-16,MKR-USD,3040.4736328125,0.040060838036266366,4.049397104553021
2024-07-17,MKR-USD,2861.43212890625,-0.05888605708467631,3.7520580184111125
2024-07-18,MKR-USD,2817.205810546875,-0.015456008168986402,3.678610170859053
2024-07-19,MKR-USD,2839.811279296875,0.008024074302761752,3.716151686503683
2024-07-20,MKR-USD,2812.579345703125,-0.009589346233068174,3.670926875094131
2024-07-21,MKR-USD,2888.654541015625,0.027048195254908203,3.797267017233075
2024-07-22,MKR-USD,2693.2509765625,-0.06764518279310161,3.4727550129450266
2024-07-23,MKR-USD,2820.2431640625,0.04715200648031881,3.6836543863002893
2024-07-24,MKR-USD,2707.890869140625,-0.0398378041842441,3.4970678799921826
2024-07-25,MKR-USD,2644.650146484375,-0.023354236087187674,3.392042295022737
2024-07-26,MKR-USD,2652.813232421875,0.0030866411379031344,3.4055989534499647
2024-07-27,MKR-USD,2651.56884765625,-0.00046908118159860734,3.4035323698872304
2024-07-28,MKR-USD,2635.9921875,-0.005874507150745223,3.37766378749179
2024-07-29,MKR-USD,2818.317138671875,0.06916748541079465,3.680455783646493
2024-07-30,MKR-USD,2777.66455078125,-0.014424419215568585,3.6129429273032434
2024-07-31,MKR-USD,2805.01513671875,0.009846612302341295,3.6583647878812258
2024-08-01,MKR-USD,2742.944091796875,-0.02212859535385059,3.555281718479576
2024-08-02,MKR-USD,2429.375244140625,-0.11431835180090533,3.034529420434195
2024-08-03,MKR-USD,2315.400146484375,-0.04691539437192538,2.845247881569389
2024-08-04,MKR-USD,2170.367919921875,-0.06263808300380047,2.604388925593458
2024-08-05,MKR-USD,1904.9798583984373,-0.12227791384466768,2.163651767087067
2024-08-06,MKR-USD,1863.266845703125,-0.021896826106277745,2.0943778344823434
2024-08-07,MKR-USD,1793.0045166015625,-0.03770921447112863,1.9776912770671422
2024-08-08,MKR-USD,2054.48095703125,0.14583144549199822,2.4119323002307578
2024-08-09,MKR-USD,2008.24951171875,-0.022502737323642608,2.3351544839126133
2024-08-10,MKR-USD,1971.81640625,-0.018141722557954876,2.2746490365775514
2024-08-11,MKR-USD,1887.3497314453125,-0.04283698752934417,2.1343729366347
2024-08-12,MKR-USD,2016.778076171875,0.06857676803092971,2.3493181024327217
2024-08-13,MKR-USD,2137.810791015625,0.06001290686057392,2.550320417760451
2024-08-14,MKR-USD,2059.36181640625,-0.03669593910698976,2.420038075900011
2024-08-15,MKR-USD,1962.2452392578125,-0.04715857911647292,2.2587539397163305
2024-08-16,MKR-USD,1977.530517578125,0.007789688064726352,2.284138616386419
2024-08-17,MKR-USD,1953.488525390625,-0.012157583396965266,2.244211427270507
2024-08-18,MKR-USD,1936.262451171875,-0.00881810872951272,2.215603618163308
2024-08-19,MKR-USD,1959.7005615234373,0.012104820985077147,2.2545279243201413
2024-08-20,MKR-USD,1939.5499267578125,-0.01028250701217337,2.2210632181170054
2024-08-21,MKR-USD,2035.6925048828125,0.04956952991961061,2.3807298076804133
2024-08-22,MKR-USD,2025.138916015625,-0.005184274561051638,2.363203176140667
2024-08-23,MKR-USD,2175.0498046875,0.0740249903284751,2.6121642587271765
2024-08-24,MKR-USD,2135.2421875,-0.018301933639271017,2.546054668169805
2024-08-25,MKR-USD,2133.53564453125,-0.0007992268880505637,2.5432205659325064
2024-08-26,MKR-USD,2083.650634765625,-0.023381380992387846,2.4603751759403742
2024-08-27,MKR-USD,1968.2374267578125,-0.0553899037017761,2.2687053281730205
2024-08-28,MKR-USD,1818.74609375,-0.07595188008088172,2.020441013067884
2024-08-29,MKR-USD,1778.558349609375,-0.022096401624573936,1.9537001353598011
2024-08-30,MKR-USD,1769.0838623046875,-0.0053270601477698465,1.9379655970802636
2024-08-31,MKR-USD,1756.3134765625,-0.007218643510517819,1.9167574707887756
2024-09-01,MKR-USD,1688.2152099609375,-0.038773412326623014,1.8036648307171244
2024-09-02,MKR-USD,1757.7462158203125,0.04118610319888294,1.9191368597701186
2024-09-03,MKR-USD,1679.0030517578125,-0.04479780036149972,1.7883659494982416
2024-09-04,MKR-USD,1672.8851318359375,-0.0036437812995455676,1.77820575379517
2024-09-05,MKR-USD,1626.839599609375,-0.02752462279106338,1.7017366883859961
2024-09-06,MKR-USD,1529.70068359375,-0.05971019886591722,1.540415453439124
2024-09-07,MKR-USD,1540.5546875,0.0070955083060761925,1.5584409923898854
2024-09-08,MKR-USD,1540.2138671875,-0.00022123220633796237,1.5578749828443534
2024-09-09,MKR-USD,1610.4000244140625,0.04556909837120582,1.6744350395588343
2024-09-10,MKR-USD,1608.1282958984375,-0.0014106610042132761,1.6706623183402272
2024-09-11,MKR-USD,1595.514892578125,-0.00784353048975206,1.6497148970184936
2024-09-12,MKR-USD,1621.81103515625,0.016481289332018756,1.6933856148836157
2024-09-13,MKR-USD,1634.7149658203125,0.007956494551055515,1.7148155228523283
2024-09-14,MKR-USD,1603.5986328125,-0.019034714710768008,1.6631397838824697
2024-09-15,MKR-USD,1539.7894287109375,-0.03979125623825808,1.5571701063437033
2024-09-16,MKR-USD,1522.0601806640625,-0.011514073103955136,1.527726662800013
2024-09-17,MKR-USD,1499.702880859375,-0.014688840880741738,1.4905972880601355
2024-09-18,MKR-USD,1512.693359375,0.008662034781303563,1.5121709283955327
2024-09-19,MKR-USD,1523.4945068359375,0.007140341691854957,1.5301086872126213
2024-09-20,MKR-USD,1517.7880859375,-0.003745613044768281,1.520631879109116
2024-09-21,MKR-USD,1584.492431640625,0.043948391953494204,1.6314095969026758
2024-09-22,MKR-USD,1582.6591796875,-0.0011569963456542487,1.62836506561514
2024-09-23,MKR-USD,1634.1005859375,0.03250314844169866,1.7137952055018042
2024-09-24,MKR-USD,1593.9521484375,-0.024569134755536792,1.6471196053989008
2024-09-25,MKR-USD,1549.9759521484375,-0.027589408083656064,1.574087142359304
2024-09-26,MKR-USD,1606.0469970703125,0.036175428944013266,1.667205848873421
2024-09-27,MKR-USD,1706.8150634765625,0.06274291262339582,1.8345541123978961
2024-09-28,MKR-USD,1688.2890625,-0.010854134916542968,1.8037874796336877
2024-09-29,MKR-USD,1662.927978515625,-0.01502176644254305,1.7616696389601039
2024-09-30,MKR-USD,1569.8504638671875,-0.05597206604913885,1.6070932835223277
2024-10-01,MKR-USD,1487.0166015625,-0.052765447545006006,1.469528839625693
2024-10-02,MKR-USD,1454.367431640625,-0.021956156970654228,1.4153074767793137
2024-10-03,MKR-USD,1433.379638671875,-0.01443087387144959,1.3804524792211423
2024-10-04,MKR-USD,1459.8916015625,0.018496120759180057,1.4244816157383062
2024-10-05,MKR-USD,1455.77587890625,-0.0028191974334567105,1.4176465233897537
2024-10-06,MKR-USD,1452.64404296875,-0.0021513173716362077,1.4124453984255094
2024-10-07,MKR-USD,1400.4498291015625,-0.03593049110676749,1.3257650504918197
2024-10-08,MKR-USD,1409.4453125,0.006423281442512252,1.3407040939802872
2024-10-09,MKR-USD,1351.449462890625,-0.041147995665404724,1.244388812067191
2024-10-10,MKR-USD,1352.531005859375,0.0008002836942468949,1.2461849598370387
2024-10-11,MKR-USD,1365.6807861328125,0.009722350331689666,1.2680231569263465
2024-10-12,MKR-USD,1356.772705078125,-0.006522813489902357,1.2532292648829362
2024-10-13,MKR-USD,1327.2989501953125,-0.02172342852454079,1.2042813999978481
2024-10-14,MKR-USD,1393.5418701171875,0.04990806322277841,1.3142928154697353
2024-10-15,MKR-USD,1323.950439453125,-0.04993852869179338,1.1987204373031886
2024-10-16,MKR-USD,1279.6165771484375,-0.033486043724567316,1.125093988601554
2024-10-17,MKR-USD,1200.858154296875,-0.06154845463714742,0.9942977376444366
2024-10-18,MKR-USD,1205.6697998046875,0.004006839184624411,1.0022885679654383
2024-10-19,MKR-USD,1215.7032470703125,0.008321886529172762,1.0189513862267066
2024-10-20,MKR-USD,1228.820068359375,0.010789492683080715,1.0407348474358953
2024-10-21,MKR-USD,1184.046875,-0.03643592297377818,0.966378789724816
2024-10-22,MKR-USD,1213.4171142578125,0.02480496328138404,1.0151547434012325
2024-10-23,MKR-USD,1159.9188232421875,-0.044088953738177006,0.9263086791441475
2024-10-24,MKR-USD,1135.864990234375,-0.02073751414825531,0.8863618256564887
2024-10-25,MKR-USD,1056.8388671875,-0.06957351773873122,0.7551209977175115
2024-10-26,MKR-USD,1101.823486328125,0.04256525808928635,0.8298281759632831
2024-10-27,MKR-USD,1102.5833740234375,0.0006896637299362851,0.8310901420882604
2024-10-28,MKR-USD,1116.8516845703125,0.012940799655638324,0.854785912768439
2024-10-29,MKR-USD,1152.6004638671875,0.03200852878744476,0.9141548810518345
2024-10-30,MKR-USD,1246.7841796875,0.08171410542757274,1.070568334806807
2024-10-31,MKR-USD,1268.9512939453125,0.01777943177252106,1.107381863245847
2024-11-01,MKR-USD,1264.92138671875,-0.0031757777038337043,1.1006892869110874
2024-11-02,MKR-USD,1210.0478515625,-0.04338098456742345,1.0095593173746455
2024-11-03,MKR-USD,1176.23291015625,-0.027945127428296135,0.9534019261758913
2024-11-04,MKR-USD,1146.5643310546875,-0.02522338802577917,0.9041305114216522
2024-11-05,MKR-USD,1121.1424560546875,-0.022172218611244632,0.8619117134580703
2024-11-06,MKR-USD,1384.4715576171875,0.23487568429899452,1.299229501260848
2024-11-07,MKR-USD,1506.951416015625,0.08846686501038525,1.5026351271767866
2024-11-08,MKR-USD,1482.63037109375,-0.01613923625101321,1.462244507609196
2024-11-09,MKR-USD,1492.5562744140625,0.006694792926027926,1.4787287247208893
2024-11-10,MKR-USD,1471.7655029296875,-0.013929639934371574,1.4442009260905433
2024-11-11,MKR-USD,1537.2506103515625,0.04449425352851444,1.5529538217706458
2024-11-12,MKR-USD,1522.2216796875,-0.009776500046811187,1.5279948686125984
2024-11-13,MKR-USD,1487.746337890625,-0.02264804282905264,1.470740732556635
2024-11-14,MKR-USD,1417.7210693359375,-0.04706801607992639,1.3544478680273304
2024-11-15,MKR-USD,1439.4853515625,0.015351596796651101,1.3905924023760208
2024-11-16,MKR-USD,1503.767578125,0.04465639507392294,1.4973476411572428
2024-11-17,MKR-USD,1477.4803466796875,-0.017480913824521438,1.4536917222523011
2024-11-18,MKR-USD,1554.916748046875,0.052411121096269664,1.582292456240181
2024-11-19,MKR-USD,1496.84423828125,-0.03734766497214059,1.4858498627244368
2024-11-20,MKR-USD,1490.0711669921875,-0.0045249005312935076,1.474601639359879
2024-11-21,MKR-USD,1643.4622802734375,0.10294213905962679,1.729342425436044
2024-11-22,MKR-USD,1631.8399658203125,-0.007071847399619857,1.7100409323020522
2024-11-23,MKR-USD,1660.824462890625,0.017761850228825704,1.7581762734555886
2024-11-24,MKR-USD,1737.227294921875,0.046002954399089635,1.8850605307880168
2024-11-25,MKR-USD,1828.4439697265625,0.05250704675854734,2.0365465389793425
2024-11-26,MKR-USD,1737.91015625,-0.0495141305807153,1.8861945771339004
2024-11-27,MKR-USD,1871.9197998046875,0.07710964981288138,2.108748030268533
2024-11-28,MKR-USD,1821.114013671875,-0.027141005794219075,2.0243734819662476
2024-11-29,MKR-USD,1809.939697265625,-0.006135978484795412,2.005815991350917
2024-11-30,MKR-USD,1862.5399169921875,0.029061863114018927,2.0931706042374865
2024-12-01,MKR-USD,1838.142333984375,-0.013099092688017233,2.052652875792729
2024-12-02,MKR-USD,1978.2271728515625,0.07621000630758457,2.2852955707117593
2024-12-03,MKR-USD,2303.701416015625,0.16452824409185518,2.8258194822837144
2024-12-04,MKR-USD,2272.09423828125,-0.013720171162216577,2.773328584151039
2024-12-05,MKR-USD,2112.153564453125,-0.07039350354988527,2.5077107650677193
2024-12-06,MKR-USD,2213.017333984375,0.04775399442008155,2.675217965370023
2024-12-07,MKR-USD,2170.8525390625,-0.019053079374647508,2.6051937457566976
2024-12-08,MKR-USD,2203.190185546875,0.014896288855409834,2.6588977531732065
2024-12-09,MKR-USD,1894.9896240234373,-0.13988831447473804,2.1470607136464004
2024-12-10,MKR-USD,1771.028564453125,-0.06541516533854075,1.9411952167327953
2024-12-11,MKR-USD,1880.9986572265625,0.06209391253234542,2.123825535261154
2024-12-12,MKR-USD,2026.864501953125,0.07754702225127286,2.366068903553145
2024-12-13,MKR-USD,2108.648193359375,0.040349856306349796,2.501889300128787
2024-12-14,MKR-USD,1930.3541259765625,-0.08455372875584566,2.2057915021126995
2024-12-15,MKR-USD,2050.28955078125,0.062131306992188495,2.404971518083413
2024-12-16,MKR-USD,1895.6822509765625,-0.07540754414213124,2.1482109780308383
2024-12-17,MKR-USD,1769.408935546875,-0.06661101319308005,1.9385054550386265
2024-12-18,MKR-USD,1671.8883056640625,-0.055114805810942524,1.776550297509777
2024-12-19,MKR-USD,1642.9505615234375,-0.017308419493448857,1.7284926002158176
2024-12-20,MKR-USD,1694.856201171875,0.03159294069098939,1.8146937051102392
2024-12-21,MKR-USD,1620.19140625,-0.04405376389468885,1.6906958531894456
2024-12-22,MKR-USD,1580.391357421875,-0.024565028967931557,1.6245988316119537
2024-12-23,MKR-USD,1622.508056640625,0.026649537800216727,1.694543177385401
2024-12-24,MKR-USD,1643.2669677734375,0.012794334701667687,1.7290180646649649
2024-12-25,MKR-USD,1602.838134765625,-0.024602717513753758,1.661876804130082
2024-12-26,MKR-USD,1529.239990234375,-0.045917390493090515,1.5396503674703412
2024-12-27,MKR-USD,1572.96435546875,0.028592219346600833,1.6122646078407286
2024-12-28,MKR-USD,1546.9945068359375,-0.016510131677506035,1.5691357751887893
2024-12-29,MKR-USD,1505.0953369140625,-0.027084239625111084,1.4995526862241308
2024-12-30,MKR-USD,1497.610595703125,-0.004972934954594721,1.4871225732999558
2024-12-31,MKR-USD,1490.3321533203125,-0.004860036650178312,1.475035066440232
2025-01-01,MKR-USD,1508.6737060546875,0.012307023433341335,1.5054953810012535
2025-01-02,MKR-USD,1546.3858642578125,0.024996894989139484,1.5681249859359156
2025-01-03,MKR-USD,1599.1165771484375,0.03409932417866024,1.6556963123626618
2025-01-04,MKR-USD,1593.113525390625,-0.0037539800684933677,1.645726881338081
2025-01-05,MKR-USD,1574.1085205078125,-0.011929473060090068,1.614164753782802
2025-01-06,MKR-USD,1630.6612548828125,0.03592683327624435,1.7080834150485913
2025-01-07,MKR-USD,1492.7261962890625,-0.08458841968601427,1.4790109185917264
2025-01-08,MKR-USD,1481.57373046875,-0.007471206607104319,1.4604897158376602
2025-01-09,MKR-USD,1464.21142578125,-0.011718825955429724,1.431655665092634
2025-01-10,MKR-USD,1473.4893798828125,0.006336485249466062,1.447063815346274
2025-01-11,MKR-USD,1440.88671875,-0.022126159562416037,1.3929196909085078
2025-01-12,MKR-USD,1423.224365234375,-0.012257975096715112,1.363587340928912
2025-01-13,MKR-USD,1346.849609375,-0.053663187424983216,1.2367497104573264
2025-01-14,MKR-USD,1378.6151123046875,0.023585040756278763,1.2895035435400573
2025-01-15,MKR-USD,1428.7811279296875,0.03638870282013329,1.3728156075915785
2025-01-16,MKR-USD,1420.8359375,-0.0055608170309473515,1.3596208141495856
2025-01-17,MKR-USD,1465.25439453125,0.03126219984934053,1.4333877516101934
2025-01-18,MKR-USD,1379.2430419921875,-0.058700627590732024,1.2905463634190748
2025-01-19,MKR-USD,1274.98046875,-0.07559405417887044,1.1173946775235586
2025-01-20,MKR-USD,1292.0693359375,0.013403238407451168,1.1457746231890749
2025-01-21,MKR-USD,1299.522216796875,0.005768174084842981,1.1581518247624678
2025-01-22,MKR-USD,1248.549072265625,-0.03922452719345659,1.0734993398244645
2025-01-23,MKR-USD,1272.929931640625,0.01952735372327674,1.1139892948781975
2025-01-24,MKR-USD,1255.098388671875,-0.014008267482380377,1.0843759673806552
2025-01-25,MKR-USD,1232.177001953125,-0.01826262142126167,1.046309798188806
2025-01-26,MKR-USD,1198.8658447265625,-0.027034392927120843,0.9909890550539526
2025-01-27,MKR-USD,1204.43310546875,0.004643772918109246,1.000234756108064
2025-01-28,MKR-USD,1129.36572265625,-0.06232590458669329,0.8755683155478851
2025-01-29,MKR-USD,1099.36376953125,-0.02656531230152437,0.8257432575025114
2025-01-30,MKR-USD,1075.0302734375,-0.022134162292909987,0.7853319599357647
2025-01-31,MKR-USD,1149.30712890625,0.0690928035275169,0.9086855502750031
2025-02-01,MKR-USD,1081.7822265625,-0.05875270469087823,0.7965451117919493
2025-02-02,MKR-USD,1019.96826171875,-0.05714085823000781,0.6938889822552321
2025-02-03,MKR-USD,990.7489013671876,-0.028647323106235523,0.645363597274474
2025-02-04,MKR-USD,915.7702026367188,-0.07567881087428074,0.520844436776913
2025-02-05,MKR-USD,916.319580078125,0.0005999075311955426,0.5217568028083122
2025-02-06,MKR-USD,900.2412109375,-0.017546682937031877,0.4950550186821634
2025-02-07,MKR-USD,925.8655395507812,0.028463847579912827,0.5376100368575163
2025-02-08,MKR-USD,935.5217895507812,0.010429430179121901,0.5536464333796387
2025-02-09,MKR-USD,904.2360229492188,-0.03344205014891777,0.5016893114408696
2025-02-10,MKR-USD,976.6199340820312,0.08004979816743885,0.6218992377319115
2025-02-11,MKR-USD,953.835693359375,-0.02332969042258204,0.5840608306190043
2025-02-12,MKR-USD,1015.8068237304688,0.06497044596101631,0.6869779692136988
2025-02-13,MKR-USD,989.59716796875,-0.0258018110820184,0.6434508823525198
2025-02-14,MKR-USD,1001.4127197265624,0.011939759065868305,0.6630732899243976
2025-02-15,MKR-USD,1002.53466796875,0.0011203654797733442,0.6649365398287621
2025-02-16,MKR-USD,990.291015625,-0.012212697211316459,0.6446031739917766
2025-02-17,MKR-USD,1046.3385009765625,0.0565969845906249,0.7376827544878819
2025-02-18,MKR-USD,1115.21142578125,0.06582279514746658,0.8520618904678232
2025-02-19,MKR-USD,1173.752197265625,0.05249298037218808,0.9492821389322281
2025-02-20,MKR-USD,1427.30419921875,0.21601834062061842,1.3703628319857777
2025-02-21,MKR-USD,1451.6121826171875,0.01703069563709181,1.4107317599268026
2025-02-22,MKR-USD,1517.371826171875,0.04530111027046213,1.519940585215752
2025-02-23,MKR-USD,1524.45849609375,0.004670358180930423,1.531709610343373
2025-02-24,MKR-USD,1418.197998046875,-0.06970376584154658,1.3552399164852051
2025-02-25,MKR-USD,1668.2784423828125,0.1763367630474344,1.7705552995583158
2025-02-26,MKR-USD,1626.1585693359375,-0.02524750783611096,1.7006056829223386
2025-02-27,MKR-USD,1732.1827392578125,0.06519915826238964,1.8766829002475012
2025-02-28,MKR-USD,1581.5592041015625,-0.0869559150674758,1.6265383062975194
2025-03-01,MKR-USD,1650.9678955078125,0.043886242909053186,1.7418072044176256
2025-03-02,MKR-USD,1552.7362060546875,-0.05949945466559814,1.5786711709565688
2025-03-03,MKR-USD,1445.41552734375,-0.06911713547507614,1.4004408062878904
2025-03-04,MKR-USD,1370.81982421875,-0.05160848331419621,1.2765576969898662
2025-03-05,MKR-USD,1371.6756591796875,0.0006243234492360195,1.2779790053436355
2025-03-06,MKR-USD,1273.7752685546875,-0.07137284238429076,1.1153931688405208
2025-03-07,MKR-USD,1303.2315673828125,0.02312519292476778,1.1643120439816936
2025-03-08,MKR-USD,1362.899169921875,0.045784344112296704,1.2634036513697398
2025-03-09,MKR-USD,1190.368408203125,-0.12659099478990798,0.9768771315317344
2025-03-10,MKR-USD,1117.072509765625,-0.061574129431191005,0.8551526431652379
2025-03-11,MKR-USD,1133.7845458984375,0.014960565215519361,0.8829067752680546
2025-03-12,MKR-USD,1129.8463134765625,-0.0034735280491534626,0.8763664457702198
2025-03-13,MKR-USD,1134.16357421875,0.003821104419859722,0.8835362378894289
2025-03-14,MKR-USD,1172.754638671875,0.03402601294060048,0.9476254662939445
2025-03-15,MKR-USD,1215.5872802734375,0.03652310567713446,1.0187587970188767
2025-03-16,MKR-USD,1179.0626220703125,-0.030046923652334523,0.9581013055723719
2025-03-17,MKR-USD,1209.0367431640625,0.025421992464758514,1.0078801422078665
2025-03-18,MKR-USD,1277.373779296875,0.05652188531009705,1.1213693133221607
2025-03-19,MKR-USD,1293.3251953125,0.012487665140899828,1.1478602629471086
2025-03-20,MKR-USD,1264.6170654296875,-0.02219714731210809,1.1001838922846483
2025-03-21,MKR-USD,1227.11376953125,-0.02965585150133554,1.037901150649558
2025-03-22,MKR-USD,1236.7725830078125,0.007871163796207892,1.0539418044068012
2025-03-23,MKR-USD,1227.1923828125,-0.007746129180850381,1.0380317058599173
2025-03-24,MKR-USD,1272.4996337890625,0.03691943627675287,1.1132746875544144
2025-03-25,MKR-USD,1294.4639892578125,0.017260795119718564,1.1497514889679783
2025-03-26,MKR-USD,1375.16552734375,0.062343594534605806,1.283774724146363
2025-03-27,MKR-USD,1446.0361328125,0.05153605443094733,1.4014714626379918
2025-03-28,MKR-USD,1445.6160888671875,-0.00029047956394800956,1.4007738842546913
2025-03-29,MKR-USD,1297.282958984375,-0.10260893678836214,1.154433028522051
2025-03-30,MKR-USD,1285.900634765625,-0.008773971892501398,1.1355300936855217
2025-03-31,MKR-USD,1297.4461669921875,0.008978557062977677,1.1547040724913833
2025-04-01,MKR-USD,1388.49609375,0.07017626555473178,1.3059131576744005
2025-04-02,MKR-USD,1285.095458984375,-0.0744695179417929,1.1341929164067506
2025-04-03,MKR-USD,1306.9989013671875,0.017044214287492032,1.1705685578048346
2025-04-04,MKR-USD,1331.133544921875,0.018465695364733303,1.2106496155615272
2025-04-05,MKR-USD,1348.58251953125,0.013108357666998138,1.2396276013987197
2025-04-06,MKR-USD,1146.754150390625,-0.1496596361124256,0.9044457495460427
2025-04-07,MKR-USD,1235.33740234375,0.07724694253162312,1.05155836091582
2025-04-08,MKR-USD,1227.2589111328125,-0.006539501836187012,1.038142191247566
2025-04-09,MKR-USD,1397.1962890625,0.13846905195646775,1.3203618082220943
2025-04-10,MKR-USD,1288.7891845703125,-0.07758902978831073,1.1403271867642917
2025-04-11,MKR-USD,1331.5147705078125,0.03315172601463501,1.211282727241576
2025-04-12,MKR-USD,1401.4349365234375,0.05251174644420864,1.327401045130944
2025-04-13,MKR-USD,1356.083984375,-0.03236036933754505,1.2520854877139183
2025-04-14,MKR-USD,1382.1558837890625,0.01922587370285811,1.2953837988687456
2025-04-15,MKR-USD,1355.938232421875,-0.018968664587466155,1.2518434334885002
2025-04-16,MKR-USD,1337.4915771484375,-0.013604347773636727,1.2212085722875425
2025-04-17,MKR-USD,1347.37109375,0.00738660098527566,1.2376157537161045
2025-04-18,MKR-USD,1352.2086181640625,0.003590343029104659,1.245649561839274
2025-04-19,MKR-USD,1379.5020751953125,0.020184353704465474,1.290976546891716
2025-04-20,MKR-USD,1352.75732421875,-0.019387249542756835,1.246560812880523
2025-04-21,MKR-USD,1348.8636474609375,-0.0028783261329309306,1.2400944781835905
2025-04-22,MKR-USD,1450.145751953125,0.07508698502093814,1.4082964187124478
2025-04-23,MKR-USD,1486.0745849609375,0.02477601507256888,1.467964407081681
2025-04-24,MKR-USD,1509.430908203125,0.015716790717339002,1.5067528871656255
2025-04-25,MKR-USD,1488.9324951171875,-0.013580226146514662,1.4727106160644876
2025-04-26,MKR-USD,1529.2901611328125,0.027105101237278495,1.539733687643409
2025-04-27,MKR-USD,1477.9097900390625,-0.03359752936335525,1.4544049104977068
2025-04-28,MKR-USD,1527.751708984375,0.03372460165108926,1.5371787383947195
2025-04-29,MKR-USD,1530.1312255859375,0.0015575283520019578,1.541130466213866
2025-04-30,MKR-USD,1477.033447265625,-0.034701453988026154,1.452949544262974
2025-05-01,MKR-USD,1522.5126953125,0.03079093986061654,1.5284781661615021
2025-05-02,MKR-USD,1572.209228515625,0.032641128941735875,1.6110105480095434
2025-05-03,MKR-USD,1504.01025390625,-0.04337779817878562,1.497750659415305
2025-05-04,MKR-USD,1526.1390380859375,0.014713187042584286,1.5345005320530207
2025-05-05,MKR-USD,1550.2557373046875,0.015802426002415215,1.5745517891638707
2025-05-06,MKR-USD,1473.66845703125,-0.04940299747356136,1.447361213628255
2025-05-07,MKR-USD,1514.077880859375,0.027420973581487207,1.5144702408115118
2025-05-08,MKR-USD,1703.9190673828125,0.12538403005774423,1.8297446530647257
2025-05-09,MKR-USD,1735.7369384765625,0.018673346465112095,1.8825854553792016
2025-05-10,MKR-USD,1878.2269287109373,0.08209192710932145,2.1192224504685813
2025-05-11,MKR-USD,1822.69091796875,-0.029568317807211253,2.026992289741738
2025-05-12,MKR-USD,1791.58740234375,-0.017064613269518247,1.9753378369474817
2025-05-13,MKR-USD,1893.0511474609373,0.05663343300162338,2.143841432993442
2025-05-14,MKR-USD,1876.96142578125,-0.008499359196537104,2.117120795397475
2025-05-15,MKR-USD,1810.922119140625,-0.03518415761428739,2.0074475260294373
2025-05-16,MKR-USD,1804.3695068359373,-0.0036183843774558744,1.996565424885234
2025-05-17,MKR-USD,1726.5076904296875,-0.04315181347903885,1.8672581925928498
2025-05-18,MKR-USD,1749.923828125,0.01356271844319723,1.9061460081629371
2025-05-19,MKR-USD,1733.8265380859375,-0.009198851847346035,1.8794128015870903
2025-05-20,MKR-USD,1726.391357421875,-0.0042883071061252664,1.8670649952085765
2025-05-21,MKR-USD,1753.276123046875,0.01557281059675164,1.9117132553475362
2025-05-22,MKR-USD,1747.408935546875,-0.0033464138494077034,1.9019694577843373
2025-05-23,MKR-USD,1630.2386474609375,-0.06705373064220221,1.707381579430169
2025-05-24,MKR-USD,1651.805419921875,0.013229211866941926,1.7431981039491067
2025-05-25,MKR-USD,1642.848388671875,-0.005422570444419295,1.7283229189874452
2025-05-26,MKR-USD,1624.6697998046875,-0.011065286968984123,1.6981332429447926
2025-05-27,MKR-USD,1681.36328125,0.034895387020875246,1.7922856466912402
2025-05-28,MKR-USD,1711.753662109375,0.01807484509640389,1.8427557772200962
2025-05-29,MKR-USD,1651.4091796875,-0.03525301785977375,1.7425400570347813
2025-05-30,MKR-USD,1549.2408447265625,-0.06186736528875969,1.5728663295071548
2025-05-31,MKR-USD,1571.848876953125,0.014592974554936244,1.610412102386905
2025-06-01,MKR-USD,1602.8209228515625,0.019704213523677794,1.661848219837129
2025-06-02,MKR-USD,1741.3179931640625,0.08640832443471047,1.891854064412772
2025-06-03,MKR-USD,1868.0072021484373,0.07275478085089682,2.1022502731218986
2025-06-04,MKR-USD,1779.676025390625,-0.04728631487941837,1.9555562898722947
2025-06-05,MKR-USD,1737.0921630859375,-0.023927873218014928,1.884836113679524
2025-06-06,MKR-USD,1702.659912109375,-0.019821775555877053,1.8276535397186797
2025-06-07,MKR-USD,1767.552978515625,0.03811275871636388,1.9354232168114498
2025-06-08,MKR-USD,1760.4171142578125,-0.004037143069853033,1.9235724933146137
2025-06-09,MKR-USD,1946.2593994140625,0.10556718839591639,2.2322058215054765
2025-06-10,MKR-USD,2143.216796875,0.10119791715340365,2.5592983184529365
2025-06-11,MKR-USD,2064.281982421875,-0.03683006524035226,2.428209129174439
2025-06-12,MKR-USD,1992.93115234375,-0.034564478441270974,2.3097148686369207
2025-06-13,MKR-USD,2157.079833984375,0.08236545524795513,2.5823210405331265
2025-06-14,MKR-USD,2083.88134765625,-0.033934064551017995,2.4607583271012055
2025-06-15,MKR-USD,2139.76416015625,0.026816695951932035,2.5535644309221954
2025-06-16,MKR-USD,2149.01171875,0.004321765344959649,2.5689221025308364
2025-06-17,MKR-USD,2030.0198974609373,-0.055370485070354025,2.371309154535396
2025-06-18,MKR-USD,2001.0599365234373,-0.014265850779946465,2.3232145612037267
2025-06-19,MKR-USD,1916.9307861328125,-0.04204229411378224,2.183498997218396
2025-06-20,MKR-USD,1852.4285888671875,-0.033648683474770014,2.0763784471187465
2025-06-21,MKR-USD,1787.408935546875,-0.03509968141879838,1.968398543701221
2025-06-22,MKR-USD,1747.4654541015625,-0.022347142084243488,1.9020633196824686
2025-06-23,MKR-USD,2000.3623046875,0.1447220887785512,2.322055985074532
2025-06-24,MKR-USD,1993.9993896484373,-0.003180881295429483,2.3114889193292387
2025-06-25,MKR-USD,1898.5770263671875,-0.04785476052631776,2.1530184101091834
2025-06-26,MKR-USD,1829.8951416015625,-0.03617545341157091,2.0389565395084532
2025-06-27,MKR-USD,1898.7869873046875,0.037647974540677476,2.153367097938093
2025-06-28,MKR-USD,1921.29833984375,0.011855649259013168,2.1907523122361594
2025-06-29,MKR-USD,2032.904052734375,0.058088694804004914,2.3760989494968188
2025-06-30,MKR-USD,1941.226318359375,-0.045096931284921205,2.223847247160266
2025-07-01,MKR-USD,1840.33984375,-0.051970485695165713,2.0563023399183242
2025-07-02,MKR-USD,1980.415771484375,0.07611416348458055,2.2889302358771735
2025-07-03,MKR-USD,1938.5469970703125,-0.02114140627282557,2.219397625557514
2025-07-04,MKR-USD,1866.367431640625,-0.037233848618976495,2.0995270617232134
2025-07-05,MKR-USD,1837.33203125,-0.015557172665138896,2.0513071840437145
2025-07-06,MKR-USD,1909.19091796875,0.039110452273485974,2.170645188037001
2025-07-07,MKR-USD,1897.30126953125,-0.006227584850523882,2.1508997260975953
2025-07-08,MKR-USD,1927.1805419921875,0.015748301516880003,2.2005210450336348
2025-07-09,MKR-USD,1958.4263916015625,0.01621324464861762,2.2524118757398144
2025-07-10,MKR-USD,2020.1988525390625,0.031541885466006114,2.3549990786126775
2025-07-11,MKR-USD,1897.582275390625,-0.060695300858293444,2.151366400156984
2025-07-12,MKR-USD,1885.48583984375,-0.006374656690121605,2.1312775212511985
2025-07-13,MKR-USD,1875.230224609375,-0.005439242776400177,2.1142457426128285
2025-07-14,MKR-USD,1850.6505126953125,-0.013107570255371015,2.0734255477490406
2025-07-15,MKR-USD,1869.6187744140625,0.010249510422756458,2.1049266549342605
2025-07-16,MKR-USD,1910.78466796875,0.02201833556554278,2.173291971929001
2025-07-17,MKR-USD,1881.242919921875,-0.015460532283985251,2.1242311889504815
2025-07-18,MKR-USD,2015.861083984375,0.07155809738175156,2.3477952286125054
2025-07-19,MKR-USD,1988.667724609375,-0.013489699062621874,2.3026344784552415
2025-07-20,MKR-USD,2023.447265625,0.01748886482404033,2.3603938064121603
2025-07-21,MKR-USD,2099.98095703125,0.03782341784064758,2.487495385461212
2025-07-22,MKR-USD,2083.94580078125,-0.00763585793304955,2.460865366155664
2025-07-23,MKR-USD,2033.37255859375,-0.024268021830769593,2.376877009896444
2025-07-24,MKR-USD,2013.8690185546875,-0.009591719902304008,2.3444869514729874
2025-07-25,MKR-USD,2207.31982421875,0.09605927887152177,2.665755956226697
2025-07-26,MKR-USD,2282.192138671875,0.033920011786069626,2.7900984414667613
2025-07-27,MKR-USD,2319.465576171875,0.016332295983497502,2.851999451019389
2025-07-28,MKR-USD,2162.991943359375,-0.06746107138643098,2.592139441073677
2025-07-29,MKR-USD,2053.64208984375,-0.050554905602557265,2.4105391707189745
2025-07-30,MKR-USD,2052.49755859375,-0.0005573177797923989,2.4086384166004544
2025-07-31,MKR-USD,1977.5277099609373,-0.036526157275518334,2.2841339537003322
2025-08-01,MKR-USD,1907.0841064453125,-0.03562205634884186,2.167146348944474
2025-08-02,MKR-USD,1840.4981689453125,-0.03491505029849584,2.05656527486838
2025-08-03,MKR-USD,1889.8297119140625,0.026803364328810586,2.1384915075254685
2025-08-04,MKR-USD,1968.0614013671875,0.041396158055897025,2.2684129980280834
2025-08-05,MKR-USD,1816.3785400390625,-0.07707222001445324,2.0165091523459644
2025-08-06,MKR-USD,1926.5938720703125,0.060678613847133356,2.199546746367509
2025-08-07,MKR-USD,1994.4061279296875,0.03519800246561777,2.312164400635012
2025-08-08,MKR-USD,2015.5906982421875,0.010621994194577988,2.347346191670045
2025-08-09,MKR-USD,2093.5634765625,0.03868482742469159,2.4768377014254996
2025-08-10,MKR-USD,2093.060302734375,-0.00024034323953303627,2.4760020669890084
2025-08-11,MKR-USD,2009.705322265625,-0.03982445243448318,2.3375721880100393
2025-08-12,MKR-USD,2004.783447265625,-0.002449053075329166,2.3293982965788604
2025-08-13,MKR-USD,1967.800048828125,-0.018447577711170005,2.2679789627712847
2025-08-14,MKR-USD,1846.9307861328125,-0.061423548986744514,2.0672480968638522
2025-08-15,MKR-USD,1833.27001953125,-0.007396469160691144,2.04456129090721
2025-08-16,MKR-USD,1789.379150390625,-0.023941300884769534,1.9716705329794784
2025-08-17,MKR-USD,1833.8260498046875,0.024839285404862244,2.045484705477375
2025-08-18,MKR-USD,1714.9833984375,-0.06480584752291252,1.848119488020846
2025-08-19,MKR-USD,1652.91162109375,-0.03619380654081128,1.7450352022663052
2025-08-20,MKR-USD,1664.73291015625,0.007151797417140671,1.7646671379358336
2025-08-21,MKR-USD,1615.4761962890625,-0.029588358328642816,1.6828651759991646
2025-08-22,MKR-USD,1712.239501953125,0.059897698205853445,1.8435626246381567
2025-08-23,MKR-USD,1610.6865234375,-0.05931003133602808,1.6749108362649094
2025-08-24,MKR-USD,1519.74853515625,-0.05645914767273996,1.5238876503488168
2025-08-25,MKR-USD,1486.5128173828125,-0.02186922178544526,1.468692191561792
2025-08-26,MKR-USD,1598.234619140625,0.07515697170678437,1.6542316207557612
2025-08-27,MKR-USD,1588.9251708984375,-0.005824832055754903,1.6387711673277847
2025-08-28,MKR-USD,1542.340087890625,-0.02931861352631948,1.5614060552885065
2025-08-29,MKR-USD,1534.7537841796875,-0.004918697095731228,1.5488072747633708
2025-08-30,MKR-USD,1567.791748046875,0.021526556381710416,1.603674318269678
2025-08-31,MKR-USD,1543.2991943359375,-0.015622325950783833,1.5629988693999843
2025-09-01,MKR-USD,1579.1793212890625,0.02324897666298842,1.6225859703019303
2025-09-02,MKR-USD,1749.56005859375,0.10789195058963164,1.9055418862268074
2025-09-03,MKR-USD,1784.15185546875,0.01977171158262725,1.9629894223925266
2025-09-04,MKR-USD,1747.0318603515625,-0.02080540117894558,1.9013432387706777
2025-09-05,MKR-USD,1802.819580078125,0.031932857661414404,1.9939914194412487
2025-09-06,MKR-USD,1709.3883056640625,-0.05182508302356781,1.8388275655568562
2025-09-07,MKR-USD,1702.4228515625,-0.004074822600858119,1.8272598468327863
2025-09-08,MKR-USD,1667.9046630859375,-0.020275919372722995,1.7699345541326674
2025-09-09,MKR-USD,1669.8060302734375,0.0011399735426016466,1.7730922062391166
2025-09-10,MKR-USD,1726.7010498046875,0.03407283151440832,1.8675793097562208
2025-09-11,MKR-USD,1722.87646484375,-0.0022149664884781872,1.8612277176820573
2025-09-12,MKR-USD,1755.4815673828125,0.018924805814222623,1.9153758966294618
2025-09-13,MKR-USD,1789.7415771484375,0.019516017941847208,1.9722724249353112
2025-09-14,MKR-USD,1800.2490234375,0.0058709293136072205,1.9897224262428903
2025-09-15,MKR-USD,1782.5460205078125,-0.009833641179198827,1.9603225686778138
2025-09-16,MKR-USD,1777.2801513671875,-0.002954128016916413,1.9515773968385726
2025-09-17,MKR-USD,1814.4794921875,0.020930487965949984,2.013355352023672
2025-09-18,MKR-USD,1833.748291015625,0.01061946354923804,2.045355569345389
2025-09-19,MKR-USD,1831.41552734375,-0.0012721286140002785,2.0414814853858196
2025-09-20,MKR-USD,1668.95751953125,-0.08870625228788243,1.7716830614142616
2025-09-21,MKR-USD,1811.133544921875,0.08518852261174215,2.007798646564133
2025-09-22,MKR-USD,1630.4246826171875,-0.09977666352178494,1.7076905330646235
2025-09-23,MKR-USD,1775.4871826171875,0.0889722178194352,1.948599764960072
2025-09-24,MKR-USD,1812.8548583984373,0.021046435112061612,2.0106572785847443
2025-09-25,MKR-USD,1789.5267333984375,-0.01286817027404441,1.9719156280871246
2025-09-26,MKR-USD,1815.0526123046875,0.014264038882377816,2.0143071481613055
2025-09-27,MKR-USD,1849.1583251953125,0.018790481697011918,2.0709474314580025
2025-09-28,MKR-USD,1831.431640625,-0.009586353060622943,2.041508245149433
2025-09-29,MKR-USD,1817.2978515625,-0.0077173445893271575,2.0180358779503353
2025-09-30,MKR-USD,1666.2705078125,-0.08310544340331871,1.7672206681061486
2025-10-01,MKR-USD,1818.2403564453125,0.09120358784500149,2.0196011213962715
2025-10-02,MKR-USD,1831.712890625,0.0074096552372353575,2.041975324659787
2025-10-03,MKR-USD,1838.1607666015625,0.0035201346289386315,2.0526834873404987
2025-10-04,MKR-USD,1852.3450927734373,0.007716586290816618,2.076239782889113
2025-10-05,MKR-USD,1834.548095703125,-0.009607819374339965,2.0466838267029552
2025-10-06,MKR-USD,1858.7718505859373,0.013204208131446071,2.0869128740614515
2025-10-07,MKR-USD,1814.6683349609373,-0.023727234523751473,2.013668968344208
2025-10-08,MKR-USD,1860.2760009765625,0.02513278329541513,2.08941085744972
2025-10-09,MKR-USD,1852.7977294921875,-0.004019979551662889,2.0769914889760868
2025-10-10,MKR-USD,1676.681640625,-0.09505413681365915,1.7845107190084892
2025-10-11,MKR-USD,1740.338134765625,0.03796576082081771,1.8902267869693685
2025-10-12,MKR-USD,1815.014404296875,0.042909057751186364,2.014243695085463
2025-10-13,MKR-USD,1840.40576171875,0.013989617581967151,2.056411811678564
2025-10-14,MKR-USD,1835.444091796875,-0.002695965218692531,2.0481718317402775
2025-10-15,MKR-USD,1770.729248046875,-0.035258411868402395,1.9406981338511162
2025-10-16,MKR-USD,1830.7901611328125,0.033918744580621274,2.040442922741922
2025-10-17,MKR-USD,1775.381591796875,-0.030264838927063664,1.9484244074182073
2025-10-18,MKR-USD,1846.4747314453125,0.04004386435959595,2.066490714463384
2025-10-19,MKR-USD,1845.1971435546875,-0.0006919065118345946,2.0643689895695663
2025-10-20,MKR-USD,1827.0233154296875,-0.009849260925035352,2.0341872198207085
2025-10-21,MKR-USD,1720.7354736328125,-0.05817541620801803,1.8576721154545899
2025-10-22,MKR-USD,1831.7138671875,0.06449474382043752,2.0419769464636413
2025-10-23,MKR-USD,1807.3251953125,-0.013314673384248299,2.001474016979065
2025-10-24,MKR-USD,1827.1060791015625,0.010944839279818819,2.0343246676974527
2025-10-25,MKR-USD,1875.812255859375,0.02665755279067472,2.115212337710644
2025-10-26,MKR-USD,1814.4171142578125,-0.03272989682724681,2.0132517593024084
2025-10-27,MKR-USD,1780.635009765625,-0.018618709130731492,1.957148901258292
2025-10-28,MKR-USD,1777.3780517578125,-0.0018290991640342869,1.9517399826750759
2025-10-29,MKR-USD,1832.51904296875,0.031023783126163496,2.043314123742413
2025-10-30,MKR-USD,1826.7406005859373,-0.0031532782182996932,2.033717707604572
2025-10-31,MKR-USD,1707.6942138671875,-0.06516874190050026,1.8360141413187123
2025-11-01,MKR-USD,1854.624755859375,0.08604031143225188,2.0800256812640447
2025-11-02,MKR-USD,1787.2657470703125,-0.03631948111134231,1.9681607467109261
2025-11-03,MKR-USD,1724.328857421875,-0.03521406357818013,1.863639745465989
2025-11-04,MKR-USD,1629.1929931640625,-0.05517269159437177,1.7056450329520088
2025-11-05,MKR-USD,1703.833251953125,0.04581425227228819,1.8296021370509354
2025-11-06,MKR-USD,1743.595703125,0.023337055504871085,1.8956367191799948
2025-11-07,MKR-USD,1757.9010009765625,0.008204481019265852,1.919393915681196
2025-11-08,MKR-USD,1825.4703369140625,0.0384375092226259,2.03160814623967
2025-11-09,MKR-USD,1855.5557861328125,0.016480930207613875,2.0815718685146796
2025-11-10,MKR-USD,1836.4368896484373,-0.010303595627389472,2.0498205980847652
2025-11-11,MKR-USD,1798.1783447265625,-0.020833030058113766,1.986283593893011
2025-11-12,MKR-USD,1722.6805419921875,-0.041985714573742894,1.860902343283568
2025-11-13,MKR-USD,1744.6717529296875,0.012765693000786005,1.8974237443031554
2025-11-14,MKR-USD,1743.5452880859375,-0.0006456600457125372,1.89555299355596
2025-11-15,MKR-USD,1842.483642578125,0.05674550306680137,2.0598626048318756
2025-11-16,MKR-USD,1814.076171875,-0.01541803142598075,2.0126855470313942
2025-11-17,MKR-USD,1770.461669921875,-0.02404226604665982,1.9402537595947384
2025-11-18,MKR-USD,1764.552734375,-0.003337511140320659,1.9304406299167214
2025-11-19,MKR-USD,1800.21728515625,0.020211666155663055,1.989669717617589
2025-11-20,MKR-USD,1770.924560546875,-0.016271771663848078,1.9410224946221946
2025-11-21,MKR-USD,1626.4329833984375,-0.08159104027775044,1.701061409805705
2025-11-22,MKR-USD,1356.780517578125,-0.16579377605640577,1.2532422393137783
2025-11-23,MKR-USD,1708.1322021484375,0.2589598538734039,1.8367415203478559
2025-11-24,MKR-USD,1494.857177734375,-0.12485861700037715,1.4825498973296756
2025-11-25,MKR-USD,1755.3402099609375,0.17425278889944118,1.915141140521393
2025-11-26,MKR-USD,1683.167724609375,-0.041115952874553385,1.7952823347650435
2025-11-27,MKR-USD,1759.07177734375,0.04509595307977432,1.92133825577833
2025-11-28,MKR-USD,1705.5693359375,-0.0304151553650871,1.8324852988548597
2025-11-29,MKR-USD,1738.173583984375,0.019116342771813066,1.8866320587238907
2025-11-30,MKR-USD,1786.5989990234375,0.027859941886849926,1.9670534601286565
2025-12-01,MKR-USD,1772.4783935546875,-0.007903623295696716,1.943602987281606
2025-12-02,MKR-USD,1780.6871337890625,0.004631221607114933,1.9572354650390729
2025-12-03,MKR-USD,1768.9996337890625,-0.006563477535287521,1.9378257164977333
2025-12-04,MKR-USD,1833.6490478515625,0.03654574756696016,2.0451907535285834
2025-12-05,MKR-USD,1806.5250244140625,-0.014792374510967932,2.000145151445052
2025-12-06,MKR-USD,1838.0640869140625,0.017458414399894373,2.0525229287588136
2025-12-07,MKR-USD,1837.3203125,-0.00040465096911346254,2.05128772239745
2025-12-08,MKR-USD,1865.1688232421875,0.01515713430735155,2.097536500216201
2025-12-09,MKR-USD,1820.0487060546875,-0.024190902520592528,2.022604296685494
2025-12-10,MKR-USD,1849.398193359375,0.01612566037768759,2.0713457870299834
