date,symbol,close,drawdown
2022-12-11,XLM-USD,0.083917997777462,0.0
2022-12-12,XLM-USD,0.0842790007591247,0.0
2022-12-13,XLM-USD,0.0839940011501312,-0.0033816206460260652
2022-12-14,XLM-USD,0.0830139964818954,-0.015009720877502644
2022-12-15,XLM-USD,0.081845998764038,-0.028868424793506844
2022-12-16,XLM-USD,0.0745640024542808,-0.11527187338884154
2022-12-17,XLM-USD,0.0757780000567436,-0.10086736465561051
2022-12-18,XLM-USD,0.0765969976782798,-0.09114966968818972
2022-12-19,XLM-USD,0.0733869969844818,-0.12923745745126966
2022-12-20,XLM-USD,0.0759970024228096,-0.09826882451994931
2022-12-21,XLM-USD,0.075092002749443,-0.10900696409463595
2022-12-22,XLM-USD,0.0757210031151771,-0.10154365342331192
2022-12-23,XLM-USD,0.0753670036792755,-0.10574398129517831
2022-12-24,XLM-USD,0.0743890032172203,-0.11734830091508443
2022-12-25,XLM-USD,0.0738560035824775,-0.12367252913257548
2022-12-26,XLM-USD,0.0751919969916343,-0.107820497225183
2022-12-27,XLM-USD,0.0741370022296905,-0.12033838130592872
2022-12-28,XLM-USD,0.0717789977788925,-0.1483169338464048
2022-12-29,XLM-USD,0.0720319971442222,-0.1453150073516568
2022-12-30,XLM-USD,0.072342999279499,-0.14162485758154195
2022-12-31,XLM-USD,0.0711470022797584,-0.15581578282944378
2023-01-01,XLM-USD,0.0725240036845207,-0.13947717662434814
2023-01-02,XLM-USD,0.0737179964780807,-0.12531003198801677
2023-01-03,XLM-USD,0.0736489966511726,-0.1261287392138571
2023-01-04,XLM-USD,0.0738359987735748,-0.12390989322947399
2023-01-05,XLM-USD,0.0728899985551834,-0.13513451869810217
2023-01-06,XLM-USD,0.075043000280857,-0.10958839562733824
2023-01-07,XLM-USD,0.0756580010056495,-0.10229119562196312
2023-01-08,XLM-USD,0.0771690011024475,-0.08436264778456597
2023-01-09,XLM-USD,0.0794650018215179,-0.05711979133883593
2023-01-10,XLM-USD,0.0795539990067482,-0.05606380841985642
2023-01-11,XLM-USD,0.0814030021429061,-0.03412473558435274
2023-01-12,XLM-USD,0.0816439986228942,-0.03126522754774368
2023-01-13,XLM-USD,0.0845820009708404,0.0
2023-01-14,XLM-USD,0.08729799836874,0.0
2023-01-15,XLM-USD,0.0880630016326904,0.0
2023-01-16,XLM-USD,0.0877770036458969,-0.003247652038780122
2023-01-17,XLM-USD,0.086396999657154,-0.018918296499650034
2023-01-18,XLM-USD,0.0825830027461052,-0.06222816375760401
2023-01-19,XLM-USD,0.0843899995088577,-0.04170880001516125
2023-01-20,XLM-USD,0.0888860002160072,0.0
2023-01-21,XLM-USD,0.0903860032558441,0.0
2023-01-22,XLM-USD,0.0910359993577003,0.0
2023-01-23,XLM-USD,0.094478003680706,0.0
2023-01-24,XLM-USD,0.0905049964785575,-0.04205219254606084
2023-01-25,XLM-USD,0.0924639999866485,-0.0213171702999138
2023-01-26,XLM-USD,0.0919860005378723,-0.026376543171419752
2023-01-27,XLM-USD,0.0925119966268539,-0.02080915109612532
2023-01-28,XLM-USD,0.0927599966526031,-0.01818420120210212
2023-01-29,XLM-USD,0.0944399982690811,-0.00040226730185087425
2023-01-30,XLM-USD,0.0899429991841316,-0.04800063845443557
2023-01-31,XLM-USD,0.0907469987869262,-0.03949072533739121
2023-02-01,XLM-USD,0.0922759994864463,-0.023307056758962674
2023-02-02,XLM-USD,0.0916339978575706,-0.03010230648762304
2023-02-03,XLM-USD,0.0928089991211891,-0.017665535833688788
2023-02-04,XLM-USD,0.0930330008268356,-0.015294595541559753
2023-02-05,XLM-USD,0.0909859985113143,-0.03696103890163831
2023-02-06,XLM-USD,0.0888589993119239,-0.05947420722152277
2023-02-07,XLM-USD,0.0920149981975555,-0.026069618188317874
2023-02-08,XLM-USD,0.0909830033779144,-0.03699274081407516
2023-02-09,XLM-USD,0.0855259969830513,-0.09475228464721304
2023-02-10,XLM-USD,0.0856809988617897,-0.09311167124832878
2023-02-11,XLM-USD,0.0862739980220794,-0.0868350868880816
2023-02-12,XLM-USD,0.0850659981369972,-0.09962113060217943
2023-02-13,XLM-USD,0.0851359963417053,-0.09888023640478866
2023-02-14,XLM-USD,0.0859299972653389,-0.09047615405015957
2023-02-15,XLM-USD,0.0901559963822364,-0.04574617508934755
2023-02-16,XLM-USD,0.0866269990801811,-0.08309875626773229
2023-02-17,XLM-USD,0.0906490013003349,-0.040527977213737854
2023-02-18,XLM-USD,0.0921059995889663,-0.02510641630147081
2023-02-19,XLM-USD,0.0905790030956268,-0.04126887141112863
2023-02-20,XLM-USD,0.0944809988141059,0.0
2023-02-21,XLM-USD,0.0948430001735687,0.0
2023-02-22,XLM-USD,0.0924339964985847,-0.025399910067958234
2023-02-23,XLM-USD,0.0910179987549781,-0.04032982309280186
2023-02-24,XLM-USD,0.0891129970550537,-0.06041566702897137
2023-02-25,XLM-USD,0.0880419984459877,-0.07170799864127804
2023-02-26,XLM-USD,0.0889270007610321,-0.062376763722256146
2023-02-27,XLM-USD,0.0883739963173866,-0.0682074991759372
2023-02-28,XLM-USD,0.0870340019464492,-0.08233605234786479
2023-03-01,XLM-USD,0.0881019979715347,-0.07107537920244547
2023-03-02,XLM-USD,0.0874520018696785,-0.07792876954929942
2023-03-03,XLM-USD,0.0856179967522621,-0.09726604392969704
2023-03-04,XLM-USD,0.0836040005087852,-0.11850109806960356
2023-03-05,XLM-USD,0.0827530026435852,-0.12747379888719285
2023-03-06,XLM-USD,0.0835079997777938,-0.11951330488313452
2023-03-07,XLM-USD,0.0827990025281906,-0.12698878803218813
2023-03-08,XLM-USD,0.0817890018224716,-0.13763797356902935
2023-03-09,XLM-USD,0.0770860016345977,-0.18722518801044433
2023-03-10,XLM-USD,0.0781550034880638,-0.17595390967140231
2023-03-11,XLM-USD,0.0793950036168098,-0.16287966985953714
2023-03-12,XLM-USD,0.0830669999122619,-0.12416309310920129
2023-03-13,XLM-USD,0.084755003452301,-0.1063652215008596
2023-03-14,XLM-USD,0.0884360000491142,-0.06755374790684902
2023-03-15,XLM-USD,0.0839250013232231,-0.11511654872120207
2023-03-16,XLM-USD,0.084757000207901,-0.1063441682275938
2023-03-17,XLM-USD,0.0880940034985542,-0.07115967085249733
2023-03-18,XLM-USD,0.0856110006570816,-0.09733980894311599
2023-03-19,XLM-USD,0.0879300013184547,-0.07288886731190253
2023-03-20,XLM-USD,0.0865200012922287,-0.08775554195995892
2023-03-21,XLM-USD,0.0965429991483688,0.0
2023-03-22,XLM-USD,0.0908949971199035,-0.05850245049654362
2023-03-23,XLM-USD,0.0925510004162788,-0.04134943773556309
2023-03-24,XLM-USD,0.0888840034604072,-0.07933248143856736
2023-03-25,XLM-USD,0.0907590016722679,-0.05991110206978298
2023-03-26,XLM-USD,0.0919620022177696,-0.04745032753290636
2023-03-27,XLM-USD,0.0925989970564842,-0.0408522847505845
2023-03-28,XLM-USD,0.0977139994502067,0.0
2023-03-29,XLM-USD,0.1018889993429184,0.0
2023-03-30,XLM-USD,0.1062690019607544,0.0
2023-03-31,XLM-USD,0.1120840013027191,0.0
2023-04-01,XLM-USD,0.1077589988708496,-0.038587152328622164
2023-04-02,XLM-USD,0.106625996530056,-0.04869566315643921
2023-04-03,XLM-USD,0.1067880019545555,-0.047250270213498584
2023-04-04,XLM-USD,0.1061670035123825,-0.05279074374188197
2023-04-05,XLM-USD,0.1072840020060539,-0.042825017316264924
2023-04-06,XLM-USD,0.1057809963822364,-0.05623465300332561
2023-04-07,XLM-USD,0.1064610034227371,-0.05016771184671828
2023-04-08,XLM-USD,0.1044140011072158,-0.06843082069124198
2023-04-09,XLM-USD,0.1048130020499229,-0.06487098219449282
2023-04-10,XLM-USD,0.1057280004024505,-0.056707476770945744
2023-04-11,XLM-USD,0.1051840037107467,-0.06156094992840888
2023-04-12,XLM-USD,0.1045759990811348,-0.06698549422148588
2023-04-13,XLM-USD,0.1054480001330375,-0.059205605550777377
2023-04-14,XLM-USD,0.1070630028843879,-0.04479674494105873
2023-04-15,XLM-USD,0.1066019982099533,-0.048909773286553944
2023-04-16,XLM-USD,0.1074540019035339,-0.041308298645409684
2023-04-17,XLM-USD,0.1040749996900558,-0.07145535062611119
2023-04-18,XLM-USD,0.1055840030312538,-0.05799220402481844
2023-04-19,XLM-USD,0.097690001130104,-0.12842154103456258
2023-04-20,XLM-USD,0.0957610011100769,-0.14563184756900904
2023-04-21,XLM-USD,0.0930130034685134,-0.17014915253336022
2023-04-22,XLM-USD,0.0955929979681968,-0.1471307514261827
2023-04-23,XLM-USD,0.0945729985833168,-0.15623106345131427
2023-04-24,XLM-USD,0.093479998409748,-0.16598267974681757
2023-04-25,XLM-USD,0.0949160009622573,-0.15317083741589543
2023-04-26,XLM-USD,0.0935579985380172,-0.16528677196905592
2023-04-27,XLM-USD,0.0943650007247924,-0.1580867953676173
2023-04-28,XLM-USD,0.0947490036487579,-0.15466076739304147
2023-04-29,XLM-USD,0.0957959964871406,-0.14531962301727144
2023-04-30,XLM-USD,0.094648003578186,-0.15556187789407658
2023-05-01,XLM-USD,0.0926370024681091,-0.17350378830683505
2023-05-02,XLM-USD,0.0935510024428367,-0.16534919029012926
2023-05-03,XLM-USD,0.0935870036482811,-0.16502799185836414
2023-05-04,XLM-USD,0.093479000031948,-0.16599158715365872
2023-05-05,XLM-USD,0.0943849980831146,-0.15790838133805218
2023-05-06,XLM-USD,0.0925870016217231,-0.17394988985393234
2023-05-07,XLM-USD,0.0920460000634193,-0.17877664079087163
2023-05-08,XLM-USD,0.0895190015435218,-0.201322218130429
2023-05-09,XLM-USD,0.0891209989786148,-0.20487314922033603
2023-05-10,XLM-USD,0.0891290009021759,-0.20480175701923592
2023-05-11,XLM-USD,0.0895050019025802,-0.20144712124576106
2023-05-12,XLM-USD,0.0891090035438537,-0.204980171048801
2023-05-13,XLM-USD,0.0883369967341423,-0.2118679230985012
2023-05-14,XLM-USD,0.0887229964137077,-0.2084240803102438
2023-05-15,XLM-USD,0.0880829989910125,-0.21413406046135103
2023-05-16,XLM-USD,0.0879020020365715,-0.21574889355382923
2023-05-17,XLM-USD,0.0885789990425109,-0.20970880756411736
2023-05-18,XLM-USD,0.0887399986386299,-0.20827238850120253
2023-05-19,XLM-USD,0.0892039984464645,-0.2041326379351836
2023-05-20,XLM-USD,0.0888480022549629,-0.2073087932059088
2023-05-21,XLM-USD,0.088127002120018,-0.2137414698284858
2023-05-22,XLM-USD,0.0881410017609596,-0.21361656671315374
2023-05-23,XLM-USD,0.0881469994783401,-0.21356305579892168
2023-05-24,XLM-USD,0.0865100026130676,-0.228168145251887
2023-05-25,XLM-USD,0.0870269984006881,-0.22355557091824782
2023-05-26,XLM-USD,0.0878309980034828,-0.2163823830105174
2023-05-27,XLM-USD,0.088136002421379,-0.21366117022054537
2023-05-28,XLM-USD,0.088697999715805,-0.20864709784719981
2023-05-29,XLM-USD,0.0893149971961975,-0.20314232041936606
2023-05-30,XLM-USD,0.0908429995179176,-0.18950966719535023
2023-05-31,XLM-USD,0.092578001320362,-0.17403018946187374
2023-06-01,XLM-USD,0.0910869985818862,-0.18733273684728394
2023-06-02,XLM-USD,0.0920450016856193,-0.17878554819771292
2023-06-03,XLM-USD,0.0919919982552528,-0.17925843843851855
2023-06-04,XLM-USD,0.091388002038002,-0.18464722015786053
2023-06-05,XLM-USD,0.087906002998352,-0.21571319745327971
2023-06-06,XLM-USD,0.0896850004792213,-0.19984119556012328
2023-06-07,XLM-USD,0.0873529985547065,-0.22064703669186939
2023-06-08,XLM-USD,0.0871500000357627,-0.22245816510078065
2023-06-09,XLM-USD,0.0889900028705596,-0.2060418807657187
2023-06-10,XLM-USD,0.0823320001363754,-0.26544378163292726
2023-06-11,XLM-USD,0.0835139974951744,-0.2548981431380396
2023-06-12,XLM-USD,0.0830899998545646,-0.25868099917174464
2023-06-13,XLM-USD,0.0825309976935386,-0.2636683493245665
2023-06-14,XLM-USD,0.0792509987950325,-0.2929321056179147
2023-06-15,XLM-USD,0.0763169974088668,-0.31910891365532124
2023-06-16,XLM-USD,0.077405996620655,-0.3093929934603684
2023-06-17,XLM-USD,0.0796680003404617,-0.28921166790528385
2023-06-18,XLM-USD,0.0794980004429817,-0.2907283865761391
2023-06-19,XLM-USD,0.0799689963459968,-0.28652621768904685
2023-06-20,XLM-USD,0.0828640013933181,-0.2606973303039292
2023-06-21,XLM-USD,0.0867950022220611,-0.2256254129646646
2023-06-22,XLM-USD,0.0866969972848892,-0.22649980124517585
2023-06-23,XLM-USD,0.0894680023193359,-0.2017772270843667
2023-06-24,XLM-USD,0.0905250012874603,-0.19234680922062863
2023-06-25,XLM-USD,0.0916460007429122,-0.1823453866944621
2023-06-26,XLM-USD,0.0921240001916885,-0.17808073301311012
2023-06-27,XLM-USD,0.1021350026130676,-0.0887637715821816
2023-06-28,XLM-USD,0.1004109978675842,-0.10414513489403524
2023-06-29,XLM-USD,0.1023640036582946,-0.08672065175628867
2023-06-30,XLM-USD,0.1106949970126152,-0.012392529477533935
2023-07-01,XLM-USD,0.107415996491909,-0.04164737836404186
2023-07-02,XLM-USD,0.107294000685215,-0.042735810301482366
2023-07-03,XLM-USD,0.105734996497631,-0.05664505844987241
2023-07-04,XLM-USD,0.1034319996833801,-0.07719211947092676
2023-07-05,XLM-USD,0.1005999967455864,-0.10245890960045616
2023-07-06,XLM-USD,0.096000999212265,-0.14349061332149227
2023-07-07,XLM-USD,0.0972170010209083,-0.13264159120852279
2023-07-08,XLM-USD,0.0995329990983009,-0.11197853447897667
2023-07-09,XLM-USD,0.0990109965205192,-0.116635778793193
2023-07-10,XLM-USD,0.0998879969120025,-0.10881128661509284
2023-07-11,XLM-USD,0.0985990017652511,-0.12031154652524757
2023-07-12,XLM-USD,0.0962620005011558,-0.14116199116438458
2023-07-13,XLM-USD,0.1548790037631988,0.0
2023-07-14,XLM-USD,0.1349129974842071,-0.12891357636519013
2023-07-15,XLM-USD,0.1278759986162185,-0.17434903693121856
2023-07-16,XLM-USD,0.1316799968481063,-0.1497879399493198
2023-07-17,XLM-USD,0.1289499998092651,-0.16741458379715343
2023-07-18,XLM-USD,0.1329369992017746,-0.14167191180395425
2023-07-19,XLM-USD,0.1559849977493286,0.0
2023-07-20,XLM-USD,0.1632879972457885,0.0
2023-07-21,XLM-USD,0.1570850014686584,-0.03798806943411198
2023-07-22,XLM-USD,0.1557839959859848,-0.045955620660276246
2023-07-23,XLM-USD,0.1560799926519394,-0.044142893019866514
2023-07-24,XLM-USD,0.1457770019769668,-0.10723994147875637
2023-07-25,XLM-USD,0.1451780050992965,-0.11090828751627117
2023-07-26,XLM-USD,0.1558250039815902,-0.045704481591287247
2023-07-27,XLM-USD,0.159057006239891,-0.025911218688834888
2023-07-28,XLM-USD,0.1599150002002716,-0.020656735965961397
2023-07-29,XLM-USD,0.1585890054702758,-0.028777325062291994
2023-07-30,XLM-USD,0.1566849946975708,-0.04043777043990901
2023-07-31,XLM-USD,0.1503639966249466,-0.07914850349586997
2023-08-01,XLM-USD,0.1533450037240982,-0.06089237230782885
2023-08-02,XLM-USD,0.1440300047397613,-0.11793881259404015
2023-08-03,XLM-USD,0.139160007238388,-0.14776340217512707
2023-08-04,XLM-USD,0.1364450007677078,-0.16439050592111434
2023-08-05,XLM-USD,0.139050006866455,-0.1484370608260286
2023-08-06,XLM-USD,0.1391299962997436,-0.14794719363041225
2023-08-07,XLM-USD,0.1429769992828369,-0.12438757474855038
2023-08-08,XLM-USD,0.1431349962949752,-0.12341997752889383
2023-08-09,XLM-USD,0.1414960026741027,-0.13345741842178083
2023-08-10,XLM-USD,0.1388429999351501,-0.14970480208562226
2023-08-11,XLM-USD,0.1394899934530258,-0.14574251747935194
2023-08-12,XLM-USD,0.1378500014543533,-0.15578607258649124
2023-08-13,XLM-USD,0.1378989964723587,-0.15548601980348326
2023-08-14,XLM-USD,0.1360740065574646,-0.16666252968587864
2023-08-15,XLM-USD,0.1302590072154998,-0.20227445119907964
2023-08-16,XLM-USD,0.126583993434906,-0.2247807826048228
2023-08-17,XLM-USD,0.1134219989180564,-0.3053867961444314
2023-08-18,XLM-USD,0.1167600005865097,-0.28494437707655107
2023-08-19,XLM-USD,0.1236310005187988,-0.24286535076608345
2023-08-20,XLM-USD,0.1298349946737289,-0.2048711671177192
2023-08-21,XLM-USD,0.1248020008206367,-0.235693970618189
2023-08-22,XLM-USD,0.1207349970936775,-0.26060090680185316
2023-08-23,XLM-USD,0.1273760050535202,-0.2199303855641755
2023-08-24,XLM-USD,0.1237659975886344,-0.24203860861655246
2023-08-25,XLM-USD,0.1238590031862258,-0.2414690284933337
2023-08-26,XLM-USD,0.1211479976773262,-0.25807162975384684
2023-08-27,XLM-USD,0.120898999273777,-0.25959653303975344
2023-08-28,XLM-USD,0.1198680028319358,-0.2659105087099265
2023-08-29,XLM-USD,0.1243090033531189,-0.23871316049027563
2023-08-30,XLM-USD,0.1204160004854202,-0.26255448951238847
2023-08-31,XLM-USD,0.1149849966168403,-0.29581476559015135
2023-09-01,XLM-USD,0.1140379980206489,-0.3016143259507694
2023-09-02,XLM-USD,0.1135049983859062,-0.3048784950491288
2023-09-03,XLM-USD,0.1190619990229606,-0.27084659600703487
2023-09-04,XLM-USD,0.1243740022182464,-0.23831509776537327
2023-09-05,XLM-USD,0.1224159970879554,-0.2503062126257247
2023-09-06,XLM-USD,0.1239330023527145,-0.24101584658323094
2023-09-07,XLM-USD,0.1254850029945373,-0.23151116364265534
2023-09-08,XLM-USD,0.1268769949674606,-0.2229863976071701
2023-09-09,XLM-USD,0.131642997264862,-0.19379869013454185
2023-09-10,XLM-USD,0.1337230056524276,-0.18106040916686814
2023-09-11,XLM-USD,0.1284060031175613,-0.2136225241082553
2023-09-12,XLM-USD,0.12134800106287,-0.25684677925094834
2023-09-13,XLM-USD,0.1208069995045661,-0.2601599533202558
2023-09-14,XLM-USD,0.1202059984207153,-0.26384057341473915
2023-09-15,XLM-USD,0.120348997414112,-0.26296482629426077
2023-09-16,XLM-USD,0.1193599998950958,-0.2690215943096557
2023-09-17,XLM-USD,0.116177000105381,-0.28851475880063543
2023-09-18,XLM-USD,0.1180529966950416,-0.2770258764497988
2023-09-19,XLM-USD,0.118477001786232,-0.27442920615962335
2023-09-20,XLM-USD,0.1169719994068145,-0.2836460647456962
2023-09-21,XLM-USD,0.1138480007648468,-0.3027778974257512
2023-09-22,XLM-USD,0.1144590005278587,-0.29903604393181554
2023-09-23,XLM-USD,0.1142119988799095,-0.3005487187892174
2023-09-24,XLM-USD,0.1122620031237602,-0.3124907830501568
2023-09-25,XLM-USD,0.1129959970712661,-0.307995694863111
2023-09-26,XLM-USD,0.111845001578331,-0.3150445625836366
2023-09-27,XLM-USD,0.1124840006232261,-0.31113123731984976
2023-09-28,XLM-USD,0.1141910031437873,-0.3006772998023741
2023-09-29,XLM-USD,0.1128399968147277,-0.30895106365426345
2023-09-30,XLM-USD,0.1123310029506683,-0.3120682178397805
2023-10-01,XLM-USD,0.11438799649477,-0.2994708831991613
2023-10-02,XLM-USD,0.1117250025272369,-0.31577945463399026
2023-10-03,XLM-USD,0.1144329980015754,-0.2991952872731627
2023-10-04,XLM-USD,0.1125549972057342,-0.31069644368096866
2023-10-05,XLM-USD,0.110725000500679,-0.32190361589155436
2023-10-06,XLM-USD,0.1117840036749839,-0.31541812282306614
2023-10-07,XLM-USD,0.1111669987440109,-0.31919675285944443
2023-10-08,XLM-USD,0.1107549965381622,-0.3217199156931984
2023-10-09,XLM-USD,0.1060200035572052,-0.35071771749628916
2023-10-10,XLM-USD,0.104322001338005,-0.36111653582856557
2023-10-11,XLM-USD,0.1032930016517639,-0.3674182830702333
2023-10-12,XLM-USD,0.1024319976568222,-0.37269119969279235
2023-10-13,XLM-USD,0.1029250025749206,-0.36967196419224113
2023-10-14,XLM-USD,0.1043009981513023,-0.3612451624701863
2023-10-15,XLM-USD,0.106293998658657,-0.34903973071175304
2023-10-16,XLM-USD,0.1076610013842582,-0.3406680025464334
2023-10-17,XLM-USD,0.1031069979071617,-0.3685573976882062
2023-10-18,XLM-USD,0.1032759994268417,-0.36752240722638063
2023-10-19,XLM-USD,0.1073589995503425,-0.34251750672928594
2023-10-20,XLM-USD,0.1075939983129501,-0.34107833932830506
2023-10-21,XLM-USD,0.1107069998979568,-0.322013854261954
2023-10-22,XLM-USD,0.1106889992952346,-0.32212409263235375
2023-10-23,XLM-USD,0.1158659979701042,-0.2904193821686878
2023-10-24,XLM-USD,0.1143210008740425,-0.29988117435256834
2023-10-25,XLM-USD,0.1143070012331008,-0.29996691023749456
2023-10-26,XLM-USD,0.1131410002708435,-0.3071076736856626
2023-10-27,XLM-USD,0.1120999976992607,-0.3134829283837519
2023-10-28,XLM-USD,0.1140199974179267,-0.30172456432116906
2023-10-29,XLM-USD,0.115786001086235,-0.2909092949927687
2023-10-30,XLM-USD,0.119046002626419,-0.2709445603204652
2023-10-31,XLM-USD,0.1212780028581619,-0.25727545867557705
2023-11-01,XLM-USD,0.1224619969725608,-0.25002450248547387
2023-11-02,XLM-USD,0.1197870001196861,-0.26640658137672374
2023-11-03,XLM-USD,0.1225360035896301,-0.2495712749469065
2023-11-04,XLM-USD,0.123599998652935,-0.24305521080715636
2023-11-05,XLM-USD,0.125898003578186,-0.2289818865946489
2023-11-06,XLM-USD,0.1310379952192306,-0.19750381271449935
2023-11-07,XLM-USD,0.1266950070858001,-0.2241009184827405
2023-11-08,XLM-USD,0.1279100030660629,-0.21666010225156374
2023-11-09,XLM-USD,0.1229590028524398,-0.24698076449944856
2023-11-10,XLM-USD,0.1238730028271675,-0.24138329260840746
2023-11-11,XLM-USD,0.1249219998717308,-0.23495907856783527
2023-11-12,XLM-USD,0.1242000013589859,-0.2393807049269247
2023-11-13,XLM-USD,0.1224069967865943,-0.2503613318109246
2023-11-14,XLM-USD,0.1179540008306503,-0.27763214185853113
2023-11-15,XLM-USD,0.1216719970107078,-0.2548625798406873
2023-11-16,XLM-USD,0.1185420006513595,-0.27403114343472096
2023-11-17,XLM-USD,0.1181610003113746,-0.2763644462274021
2023-11-18,XLM-USD,0.119218997657299,-0.2698851130016301
2023-11-19,XLM-USD,0.1211569979786872,-0.2580165105686476
2023-11-20,XLM-USD,0.1197659969329834,-0.26653520801834446
2023-11-21,XLM-USD,0.1138240024447441,-0.302924866710129
2023-11-22,XLM-USD,0.1181309968233108,-0.27654819205422265
2023-11-23,XLM-USD,0.1172399967908859,-0.2820048088751377
2023-11-24,XLM-USD,0.1180099993944168,-0.2772891983188281
2023-11-25,XLM-USD,0.120958000421524,-0.2592352012288292
2023-11-26,XLM-USD,0.1200060024857521,-0.26506537828917315
2023-11-27,XLM-USD,0.116518996655941,-0.2864203210199748
2023-11-28,XLM-USD,0.1184149980545044,-0.27480892624176917
2023-11-29,XLM-USD,0.1185820028185844,-0.27378616420844826
2023-11-30,XLM-USD,0.1183120012283325,-0.27543969413597547
2023-12-01,XLM-USD,0.1197940036654472,-0.2663636906200287
2023-12-02,XLM-USD,0.1216330006718635,-0.2551013992242431
2023-12-03,XLM-USD,0.1220320016145706,-0.2526578580611623
2023-12-04,XLM-USD,0.1222269982099533,-0.2514636698864542
2023-12-05,XLM-USD,0.1224460005760192,-0.25012246679890415
2023-12-06,XLM-USD,0.1254400014877319,-0.23178675956865383
2023-12-07,XLM-USD,0.1261740028858184,-0.22729162575314354
2023-12-08,XLM-USD,0.132324993610382,-0.18962204300172522
2023-12-09,XLM-USD,0.1336919963359832,-0.1812503148364056
2023-12-10,XLM-USD,0.1329859942197799,-0.1855739768820646
2023-12-11,XLM-USD,0.1234930008649826,-0.24371048118683614
2023-12-12,XLM-USD,0.1230809986591339,-0.2462336440205902
2023-12-13,XLM-USD,0.1248959973454475,-0.23511832190918244
2023-12-14,XLM-USD,0.1275040060281753,-0.219146488542875
2023-12-15,XLM-USD,0.1229389980435371,-0.2471032769268169
2023-12-16,XLM-USD,0.1247010007500648,-0.23631251008389062
2023-12-17,XLM-USD,0.1222330033779144,-0.2514268933440114
2023-12-18,XLM-USD,0.1211619973182678,-0.25798589386892123
2023-12-19,XLM-USD,0.1195600032806396,-0.2677967438067571
2023-12-20,XLM-USD,0.1217420026659965,-0.254433854787594
2023-12-21,XLM-USD,0.124387003481388,-0.23823547609470008
2023-12-22,XLM-USD,0.1266449987888336,-0.22440717673692942
2023-12-23,XLM-USD,0.126689001917839,-0.22413769502518321
2023-12-24,XLM-USD,0.126129001379013,-0.22756722167914203
2023-12-25,XLM-USD,0.1310359984636306,-0.19751604114300408
2023-12-26,XLM-USD,0.1260019987821579,-0.22834500448619025
2023-12-27,XLM-USD,0.130852997303009,-0.19863676748975526
2023-12-28,XLM-USD,0.1323619931936264,-0.1893954520466735
2023-12-29,XLM-USD,0.1296190023422241,-0.20619393630558344
2023-12-30,XLM-USD,0.1326110064983368,-0.18787045750383785
2023-12-31,XLM-USD,0.1289590001106262,-0.21023588821099162
2024-01-01,XLM-USD,0.1319050043821334,-0.1921941195494975
2024-01-02,XLM-USD,0.1292870044708252,-0.20822714068679193
2024-01-03,XLM-USD,0.1205520033836364,-0.26172158752014046
2024-01-04,XLM-USD,0.1216439977288246,-0.2550340516105385
2024-01-05,XLM-USD,0.1191290020942688,-0.27043625922516257
2024-01-06,XLM-USD,0.1201419979333877,-0.26423252192538976
2024-01-07,XLM-USD,0.1152309998869896,-0.2943082049470013
2024-01-08,XLM-USD,0.1196160018444061,-0.26745380026705406
2024-01-09,XLM-USD,0.1163299977779388,-0.28757777828070474
2024-01-10,XLM-USD,0.1206059977412223,-0.2613909180374067
2024-01-11,XLM-USD,0.1236110031604766,-0.24298781756498783
2024-01-12,XLM-USD,0.119107000529766,-0.2705710000810363
2024-01-13,XLM-USD,0.1201829984784126,-0.26398142848486467
2024-01-14,XLM-USD,0.1181150004267692,-0.27664615636765294
2024-01-15,XLM-USD,0.1182010024785995,-0.27611946700112927
2024-01-16,XLM-USD,0.1185399964451789,-0.2740434174916903
2024-01-17,XLM-USD,0.1187480017542839,-0.27276956201784364
2024-01-18,XLM-USD,0.1141780018806457,-0.30075692147304744
2024-01-19,XLM-USD,0.1139070019125938,-0.30241656561482705
2024-01-20,XLM-USD,0.1153699979186058,-0.29345696031199614
2024-01-21,XLM-USD,0.1155129969120025,-0.2925812131915177
2024-01-22,XLM-USD,0.112536996603012,-0.3108066820513683
2024-01-23,XLM-USD,0.111575998365879,-0.3166919782969121
2024-01-24,XLM-USD,0.1126409992575645,-0.310169754314445
2024-01-25,XLM-USD,0.1117599979043006,-0.31556513773590844
2024-01-26,XLM-USD,0.1157929971814155,-0.2908664498645382
2024-01-27,XLM-USD,0.1162540018558502,-0.2880431886193116
2024-01-28,XLM-USD,0.1137579977512359,-0.3033290892777488
2024-01-29,XLM-USD,0.1164460033178329,-0.2868673430873605
2024-01-30,XLM-USD,0.1127410009503364,-0.30955732906299577
2024-01-31,XLM-USD,0.1098899990320205,-0.32701728917276696
2024-02-01,XLM-USD,0.1098679974675178,-0.3271520300286401
2024-02-02,XLM-USD,0.1103599965572357,-0.3241389543708051
2024-02-03,XLM-USD,0.1109889969229698,-0.32028686250646987
2024-02-04,XLM-USD,0.1093119978904724,-0.33055705419712494
2024-02-05,XLM-USD,0.1084169968962669,-0.33603817350351406
2024-02-06,XLM-USD,0.1081510037183761,-0.33766715531710323
2024-02-07,XLM-USD,0.1090900003910064,-0.33191659992743255
2024-02-08,XLM-USD,0.1098690032958984,-0.3271458701859231
2024-02-09,XLM-USD,0.1120340004563331,-0.31388710532290715
2024-02-10,XLM-USD,0.111635997891426,-0.31632453227173557
2024-02-11,XLM-USD,0.1111520007252693,-0.3192886029586224
2024-02-12,XLM-USD,0.1132259964942932,-0.30658714416185595
2024-02-13,XLM-USD,0.1110529974102974,-0.3198949139958194
2024-02-14,XLM-USD,0.1144160032272338,-0.29929936580084543
2024-02-15,XLM-USD,0.116746999323368,-0.28502399874722495
2024-02-16,XLM-USD,0.1155280023813247,-0.2924893174638751
2024-02-17,XLM-USD,0.1141949966549873,-0.30065284294536476
2024-02-18,XLM-USD,0.1158669963479042,-0.2904132679544354
2024-02-19,XLM-USD,0.118485003709793,-0.27438020118867645
2024-02-20,XLM-USD,0.1176899969577789,-0.27924894087208024
2024-02-21,XLM-USD,0.1143440008163452,-0.2997403192824428
2024-02-22,XLM-USD,0.1152580007910728,-0.29414284739140234
2024-02-23,XLM-USD,0.1148609966039657,-0.29657416012597837
2024-02-24,XLM-USD,0.1164470016956329,-0.28686122887310816
2024-02-25,XLM-USD,0.1164420023560524,-0.286891845572834
2024-02-26,XLM-USD,0.1179670020937919,-0.2775525201878578
2024-02-27,XLM-USD,0.1229719966650009,-0.24690118845723927
2024-02-28,XLM-USD,0.1210810020565986,-0.2584819209072545
2024-02-29,XLM-USD,0.1219390034675598,-0.2532273925559165
2024-03-01,XLM-USD,0.1271490007638931,-0.22132059362267353
2024-03-02,XLM-USD,0.1383489966392517,-0.15273015180042576
2024-03-03,XLM-USD,0.1356319934129715,-0.1693694839749178
2024-03-04,XLM-USD,0.1458750069141388,-0.10663974465581126
2024-03-05,XLM-USD,0.1323989927768707,-0.18916886109162245
2024-03-06,XLM-USD,0.1381600052118301,-0.1538875634326912
2024-03-07,XLM-USD,0.1421909928321838,-0.1292011952467548
2024-03-08,XLM-USD,0.1419699937105178,-0.13055462676281016
2024-03-09,XLM-USD,0.1425289958715438,-0.12713121432310362
2024-03-10,XLM-USD,0.139843001961708,-0.14358064082805796
2024-03-11,XLM-USD,0.1569889932870865,-0.03857603782855183
2024-03-12,XLM-USD,0.1493930071592331,-0.08509498751240135
2024-03-13,XLM-USD,0.1508650034666061,-0.07608026302437114
2024-03-14,XLM-USD,0.1445470005273819,-0.11477265343757506
2024-03-15,XLM-USD,0.1368190050125122,-0.16210004825666371
2024-03-16,XLM-USD,0.129271999001503,-0.20831903641443456
2024-03-17,XLM-USD,0.1321559995412826,-0.19065698783508625
2024-03-18,XLM-USD,0.1353189945220947,-0.17128633577147487
2024-03-19,XLM-USD,0.1207719966769218,-0.26037431584680215
2024-03-20,XLM-USD,0.1309159994125366,-0.19825093319335713
2024-03-21,XLM-USD,0.133212998509407,-0.18418376882356668
2024-03-22,XLM-USD,0.1280719935894012,-0.21566804817489785
2024-03-23,XLM-USD,0.1328449994325637,-0.18643744994557446
2024-03-24,XLM-USD,0.1350049972534179,-0.17320930178228425
2024-03-25,XLM-USD,0.1366830021142959,-0.1629329502489123
2024-03-26,XLM-USD,0.1381829977035522,-0.15374675399103044
2024-03-27,XLM-USD,0.133770003914833,-0.18077258481236472
2024-03-28,XLM-USD,0.1380539983510971,-0.15453676522658322
2024-03-29,XLM-USD,0.1428630053997039,-0.12508569025646124
2024-03-30,XLM-USD,0.1392759978771209,-0.14705305823871215
2024-03-31,XLM-USD,0.1411180049180984,-0.1357723329432403
2024-04-01,XLM-USD,0.1357000023126602,-0.16895298735032926
2024-04-02,XLM-USD,0.1286610066890716,-0.21206084427990612
2024-04-03,XLM-USD,0.1264010071754455,-0.2259014176946455
2024-04-04,XLM-USD,0.1288879960775375,-0.2106707274783372
2024-04-05,XLM-USD,0.1275320053100586,-0.21897501677302317
2024-04-06,XLM-USD,0.1292410045862198,-0.2085088508270429
2024-04-07,XLM-USD,0.1293389946222305,-0.20790874526102743
2024-04-08,XLM-USD,0.1333550065755844,-0.18331409028887521
2024-04-09,XLM-USD,0.1321630030870437,-0.19061409707839108
2024-04-10,XLM-USD,0.1296530067920684,-0.20598568799328942
2024-04-11,XLM-USD,0.1303000003099441,-0.2020234033870191
2024-04-12,XLM-USD,0.1152990013360977,-0.2938917539508772
2024-04-13,XLM-USD,0.1056860014796257,-0.352763195934467
2024-04-14,XLM-USD,0.1107629984617233,-0.32167091072225096
2024-04-15,XLM-USD,0.1076250001788139,-0.3408884792872321
2024-04-16,XLM-USD,0.109605997800827,-0.32875655498521983
2024-04-17,XLM-USD,0.1075529977679252,-0.3413294327688302
2024-04-18,XLM-USD,0.1105099990963935,-0.32322031649363153
2024-04-19,XLM-USD,0.111855998635292,-0.31497721496993264
2024-04-20,XLM-USD,0.115906998515129,-0.2901682887281633
2024-04-21,XLM-USD,0.1138549968600273,-0.3027350522975207
2024-04-22,XLM-USD,0.1182280033826828,-0.27595410944552984
2024-04-23,XLM-USD,0.1174089983105659,-0.28096981841331203
2024-04-24,XLM-USD,0.1144680008292198,-0.29898092474661575
2024-04-25,XLM-USD,0.1137489974498748,-0.3033842084629487
2024-04-26,XLM-USD,0.1140059977769851,-0.30181030020609473
2024-04-27,XLM-USD,0.1143919974565506,-0.29944638071368723
2024-04-28,XLM-USD,0.1122860014438629,-0.31234381376577897
2024-04-29,XLM-USD,0.1120880022644996,-0.31355639021170884
2024-04-30,XLM-USD,0.1077150031924247,-0.34033728743523506
2024-05-01,XLM-USD,0.1110349968075752,-0.320005152366219
2024-05-02,XLM-USD,0.1103599965572357,-0.3241389543708051
2024-05-03,XLM-USD,0.1117819994688034,-0.31543039688003477
2024-05-04,XLM-USD,0.1110080033540725,-0.3201704642933539
2024-05-05,XLM-USD,0.1109620034694671,-0.3204521744336048
2024-05-06,XLM-USD,0.1098489984869957,-0.3272683826132915
2024-05-07,XLM-USD,0.1080870032310485,-0.33805910382775384
2024-05-08,XLM-USD,0.1073929965496063,-0.342309304045456
2024-05-09,XLM-USD,0.1084500029683113,-0.3358360394054718
2024-05-10,XLM-USD,0.1063470020890235,-0.348715129814807
2024-05-11,XLM-USD,0.1058290004730224,-0.3518874488139885
2024-05-12,XLM-USD,0.1046560034155845,-0.35907105739038775
2024-05-13,XLM-USD,0.1039400026202201,-0.363455952835499
2024-05-14,XLM-USD,0.1018500030040741,-0.3762554215741598
2024-05-15,XLM-USD,0.1067999973893165,-0.3459409191689925
2024-05-16,XLM-USD,0.1066929996013641,-0.34659618954867233
2024-05-17,XLM-USD,0.1088100001215934,-0.333631363254412
2024-05-18,XLM-USD,0.1081200018525123,-0.33785701535817614
2024-05-19,XLM-USD,0.1055980026721954,-0.3533021137294953
2024-05-20,XLM-USD,0.1122720018029213,-0.31242954965070463
2024-05-21,XLM-USD,0.1122369989752769,-0.3126439121772515
2024-05-22,XLM-USD,0.1106119975447654,-0.3225956628136775
2024-05-23,XLM-USD,0.1090800017118454,-0.3319778333268842
2024-05-24,XLM-USD,0.1102159991860389,-0.3250208157055366
2024-05-25,XLM-USD,0.1109120026230812,-0.32075838705932913
2024-05-26,XLM-USD,0.1086860001087188,-0.3343907577902391
2024-05-27,XLM-USD,0.1104499995708465,-0.32358776251880805
2024-05-28,XLM-USD,0.1077859997749328,-0.33990249379635395
2024-05-29,XLM-USD,0.1065919995307922,-0.347214729014374
2024-05-30,XLM-USD,0.1067780032753944,-0.34607561439640105
2024-05-31,XLM-USD,0.1063629984855651,-0.3486171655013767
2024-06-01,XLM-USD,0.1063179969787597,-0.3488927614273753
2024-06-02,XLM-USD,0.1051980033516883,-0.3557517691068285
2024-06-03,XLM-USD,0.1053270027041435,-0.354961757871275
2024-06-04,XLM-USD,0.1064290031790733,-0.3482129429337568
2024-06-05,XLM-USD,0.1069720014929771,-0.3448875404359452
2024-06-06,XLM-USD,0.1052820011973381,-0.3552373537972735
2024-06-07,XLM-USD,0.1002610027790069,-0.38598669546978703
2024-06-08,XLM-USD,0.0982739999890327,-0.39815539631424207
2024-06-09,XLM-USD,0.0998150035738945,-0.38871806098737044
2024-06-10,XLM-USD,0.0999689996242523,-0.38777496625318736
2024-06-11,XLM-USD,0.0967490002512931,-0.40749472169921885
2024-06-12,XLM-USD,0.1001090034842491,-0.3869175617754654
2024-06-13,XLM-USD,0.0974809974431991,-0.4030118619406772
2024-06-14,XLM-USD,0.0967739969491958,-0.4073416382005886
2024-06-15,XLM-USD,0.0982370004057884,-0.39838198726929325
2024-06-16,XLM-USD,0.0989950001239776,-0.39373988416940503
2024-06-17,XLM-USD,0.096911996603012,-0.4064965077798359
2024-06-18,XLM-USD,0.0913719981908798,-0.4404242826657827
2024-06-19,XLM-USD,0.0933049991726875,-0.428586296932526
2024-06-20,XLM-USD,0.0939129963517189,-0.42486283170981143
2024-06-21,XLM-USD,0.0920310020446777,-0.4363884449746268
2024-06-22,XLM-USD,0.0908410027623176,-0.4436761777071734
2024-06-23,XLM-USD,0.0895470008254051,-0.45160083817664265
2024-06-24,XLM-USD,0.0892359986901283,-0.45350546154469495
2024-06-25,XLM-USD,0.091838002204895,-0.43757040472083025
2024-06-26,XLM-USD,0.0901390016078949,-0.44797533726735844
2024-06-27,XLM-USD,0.0913750007748603,-0.4404058943945616
2024-06-28,XLM-USD,0.0909150019288063,-0.4432229957970706
2024-06-29,XLM-USD,0.0900140032172203,-0.4487408460174378
2024-06-30,XLM-USD,0.0910879969596862,-0.4421635484782362
2024-07-01,XLM-USD,0.091450996696949,-0.4399404840559541
2024-07-02,XLM-USD,0.0935060009360313,-0.4273553322153751
2024-07-03,XLM-USD,0.0903190001845359,-0.4468729991918289
2024-07-04,XLM-USD,0.0871329978108406,-0.4663845519540296
2024-07-05,XLM-USD,0.0855220034718513,-0.47625052107706545
2024-07-06,XLM-USD,0.0905719995498657,-0.4453235934204483
2024-07-07,XLM-USD,0.0838899984955787,-0.4862451624701865
2024-07-08,XLM-USD,0.085496000945568,-0.47640976441841254
2024-07-09,XLM-USD,0.0879549980163574,-0.46135050034349095
2024-07-10,XLM-USD,0.0875369980931282,-0.4639103940912231
2024-07-11,XLM-USD,0.0887750014662742,-0.4563286771614569
2024-07-12,XLM-USD,0.0913589969277381,-0.4405039043364565
2024-07-13,XLM-USD,0.1024440005421638,-0.37261769223637153
2024-07-14,XLM-USD,0.1046489998698234,-0.3591139481470828
2024-07-15,XLM-USD,0.1048789992928505,-0.35770539744582774
2024-07-16,XLM-USD,0.1069279983639717,-0.34515702214769145
2024-07-17,XLM-USD,0.1099409982562065,-0.3267049623327897
2024-07-18,XLM-USD,0.1032010018825531,-0.3679817033507351
2024-07-19,XLM-USD,0.1053809970617294,-0.3546310883885412
2024-07-20,XLM-USD,0.1053259968757629,-0.35496791771399194
2024-07-21,XLM-USD,0.1053090021014213,-0.3550719962416746
2024-07-22,XLM-USD,0.1034929975867271,-0.36619347819579934
2024-07-23,XLM-USD,0.1009949967265129,-0.38149160728274073
2024-07-24,XLM-USD,0.1029499992728233,-0.36951888069361094
2024-07-25,XLM-USD,0.1022069975733757,-0.3740691336943211
2024-07-26,XLM-USD,0.1031619980931282,-0.36822056836275546
2024-07-27,XLM-USD,0.1015330031514167,-0.37819677585619094
2024-07-28,XLM-USD,0.1002430021762847,-0.3860969338401867
2024-07-29,XLM-USD,0.0991870015859603,-0.3925640386374539
2024-07-30,XLM-USD,0.1024900004267692,-0.37233598209612057
2024-07-31,XLM-USD,0.1006420031189918,-0.383653392677106
2024-08-01,XLM-USD,0.0993420034646987,-0.391614784060554
2024-08-02,XLM-USD,0.0955099985003471,-0.41508255284323736
2024-08-03,XLM-USD,0.0934119969606399,-0.4279310265528462
2024-08-04,XLM-USD,0.088189996778965,-0.4599113329425101
2024-08-05,XLM-USD,0.0880850031971931,-0.4605543292652211
2024-08-06,XLM-USD,0.0924639999866485,-0.4337367011277167
2024-08-07,XLM-USD,0.1013950034976005,-0.3790419062769436
2024-08-08,XLM-USD,0.1031010001897811,-0.36859412860218493
2024-08-09,XLM-USD,0.099991001188755,-0.38764022539731435
2024-08-10,XLM-USD,0.1013249978423118,-0.3794706313300369
2024-08-11,XLM-USD,0.0978839993476867,-0.40054381829212304
2024-08-12,XLM-USD,0.0988750010728836,-0.39447477621975807
2024-08-13,XLM-USD,0.099319003522396,-0.3917556391306794
2024-08-14,XLM-USD,0.0967110022902488,-0.40772742686852226
2024-08-15,XLM-USD,0.0956259965896606,-0.4143721632783577
2024-08-16,XLM-USD,0.0948579981923103,-0.419075499777698
2024-08-17,XLM-USD,0.0955929979681968,-0.41457425174793533
2024-08-18,XLM-USD,0.0935200005769729,-0.4272695963304494
2024-08-19,XLM-USD,0.0961840003728866,-0.4109548650529035
2024-08-20,XLM-USD,0.0977459996938705,-0.4013889487128757
2024-08-21,XLM-USD,0.0985670015215873,-0.3963610113165894
2024-08-22,XLM-USD,0.0990160033106803,-0.3936112575277843
2024-08-23,XLM-USD,0.1018560007214546,-0.3762186906601816
2024-08-24,XLM-USD,0.1025770008563995,-0.3718031785153446
2024-08-25,XLM-USD,0.1009600013494491,-0.38170592418082305
2024-08-26,XLM-USD,0.0971219986677169,-0.40521042387748524
2024-08-27,XLM-USD,0.0938849970698356,-0.42503430347966337
2024-08-28,XLM-USD,0.0928720012307167,-0.4312380407794361
2024-08-29,XLM-USD,0.0931229963898658,-0.42970090906502545
2024-08-30,XLM-USD,0.0932710021734237,-0.428794499616356
2024-08-31,XLM-USD,0.0925590023398399,-0.43315489257599327
2024-09-01,XLM-USD,0.090048000216484,-0.4485326433336085
2024-09-02,XLM-USD,0.0923900008201599,-0.43418988303781886
2024-09-03,XLM-USD,0.0914710015058517,-0.4398179716285857
2024-09-04,XLM-USD,0.0916759967803955,-0.4385625500544254
2024-09-05,XLM-USD,0.0902770012617111,-0.44713020684660565
2024-09-06,XLM-USD,0.0881320014595985,-0.46026650491071786
2024-09-07,XLM-USD,0.0886190012097358,-0.45728404595260935
2024-09-08,XLM-USD,0.0899500027298927,-0.4491327945280884
2024-09-09,XLM-USD,0.0931359976530075,-0.4296212873943516
2024-09-10,XLM-USD,0.094039998948574,-0.42408504890276333
2024-09-11,XLM-USD,0.0927729979157447,-0.43184435181663366
2024-09-12,XLM-USD,0.09494099766016,-0.41856719868239606
2024-09-13,XLM-USD,0.0964300036430358,-0.40944830440975405
2024-09-14,XLM-USD,0.0971930027008056,-0.40477558461013957
2024-09-15,XLM-USD,0.0951920002698898,-0.41703002133952016
2024-09-16,XLM-USD,0.0949809998273849,-0.41832221945612336
2024-09-17,XLM-USD,0.0946040004491806,-0.42063101976333034
2024-09-18,XLM-USD,0.0959260016679763,-0.4125348875240099
2024-09-19,XLM-USD,0.0960199981927871,-0.41195923881500335
2024-09-20,XLM-USD,0.0961980000138282,-0.4108691291679779
2024-09-21,XLM-USD,0.0980900004506111,-0.3992822368752457
2024-09-22,XLM-USD,0.096049003303051,-0.41178160720243456
2024-09-23,XLM-USD,0.0963329970836639,-0.41004238701844625
2024-09-24,XLM-USD,0.0968329980969429,-0.40698030638966387
2024-09-25,XLM-USD,0.0959699973464012,-0.4122654514407277
2024-09-26,XLM-USD,0.0979970023036003,-0.3998517713699999
2024-09-27,XLM-USD,0.0994589999318122,-0.390898280281422
2024-09-28,XLM-USD,0.0995580032467842,-0.3902919692442245
2024-09-29,XLM-USD,0.1017049998044967,-0.3771434427516082
2024-09-30,XLM-USD,0.0985239967703819,-0.3966243788140832
2024-10-01,XLM-USD,0.0937969982624054,-0.4255732212746911
2024-10-02,XLM-USD,0.0906749963760376,-0.4446928255262419
2024-10-03,XLM-USD,0.0902950018644332,-0.4470199684762066
2024-10-04,XLM-USD,0.0918150022625923,-0.4377112597909557
2024-10-05,XLM-USD,0.0920609980821609,-0.4362047447762709
2024-10-06,XLM-USD,0.0924549996852874,-0.4337918203129165
2024-10-07,XLM-USD,0.0912370011210441,-0.4412510248153143
2024-10-08,XLM-USD,0.0899059996008873,-0.4494022762398346
2024-10-09,XLM-USD,0.0897879973053932,-0.4501249398616835
2024-10-10,XLM-USD,0.0900169983506202,-0.4487225033746814
2024-10-11,XLM-USD,0.0916239991784095,-0.4388809911086551
2024-10-12,XLM-USD,0.0918240025639534,-0.4376561406057559
2024-10-13,XLM-USD,0.090328000485897,-0.44681788000662903
2024-10-14,XLM-USD,0.0932670012116432,-0.4288190021018294
2024-10-15,XLM-USD,0.0929149985313415,-0.4309747189104069
2024-10-16,XLM-USD,0.0954610034823417,-0.41538260562624535
2024-10-17,XLM-USD,0.0950070023536682,-0.4181629761147762
2024-10-18,XLM-USD,0.0966499969363212,-0.40810103273641574
2024-10-19,XLM-USD,0.097070001065731,-0.4055288649317143
2024-10-20,XLM-USD,0.0971949994564056,-0.40476335618163484
2024-10-21,XLM-USD,0.0954509973526001,-0.4154438846541615
2024-10-22,XLM-USD,0.0951329991221427,-0.417391353150445
2024-10-23,XLM-USD,0.0943609997630119,-0.4221191921352587
2024-10-24,XLM-USD,0.0966520011425018,-0.4080887586794464
2024-10-25,XLM-USD,0.0933530032634735,-0.42829231273530577
2024-10-26,XLM-USD,0.0941469967365264,-0.4234297785230835
2024-10-27,XLM-USD,0.0941800028085708,-0.42322764442504124
2024-10-28,XLM-USD,0.0942410007119178,-0.42285408418561243
2024-10-29,XLM-USD,0.0966349989175796,-0.40819288283559374
2024-10-30,XLM-USD,0.0948759987950325,-0.41896526140729834
2024-10-31,XLM-USD,0.0924490019679069,-0.43382855122689473
2024-11-01,XLM-USD,0.0930880010128021,-0.4299152259631073
2024-11-02,XLM-USD,0.0926370024681091,-0.432677208180417
2024-11-03,XLM-USD,0.0906649976968765,-0.44475405892569414
2024-11-04,XLM-USD,0.0911109969019889,-0.4420226934081107
2024-11-05,XLM-USD,0.093469999730587,-0.42757580895617375
2024-11-06,XLM-USD,0.097120001912117,-0.4052226523059893
2024-11-07,XLM-USD,0.1020520031452179,-0.3750183426427565
2024-11-08,XLM-USD,0.1012950018048286,-0.3796543315283929
2024-11-09,XLM-USD,0.1021850034594535,-0.3742038289217302
2024-11-10,XLM-USD,0.1084719970822334,-0.3357013441780633
2024-11-11,XLM-USD,0.1144540011882782,-0.2990666606315414
2024-11-12,XLM-USD,0.1349540054798126,-0.17352158299379647
2024-11-13,XLM-USD,0.1243249997496604,-0.23861519617684593
2024-11-14,XLM-USD,0.1308600008487701,-0.19859387673306012
2024-11-15,XLM-USD,0.146256998181343,-0.104300373277343
2024-11-16,XLM-USD,0.218640998005867,0.0
2024-11-17,XLM-USD,0.1964160054922104,-0.10165061775404187
2024-11-18,XLM-USD,0.2326509952545166,0.0
2024-11-19,XLM-USD,0.2320089936256408,-0.0027595051900528
2024-11-20,XLM-USD,0.2475190013647079,0.0
2024-11-21,XLM-USD,0.2632539868354797,0.0
2024-11-22,XLM-USD,0.3410660028457641,0.0
2024-11-23,XLM-USD,0.5153909921646118,0.0
2024-11-24,XLM-USD,0.5374209880828857,0.0
2024-11-25,XLM-USD,0.4831329882144928,-0.10101577919770445
2024-11-26,XLM-USD,0.439763993024826,-0.18171414444833375
2024-11-27,XLM-USD,0.4825049936771393,-0.10218431290085164
2024-11-28,XLM-USD,0.4973829984664917,-0.07450023446091955
2024-11-29,XLM-USD,0.5471360087394714,0.0
2024-11-30,XLM-USD,0.5241339802742004,-0.04204078711299702
2024-12-01,XLM-USD,0.5693879723548889,0.0
2024-12-02,XLM-USD,0.5366439819335938,-0.05750734474750451
2024-12-03,XLM-USD,0.509332001209259,-0.10547460441998609
2024-12-04,XLM-USD,0.4902769923210144,-0.13894037787044458
2024-12-05,XLM-USD,0.4738290011882782,-0.1678275197338566
2024-12-06,XLM-USD,0.4959959983825683,-0.1288962491932948
2024-12-07,XLM-USD,0.5052639842033386,-0.11261914769000952
2024-12-08,XLM-USD,0.4943520128726959,-0.1317835344709819
2024-12-09,XLM-USD,0.4121170043945312,-0.2762105551859702
2024-12-10,XLM-USD,0.4365859925746918,-0.23323636295117267
2024-12-11,XLM-USD,0.4360780119895935,-0.2341285148928397
2024-12-12,XLM-USD,0.4253419935703277,-0.25298388054951754
2024-12-13,XLM-USD,0.4376499950885772,-0.2313676854139832
2024-12-14,XLM-USD,0.4244369864463806,-0.2545733189779482
2024-12-15,XLM-USD,0.4301280081272125,-0.24457833847757895
2024-12-16,XLM-USD,0.4192090034484863,-0.263755077728967
2024-12-17,XLM-USD,0.4288490116596222,-0.24682460381806487
2024-12-18,XLM-USD,0.3958359956741333,-0.304804430558965
2024-12-19,XLM-USD,0.3705990016460418,-0.34912744975397136
2024-12-20,XLM-USD,0.3744319975376129,-0.3423956674233427
2024-12-21,XLM-USD,0.3563089966773987,-0.37422458152080895
2024-12-22,XLM-USD,0.3559390008449554,-0.374874394742035
2024-12-23,XLM-USD,0.3699249923229217,-0.35031119327481275
2024-12-24,XLM-USD,0.4019739925861358,-0.294024440095491
2024-12-25,XLM-USD,0.3828240036964416,-0.327657024237536
2024-12-26,XLM-USD,0.3542580008506775,-0.37782668751233284
2024-12-27,XLM-USD,0.349263995885849,-0.3865975172581284
2024-12-28,XLM-USD,0.3556660115718841,-0.37535383808528344
2024-12-29,XLM-USD,0.3378979861736297,-0.40655931881359764
2024-12-30,XLM-USD,0.3317349851131439,-0.4173832233562186
2024-12-31,XLM-USD,0.3316589891910553,-0.41751669284587833
2025-01-01,XLM-USD,0.4237760007381439,-0.2557341894921303
2025-01-02,XLM-USD,0.4329060018062591,-0.2396994267092863
2025-01-03,XLM-USD,0.4484339952468872,-0.21242805078540253
2025-01-04,XLM-USD,0.4507220089435577,-0.2084096770090692
2025-01-05,XLM-USD,0.4406900107860565,-0.22602859178173393
2025-01-06,XLM-USD,0.4458250105381012,-0.21701013687688722
2025-01-07,XLM-USD,0.4180470108985901,-0.2657958523963531
2025-01-08,XLM-USD,0.4257690012454986,-0.2522339390405586
2025-01-09,XLM-USD,0.3914870023727417,-0.31244244455389525
2025-01-10,XLM-USD,0.4147660136222839,-0.2715581751632647
2025-01-11,XLM-USD,0.4458929896354675,-0.21689074710986223
2025-01-12,XLM-USD,0.4225809872150421,-0.257832957961298
2025-01-13,XLM-USD,0.4195800125598907,-0.2631034849145456
2025-01-14,XLM-USD,0.4301010072231293,-0.24462575940214043
2025-01-15,XLM-USD,0.4893169999122619,-0.14062638540021752
2025-01-16,XLM-USD,0.4823090136051178,-0.15293431364492616
2025-01-17,XLM-USD,0.4884369969367981,-0.14217190974950134
2025-01-18,XLM-USD,0.4909510016441345,-0.13775663434960317
2025-01-19,XLM-USD,0.4328899979591369,-0.23972753381357934
2025-01-20,XLM-USD,0.4465050101280212,-0.21581587281980216
2025-01-21,XLM-USD,0.4416550099849701,-0.22433379096793643
2025-01-22,XLM-USD,0.4280290007591247,-0.24826476578198214
2025-01-23,XLM-USD,0.4318400025367737,-0.24157161109189035
2025-01-24,XLM-USD,0.4309230148792267,-0.24318209059280865
2025-01-25,XLM-USD,0.4170480072498321,-0.2675503742641514
2025-01-26,XLM-USD,0.4067789912223816,-0.2855855568216256
2025-01-27,XLM-USD,0.4070770144462585,-0.28506214705825406
2025-01-28,XLM-USD,0.3936820030212402,-0.30858742696471025
2025-01-29,XLM-USD,0.3927319943904876,-0.3102559002674101
2025-01-30,XLM-USD,0.4300169944763183,-0.244773308614435
2025-01-31,XLM-USD,0.4140860140323639,-0.27275243922034975
2025-02-01,XLM-USD,0.3933089971542358,-0.3092425266245462
2025-02-02,XLM-USD,0.3539569973945617,-0.3783553313733383
2025-02-03,XLM-USD,0.3704339861869812,-0.34941726173995014
2025-02-04,XLM-USD,0.341603010892868,-0.4000522886353609
2025-02-05,XLM-USD,0.3273130059242248,-0.4251494204021986
2025-02-06,XLM-USD,0.3184730112552643,-0.44067485314430566
2025-02-07,XLM-USD,0.3269529938697815,-0.4257816993963515
2025-02-08,XLM-USD,0.3319880068302154,-0.4169388484671161
2025-02-09,XLM-USD,0.3145839869976043,-0.44750503651044815
2025-02-10,XLM-USD,0.3129050135612488,-0.45045377009435505
2025-02-11,XLM-USD,0.3184140026569366,-0.4407784882774533
2025-02-12,XLM-USD,0.3329710066318512,-0.41521243370361083
2025-02-13,XLM-USD,0.3376190066337585,-0.4070492826930899
2025-02-14,XLM-USD,0.350942999124527,-0.38364873133324506
2025-02-15,XLM-USD,0.3490200042724609,-0.3870260328314009
2025-02-16,XLM-USD,0.3426069915294647,-0.3982890258245143
2025-02-17,XLM-USD,0.3337219953536987,-0.41389349344089066
2025-02-18,XLM-USD,0.323184996843338,-0.4323993260575887
2025-02-19,XLM-USD,0.3422729969024658,-0.39887561114632497
2025-02-20,XLM-USD,0.3447270095348358,-0.39456569813179354
2025-02-21,XLM-USD,0.325774997472763,-0.4278505811680309
2025-02-22,XLM-USD,0.3345920145511627,-0.4123655033186796
2025-02-23,XLM-USD,0.3335059881210327,-0.41427286083738235
2025-02-24,XLM-USD,0.2979719936847687,-0.4766802107666435
2025-02-25,XLM-USD,0.2952730059623718,-0.4814203666066665
2025-02-26,XLM-USD,0.2854880094528198,-0.4986054793674488
2025-02-27,XLM-USD,0.2831209897994995,-0.5027626090720521
2025-02-28,XLM-USD,0.2863579988479614,-0.4970775415862142
2025-03-01,XLM-USD,0.3118529915809631,-0.4523014065590572
2025-03-02,XLM-USD,0.3504419922828674,-0.3845286354864493
2025-03-03,XLM-USD,0.2921229898929596,-0.4869526507825761
2025-03-04,XLM-USD,0.2950260043144226,-0.4818541686185489
2025-03-05,XLM-USD,0.2997699975967407,-0.47352242732324584
2025-03-06,XLM-USD,0.2964439988136291,-0.47936378496442655
2025-03-07,XLM-USD,0.2832799851894378,-0.5024833699632933
2025-03-08,XLM-USD,0.2757500112056732,-0.5157080504085475
2025-03-09,XLM-USD,0.2627669870853424,-0.5385097686581187
2025-03-10,XLM-USD,0.2423020005226135,-0.5744518460400649
2025-03-11,XLM-USD,0.2550249993801117,-0.5521068028090356
2025-03-12,XLM-USD,0.2595889866352081,-0.544091201010809
2025-03-13,XLM-USD,0.2732599973678589,-0.5200811913224942
2025-03-14,XLM-USD,0.2763670086860657,-0.5146244351754391
2025-03-15,XLM-USD,0.2747800052165985,-0.5174116445063697
2025-03-16,XLM-USD,0.2632580101490021,-0.5376473987319875
2025-03-17,XLM-USD,0.273153007030487,-0.5202690954275447
2025-03-18,XLM-USD,0.2731829881668091,-0.5202164404053494
2025-03-19,XLM-USD,0.2907100021839142,-0.4894342411526739
2025-03-20,XLM-USD,0.2811430096626282,-0.5062364796715499
2025-03-21,XLM-USD,0.2767370045185089,-0.5139746219542132
2025-03-22,XLM-USD,0.2740460038185119,-0.5187007504125778
2025-03-23,XLM-USD,0.2829180061817169,-0.5031191034618845
2025-03-24,XLM-USD,0.29025998711586,-0.49022458989536516
2025-03-25,XLM-USD,0.2938730120658874,-0.48387913631108137
2025-03-26,XLM-USD,0.2857879996299743,-0.498078615099639
2025-03-27,XLM-USD,0.2861459851264953,-0.49744989529187694
2025-03-28,XLM-USD,0.2743889987468719,-0.5180983581159134
2025-03-29,XLM-USD,0.2675539851188659,-0.5301024993339611
2025-03-30,XLM-USD,0.2667370140552521,-0.5315373225182919
2025-03-31,XLM-USD,0.2639879882335663,-0.536365358857585
2025-04-01,XLM-USD,0.2722429931163788,-0.5218673271400001
2025-04-02,XLM-USD,0.2586340010166168,-0.5457684152565572
2025-04-03,XLM-USD,0.2608320116996765,-0.541908111228762
2025-04-04,XLM-USD,0.2594789862632751,-0.5442843915544695
2025-04-05,XLM-USD,0.2523269951343536,-0.5568452313968394
2025-04-06,XLM-USD,0.2261220067739486,-0.6028683116737652
2025-04-07,XLM-USD,0.2321719974279403,-0.5922428841134146
2025-04-08,XLM-USD,0.2210070043802261,-0.6118516457834895
2025-04-09,XLM-USD,0.2421700060367584,-0.5746836642242622
2025-04-10,XLM-USD,0.2302179932594299,-0.5956746463974492
2025-04-11,XLM-USD,0.2339829951524734,-0.5890622800043339
2025-04-12,XLM-USD,0.2462230026721954,-0.5675655008063127
2025-04-13,XLM-USD,0.238319993019104,-0.5814453332523792
2025-04-14,XLM-USD,0.239885002374649,-0.5786967515619856
2025-04-15,XLM-USD,0.2357099950313568,-0.5860291989370594
2025-04-16,XLM-USD,0.2355639934539795,-0.5862856173801353
2025-04-17,XLM-USD,0.2392340004444122,-0.5798400878490947
2025-04-18,XLM-USD,0.2400050014257431,-0.5784860006207639
2025-04-19,XLM-USD,0.2463189959526062,-0.5673969105215307
2025-04-20,XLM-USD,0.2435770034790039,-0.5722125943904082
2025-04-21,XLM-USD,0.2501629889011383,-0.5606458143706338
2025-04-22,XLM-USD,0.265531986951828,-0.533653677555509
2025-04-23,XLM-USD,0.2664090096950531,-0.5321133873038587
2025-04-24,XLM-USD,0.2806690037250519,-0.5070689629001925
2025-04-25,XLM-USD,0.2837280035018921,-0.5016965280660166
2025-04-26,XLM-USD,0.2909489870071411,-0.4890145188634262
2025-04-27,XLM-USD,0.284496009349823,-0.5003477011058078
2025-04-28,XLM-USD,0.2827230095863342,-0.5034615704700587
2025-04-29,XLM-USD,0.2781299948692322,-0.5115281523792375
2025-04-30,XLM-USD,0.271230012178421,-0.5236463969257004
2025-05-01,XLM-USD,0.2736600041389465,-0.5193786707380968
2025-05-02,XLM-USD,0.2748889923095703,-0.5172202335559046
2025-05-03,XLM-USD,0.2694349884986877,-0.5267989462714645
2025-05-04,XLM-USD,0.2656430006027221,-0.5334587074186531
2025-05-05,XLM-USD,0.2586610019207001,-0.5457209943319957
2025-05-06,XLM-USD,0.2625730037689209,-0.5388504560730973
2025-05-07,XLM-USD,0.2602129876613617,-0.5429952856482613
2025-05-08,XLM-USD,0.2903479933738708,-0.4900700269922416
2025-05-09,XLM-USD,0.2953979969024658,-0.48120084855190837
2025-05-10,XLM-USD,0.3206239938735962,-0.43689714317717054
2025-05-11,XLM-USD,0.3060890138149261,-0.46242451776949983
2025-05-12,XLM-USD,0.3127599954605102,-0.45070846128521186
2025-05-13,XLM-USD,0.3147230148315429,-0.44726086585583524
2025-05-14,XLM-USD,0.3039900064468384,-0.4661109450739028
2025-05-15,XLM-USD,0.292492002248764,-0.4863045648135694
2025-05-16,XLM-USD,0.2933570146560669,-0.484785367975383
2025-05-17,XLM-USD,0.2863860130310058,-0.4970283410684574
2025-05-18,XLM-USD,0.2927820086479187,-0.4857952347728323
2025-05-19,XLM-USD,0.2867040038108825,-0.4964698628509398
2025-05-20,XLM-USD,0.2875530123710632,-0.4949787731170466
2025-05-21,XLM-USD,0.2934409976005554,-0.48463787110406487
2025-05-22,XLM-USD,0.3040130138397217,-0.46607053784017055
2025-05-23,XLM-USD,0.2850089967250824,-0.4994467558801161
2025-05-24,XLM-USD,0.2861509919166565,-0.4974411020078522
2025-05-25,XLM-USD,0.2877210080623626,-0.49468372703343394
2025-05-26,XLM-USD,0.2857750058174133,-0.498101435765322
2025-05-27,XLM-USD,0.2872709929943084,-0.4954740757761252
2025-05-28,XLM-USD,0.2851560115814209,-0.49918855784384486
2025-05-29,XLM-USD,0.2788369953632355,-0.510286467397591
2025-05-30,XLM-USD,0.2650910019874573,-0.53442816698237
2025-05-31,XLM-USD,0.2642430067062378,-0.5359174771230678
2025-06-01,XLM-USD,0.2673220038414001,-0.5305099214937697
2025-06-02,XLM-USD,0.2719410061836242,-0.5223976982532247
2025-06-03,XLM-USD,0.2729460000991821,-0.5206326558491827
2025-06-04,XLM-USD,0.2668170034885406,-0.531396839337803
2025-06-05,XLM-USD,0.2574590146541595,-0.5478320105896264
2025-06-06,XLM-USD,0.2630810141563415,-0.5379582517904541
2025-06-07,XLM-USD,0.2649059891700744,-0.5347530997634712
2025-06-08,XLM-USD,0.2676509916782379,-0.5299321294559836
2025-06-09,XLM-USD,0.2750160098075866,-0.5169971563147557
2025-06-10,XLM-USD,0.2802410125732422,-0.5078206316613706
2025-06-11,XLM-USD,0.2770220041275024,-0.5134740851975009
2025-06-12,XLM-USD,0.267769992351532,-0.5297231319374692
2025-06-13,XLM-USD,0.2609190046787262,-0.5417553279188339
2025-06-14,XLM-USD,0.2565079927444458,-0.5495022634855217
2025-06-15,XLM-USD,0.2589100003242492,-0.5452836854746987
2025-06-16,XLM-USD,0.2617209851741791,-0.5403468322456007
2025-06-17,XLM-USD,0.2524150013923645,-0.5566906684937157
2025-06-18,XLM-USD,0.2520569860935211,-0.5573194406424541
2025-06-19,XLM-USD,0.2496639937162399,-0.5615221855079352
2025-06-20,XLM-USD,0.2420340031385421,-0.5749225222697771
2025-06-21,XLM-USD,0.2367540001869201,-0.5841956421949922
2025-06-22,XLM-USD,0.2285480052232742,-0.5986075991769905
2025-06-23,XLM-USD,0.2462210059165954,-0.5675690076517275
2025-06-24,XLM-USD,0.2486989945173263,-0.5632169863217328
2025-06-25,XLM-USD,0.2414920032024383,-0.5758744214359329
2025-06-26,XLM-USD,0.2342029958963394,-0.5886758989170129
2025-06-27,XLM-USD,0.2369569987058639,-0.5838391216346716
2025-06-28,XLM-USD,0.2389619946479797,-0.580317803940124
2025-06-29,XLM-USD,0.2405059933662414,-0.5776061226380481
2025-06-30,XLM-USD,0.2382480055093765,-0.5815717628807218
2025-07-01,XLM-USD,0.2255389988422393,-0.6038922320233611
2025-07-02,XLM-USD,0.2381809949874878,-0.5816894515660158
2025-07-03,XLM-USD,0.2427189946174621,-0.5737194910991553
2025-07-04,XLM-USD,0.2377610057592392,-0.5824270667750474
2025-07-05,XLM-USD,0.238209992647171,-0.5816385237960398
2025-07-06,XLM-USD,0.2501620054244995,-0.5606475416228529
2025-07-07,XLM-USD,0.2485190033912658,-0.5635330996483211
2025-07-08,XLM-USD,0.2595680058002472,-0.5441280490581503
2025-07-09,XLM-USD,0.2876150012016296,-0.4948699038862652
2025-07-10,XLM-USD,0.30274298787117,-0.46830104854677906
2025-07-11,XLM-USD,0.3597019910812378,-0.36826556136482236
2025-07-12,XLM-USD,0.3917190134525299,-0.31203497005311037
2025-07-13,XLM-USD,0.4720729887485504,-0.17091155474159522
2025-07-14,XLM-USD,0.4636490046977997,-0.1857063597950118
2025-07-15,XLM-USD,0.4519309997558594,-0.20628636062199923
2025-07-16,XLM-USD,0.4537149965763092,-0.20315317743748001
2025-07-17,XLM-USD,0.4983949959278106,-0.12468295762108178
2025-07-18,XLM-USD,0.4592219889163971,-0.19348140246599277
2025-07-19,XLM-USD,0.4615760147571563,-0.18934709342707262
2025-07-20,XLM-USD,0.463234007358551,-0.18643520789050685
2025-07-21,XLM-USD,0.4732910096645355,-0.16877237903869516
2025-07-22,XLM-USD,0.4721580147743225,-0.17076222593610527
2025-07-23,XLM-USD,0.4277519881725311,-0.2487512751570361
2025-07-24,XLM-USD,0.4243099987506866,-0.254796343878121
2025-07-25,XLM-USD,0.4314889907836914,-0.2421880831111895
2025-07-26,XLM-USD,0.435600996017456,-0.2349662845600925
2025-07-27,XLM-USD,0.4444929957389831,-0.21934951681427703
2025-07-28,XLM-USD,0.4173440039157867,-0.2670305236871706
2025-07-29,XLM-USD,0.4209569990634918,-0.260685122443863
2025-07-30,XLM-USD,0.4075829982757568,-0.2841735019620016
2025-07-31,XLM-USD,0.401511013507843,-0.2948375571628888
2025-08-01,XLM-USD,0.3827829957008362,-0.32772904542097586
2025-08-02,XLM-USD,0.3671570122241974,-0.3551725184750561
2025-08-03,XLM-USD,0.3992069959640503,-0.29888403804351527
2025-08-04,XLM-USD,0.4139589965343475,-0.27297551646149887
2025-08-05,XLM-USD,0.3962230086326599,-0.30412473064025053
2025-08-06,XLM-USD,0.4005190134048462,-0.29657977890124776
2025-08-07,XLM-USD,0.4385969936847687,-0.22970449854989325
2025-08-08,XLM-USD,0.4495460093021393,-0.21047505193533378
2025-08-09,XLM-USD,0.4469180107116699,-0.21509053156972158
2025-08-10,XLM-USD,0.4445259869098663,-0.2192915753534718
2025-08-11,XLM-USD,0.4310590028762817,-0.24294325871778227
2025-08-12,XLM-USD,0.4491850137710571,-0.21110905818170597
2025-08-13,XLM-USD,0.4526210129261017,-0.20507450999686477
2025-08-14,XLM-USD,0.4237209856510162,-0.25583081093444876
2025-08-15,XLM-USD,0.429978996515274,-0.2448400433592649
2025-08-16,XLM-USD,0.426950991153717,-0.25015804357805016
2025-08-17,XLM-USD,0.4248360097408294,-0.25387252564576995
2025-08-18,XLM-USD,0.4145320057868957,-0.2719691565094641
2025-08-19,XLM-USD,0.3902330100536346,-0.31464479581523436
2025-08-20,XLM-USD,0.4043830037117004,-0.28979356195522865
2025-08-21,XLM-USD,0.3911179900169372,-0.31309053052290214
2025-08-22,XLM-USD,0.4247620105743408,-0.2540024882900151
2025-08-23,XLM-USD,0.4163359999656677,-0.26880085252982255
2025-08-24,XLM-USD,0.4075759947299957,-0.28418580209144073
2025-08-25,XLM-USD,0.3847489953041076,-0.32427621589396566
2025-08-26,XLM-USD,0.3950519859790802,-0.30618136462346685
2025-08-27,XLM-USD,0.3785690069198608,-0.3351299547930988
2025-08-28,XLM-USD,0.3819130063056946,-0.3292569832022105
2025-08-29,XLM-USD,0.3613109886646271,-0.365439724393355
2025-08-30,XLM-USD,0.3601680099964142,-0.36744710551783805
2025-08-31,XLM-USD,0.3527939915657043,-0.38039788563391996
2025-09-01,XLM-USD,0.3565550148487091,-0.3737925067611456
2025-09-02,XLM-USD,0.3674769997596741,-0.35461053341212395
2025-09-03,XLM-USD,0.3621880114078522,-0.36389943414170484
2025-09-04,XLM-USD,0.3522270023822784,-0.3813936727087346
2025-09-05,XLM-USD,0.3598339855670929,-0.36803374318062504
2025-09-06,XLM-USD,0.3560540080070495,-0.37467241091434983
2025-09-07,XLM-USD,0.3615890145301819,-0.36495143542510555
2025-09-08,XLM-USD,0.3778110146522522,-0.33646119518525824
2025-09-09,XLM-USD,0.3718110024929046,-0.3469988469282914
2025-09-10,XLM-USD,0.383336991071701,-0.32675607901184434
2025-09-11,XLM-USD,0.3957990109920501,-0.3048693857105995
2025-09-12,XLM-USD,0.4049449861049652,-0.2888065681644386
2025-09-13,XLM-USD,0.4052500128746032,-0.2882708582716278
2025-09-14,XLM-USD,0.3901109993457794,-0.3148590797723586
2025-09-15,XLM-USD,0.3807950019836426,-0.331220502588523
2025-09-16,XLM-USD,0.3841199874877929,-0.3253809245405379
2025-09-17,XLM-USD,0.395112007856369,-0.30607594989712383
2025-09-18,XLM-USD,0.3964239954948425,-0.30377174309583277
2025-09-19,XLM-USD,0.3881199955940246,-0.3183558233785159
2025-09-20,XLM-USD,0.3866789937019348,-0.32088661426637055
2025-09-21,XLM-USD,0.3804289996623993,-0.33186330211891973
2025-09-22,XLM-USD,0.3686330020427704,-0.3525802792809815
2025-09-23,XLM-USD,0.3649510145187378,-0.35904684988450963
2025-09-24,XLM-USD,0.3752300143241882,-0.34099413309996246
2025-09-25,XLM-USD,0.3501819968223572,-0.38498525816401463
2025-09-26,XLM-USD,0.3622100055217743,-0.363860806501168
2025-09-27,XLM-USD,0.3611460030078888,-0.3657294840383576
2025-09-28,XLM-USD,0.3677420020103454,-0.35414511745053395
2025-09-29,XLM-USD,0.3714630007743835,-0.3476100325089805
2025-09-30,XLM-USD,0.3641679883003235,-0.3604220566967924
2025-10-01,XLM-USD,0.3980079889297485,-0.3009898202035123
2025-10-02,XLM-USD,0.4083609879016876,-0.28280714077471975
2025-10-03,XLM-USD,0.4067189991474151,-0.2856909192069924
2025-10-04,XLM-USD,0.3940710127353668,-0.3079042202005811
2025-10-05,XLM-USD,0.3960109949111938,-0.3044970843459132
2025-10-06,XLM-USD,0.4086619913578033,-0.2822784969137144
2025-10-07,XLM-USD,0.3843829929828644,-0.3249190154243623
2025-10-08,XLM-USD,0.3884850144386291,-0.31771475110033826
2025-10-09,XLM-USD,0.3797700107097626,-0.3330206657876872
2025-10-10,XLM-USD,0.3183090090751648,-0.44096288553708907
2025-10-11,XLM-USD,0.3231280148029327,-0.43249940200434545
2025-10-12,XLM-USD,0.3422079980373382,-0.3989897668157164
2025-10-13,XLM-USD,0.3515259921550751,-0.38262483715413736
2025-10-14,XLM-USD,0.3375580012798309,-0.4071564246716521
2025-10-15,XLM-USD,0.3247050046920776,-0.4297297792414642
2025-10-16,XLM-USD,0.3119210004806518,-0.4521819644510558
2025-10-17,XLM-USD,0.3086319863796234,-0.4579583669406019
2025-10-18,XLM-USD,0.3145720064640045,-0.4475260775829356
2025-10-19,XLM-USD,0.3177930116653442,-0.4418691172013909
2025-10-20,XLM-USD,0.3251520097255707,-0.4289447169373829
2025-10-21,XLM-USD,0.3150199949741363,-0.4467392880266354
2025-10-22,XLM-USD,0.3078440129756927,-0.45934226235495673
2025-10-23,XLM-USD,0.3115229904651642,-0.4528809781900386
2025-10-24,XLM-USD,0.3193410038948059,-0.4391504222084856
2025-10-25,XLM-USD,0.3248279988765716,-0.4295137680321207
2025-10-26,XLM-USD,0.3306699991226196,-0.41925362814562733
2025-10-27,XLM-USD,0.3229619860649109,-0.4327909935835197
2025-10-28,XLM-USD,0.3185800015926361,-0.4404869490392552
2025-10-29,XLM-USD,0.3159849941730499,-0.4450444872128378
2025-10-30,XLM-USD,0.2986150085926056,-0.47555090186119275
2025-10-31,XLM-USD,0.3049420118331909,-0.46443896492578834
2025-11-01,XLM-USD,0.3050960004329681,-0.4641685191010543
2025-11-02,XLM-USD,0.305103987455368,-0.46415449171939593
2025-11-03,XLM-USD,0.2782309949398041,-0.511350768810431
2025-11-04,XLM-USD,0.2703279852867126,-0.5252306012564976
2025-11-05,XLM-USD,0.2804180085659027,-0.5075097786029041
2025-11-06,XLM-USD,0.2693839967250824,-0.5268885016819773
2025-11-07,XLM-USD,0.2915520071983337,-0.48795545154822
2025-11-08,XLM-USD,0.2833679914474487,-0.5023288070601697
2025-11-09,XLM-USD,0.2857179939746856,-0.498201564053055
2025-11-10,XLM-USD,0.300478994846344,-0.4722772354961846
2025-11-11,XLM-USD,0.2816070020198822,-0.5054215830109565
2025-11-12,XLM-USD,0.2775189876556396,-0.5126012470761023
2025-11-13,XLM-USD,0.2690689861774444,-0.5274417458018612
2025-11-14,XLM-USD,0.2594049870967865,-0.5444143541987146
2025-11-15,XLM-USD,0.2594889998435974,-0.5442668049864201
2025-11-16,XLM-USD,0.2541660070419311,-0.5536154267700019
2025-11-17,XLM-USD,0.2468139976263046,-0.5665275530750585
2025-11-18,XLM-USD,0.256074994802475,-0.5502627255307244
2025-11-19,XLM-USD,0.2460999935865402,-0.5677815381861444
2025-11-20,XLM-USD,0.2367900013923645,-0.5841324142955768
2025-11-21,XLM-USD,0.2315510064363479,-0.5933335130373522
2025-11-22,XLM-USD,0.2302940040826797,-0.5955411507373013
2025-11-23,XLM-USD,0.2470300048589706,-0.5661481856785668
2025-11-24,XLM-USD,0.25484099984169,-0.5524299559969413
2025-11-25,XLM-USD,0.2518999874591827,-0.5575951729057984
2025-11-26,XLM-USD,0.2588379979133606,-0.5454101412735293
2025-11-27,XLM-USD,0.2555879950523376,-0.5511180294250502
2025-11-28,XLM-USD,0.2534860074520111,-0.5548096908270869
2025-11-29,XLM-USD,0.2542769908905029,-0.5534205089741222
2025-11-30,XLM-USD,0.2487179934978485,-0.5631836189493177
2025-12-01,XLM-USD,0.2339659929275512,-0.5890921405313344
2025-12-02,XLM-USD,0.2547529935836792,-0.5525845189000649
2025-12-03,XLM-USD,0.2586979866027832,-0.5456560391803612
2025-12-04,XLM-USD,0.252020001411438,-0.5573843957940885
2025-12-05,XLM-USD,0.2400469928979873,-0.5784122521851051
2025-12-06,XLM-USD,0.2396910041570663,-0.5790374651474525
2025-12-07,XLM-USD,0.2370570003986358,-0.5836634914885722
2025-12-08,XLM-USD,0.2408590018749237,-0.5769861437733342
2025-12-09,XLM-USD,0.2534880042076111,-0.5548061839816723
2025-12-10,XLM-USD,0.2503330111503601,-0.5603472091006302
