Date,Symbol,Close,rf_predicted_close
2023-02-14,BTC-USD,22220.8046875,23426.747556617658
2023-02-15,BTC-USD,24307.841796875,23984.37558512192
2023-02-16,BTC-USD,23623.474609375,24470.38513757381
2023-02-17,BTC-USD,24565.6015625,24359.73996128653
2023-02-18,BTC-USD,24641.27734375,25026.877804161886
2023-02-19,BTC-USD,24327.642578125,25085.034493866468
2023-02-20,BTC-USD,24829.1484375,24450.241256955804
2023-02-21,BTC-USD,24436.353515625,24934.7877255471
2023-02-22,BTC-USD,24188.84375,24403.26886993728
2023-02-23,BTC-USD,23947.4921875,23508.96605036965
2023-02-24,BTC-USD,23198.126953125,23419.04990633208
2023-02-25,BTC-USD,23175.375,23428.63552022457
2023-02-26,BTC-USD,23561.212890625,23439.345286289234
2023-02-27,BTC-USD,23522.87109375,23408.798431280928
2023-02-28,BTC-USD,23147.353515625,23405.938490915356
2023-03-01,BTC-USD,23646.55078125,23244.593972276107
2023-03-02,BTC-USD,23475.466796875,23233.83257168178
2023-03-03,BTC-USD,22362.6796875,21923.227654336864
2023-03-04,BTC-USD,22353.349609375,21867.673119728115
2023-03-05,BTC-USD,22435.513671875,21884.678835459417
2023-03-06,BTC-USD,22429.7578125,21754.949720510187
2023-03-07,BTC-USD,22219.76953125,21739.640224862982
2023-03-08,BTC-USD,21718.080078125,21744.99019039136
2023-03-09,BTC-USD,20363.021484375,21813.264737837693
2023-03-10,BTC-USD,20187.244140625,21840.923328388082
2023-03-11,BTC-USD,20632.41015625,21916.36954165122
2023-03-12,BTC-USD,22163.94921875,23810.358936684413
2023-03-13,BTC-USD,24197.533203125,24218.53499985912
2023-03-14,BTC-USD,24746.07421875,24449.61322302043
2023-03-15,BTC-USD,24375.9609375,25201.54493748728
2023-03-16,BTC-USD,25052.7890625,25166.576107644254
2023-03-17,BTC-USD,27423.9296875,26194.471945844365
2023-03-18,BTC-USD,26965.87890625,27813.691687055303
2023-03-19,BTC-USD,28038.67578125,27873.348727470213
2023-03-20,BTC-USD,27767.236328125,28035.55088292433
2023-03-21,BTC-USD,28175.81640625,27794.275967180572
2023-03-22,BTC-USD,27307.4375,28014.504162232613
2023-03-23,BTC-USD,28333.97265625,27716.09054732054
2023-03-24,BTC-USD,27493.28515625,28072.078102981275
2023-03-25,BTC-USD,27494.70703125,27823.800679848497
2023-03-26,BTC-USD,27994.330078125,27693.98196370687
2023-03-27,BTC-USD,27139.888671875,27731.444192502808
2023-03-28,BTC-USD,27268.130859375,27941.269596774728
2023-03-29,BTC-USD,28348.44140625,27835.106069132355
2023-03-30,BTC-USD,28033.5625,28256.076922754957
2023-03-31,BTC-USD,28478.484375,28150.80120027928
2023-04-01,BTC-USD,28411.03515625,28320.76385064402
2023-04-02,BTC-USD,28199.30859375,28315.377557820208
2023-04-03,BTC-USD,27790.220703125,28286.68622785081
2023-04-04,BTC-USD,28168.08984375,28029.141210292088
2023-04-05,BTC-USD,28177.984375,28352.805072193678
2023-04-06,BTC-USD,28044.140625,28263.579741351827
2023-04-07,BTC-USD,27925.859375,28302.60359044899
2023-04-08,BTC-USD,27947.794921875,28096.48679896967
2023-04-09,BTC-USD,28333.05078125,28329.265422866432
2023-04-10,BTC-USD,29652.98046875,29039.57457462938
2023-04-11,BTC-USD,30235.05859375,29875.80125978563
2023-04-12,BTC-USD,30139.052734375,30316.46180734353
2023-04-13,BTC-USD,30399.06640625,30498.03583191778
2023-04-14,BTC-USD,30485.69921875,30448.601309983464
2023-04-15,BTC-USD,30318.49609375,30378.871818286294
2023-04-16,BTC-USD,30315.35546875,30071.63511540457
2023-04-17,BTC-USD,29445.044921875,30135.945376822627
2023-04-18,BTC-USD,30397.552734375,29230.379302469628
2023-04-19,BTC-USD,28822.6796875,29937.20083443217
2023-04-20,BTC-USD,28245.98828125,28096.62967652674
2023-04-21,BTC-USD,27276.91015625,27973.958264628054
2023-04-22,BTC-USD,27817.5,27871.574918332764
2023-04-23,BTC-USD,27591.384765625,27907.065160370636
2023-04-24,BTC-USD,27525.33984375,28036.936221705364
2023-04-25,BTC-USD,28307.59765625,27990.51912000808
2023-04-26,BTC-USD,28422.701171875,28853.263800782643
2023-04-27,BTC-USD,29473.787109375,28766.875843359932
2023-04-28,BTC-USD,29340.26171875,29075.963266952323
2023-04-29,BTC-USD,29248.48828125,29070.721479262953
2023-04-30,BTC-USD,29268.806640625,28926.222553999207
2023-05-01,BTC-USD,28091.568359375,28646.80384467023
2023-05-02,BTC-USD,28680.537109375,28573.660904629287
2023-05-03,BTC-USD,29006.30859375,28603.69508622334
2023-05-04,BTC-USD,28847.7109375,29046.599512965367
2023-05-05,BTC-USD,29534.384765625,28773.108250971207
2023-05-06,BTC-USD,28904.623046875,28739.130174327904
2023-05-07,BTC-USD,28454.978515625,28422.969150487508
2023-05-08,BTC-USD,27694.2734375,28436.808909982734
2023-05-09,BTC-USD,27658.775390625,27472.475057862095
2023-05-10,BTC-USD,27621.755859375,27078.391967862586
2023-05-11,BTC-USD,27000.7890625,27054.830632926652
2023-05-12,BTC-USD,26804.990234375,26916.28023903106
2023-05-13,BTC-USD,26784.078125,27030.220684866104
2023-05-14,BTC-USD,26930.638671875,27010.373185203047
2023-05-15,BTC-USD,27192.693359375,26935.831552288368
2023-05-16,BTC-USD,27036.650390625,26921.14499338304
2023-05-17,BTC-USD,27398.802734375,26897.387559925533
2023-05-18,BTC-USD,26832.208984375,26853.911674631978
2023-05-19,BTC-USD,26890.12890625,27026.92086253581
2023-05-20,BTC-USD,27129.5859375,26919.970061684482
2023-05-21,BTC-USD,26753.826171875,26859.977475217034
2023-05-22,BTC-USD,26851.27734375,27029.559921106986
2023-05-23,BTC-USD,27225.7265625,26901.644712938112
2023-05-24,BTC-USD,26334.818359375,26765.712776314962
2023-05-25,BTC-USD,26476.20703125,26562.206210100343
2023-05-26,BTC-USD,26719.291015625,26606.49209972524
2023-05-27,BTC-USD,26868.353515625,27082.13693547558
2023-05-28,BTC-USD,28085.646484375,27327.81819280803
2023-05-29,BTC-USD,27745.884765625,27901.62175078866
2023-05-30,BTC-USD,27702.349609375,27230.217282166275
2023-05-31,BTC-USD,27219.658203125,27058.913101053433
2023-06-01,BTC-USD,26819.97265625,27055.839134930622
2023-06-02,BTC-USD,27249.58984375,27179.545637269028
2023-06-03,BTC-USD,27075.12890625,27026.218675022985
2023-06-04,BTC-USD,27119.06640625,26817.029632845046
2023-06-05,BTC-USD,25760.09765625,27043.280726352248
2023-06-06,BTC-USD,27238.783203125,26150.978953028894
2023-06-07,BTC-USD,26345.998046875,26776.519208369667
2023-06-08,BTC-USD,26508.216796875,26375.362068076236
2023-06-09,BTC-USD,26480.375,26266.20904629917
2023-06-10,BTC-USD,25851.240234375,26273.6515096279
2023-06-11,BTC-USD,25940.16796875,25953.860473703473
2023-06-12,BTC-USD,25902.5,25952.683206869013
2023-06-13,BTC-USD,25918.728515625,25858.17098181135
2023-06-14,BTC-USD,25124.67578125,25856.203185018756
2023-06-15,BTC-USD,25576.39453125,26116.130745354436
2023-06-16,BTC-USD,26327.462890625,26240.006740894616
2023-06-17,BTC-USD,26510.67578125,26615.902180940982
2023-06-18,BTC-USD,26336.212890625,26710.402387706687
2023-06-19,BTC-USD,26851.029296875,27095.95620813541
2023-06-20,BTC-USD,28327.48828125,27725.172085206752
2023-06-21,BTC-USD,30027.296875,28772.941928299715
2023-06-22,BTC-USD,29912.28125,30883.46458072198
2023-06-23,BTC-USD,30695.46875,31054.31078310222
2023-06-24,BTC-USD,30548.6953125,31242.11423165881
2023-06-25,BTC-USD,30480.26171875,30919.870403932855
2023-06-26,BTC-USD,30271.130859375,30838.914521421466
2023-06-27,BTC-USD,30688.1640625,30405.855148009166
2023-06-28,BTC-USD,30086.24609375,31049.102290527077
2023-06-29,BTC-USD,30445.3515625,30658.0196161817
2023-06-30,BTC-USD,30477.251953125,30650.7532072133
2023-07-01,BTC-USD,30590.078125,30651.746671713732
2023-07-02,BTC-USD,30620.76953125,31018.030181742157
2023-07-03,BTC-USD,31156.439453125,31143.082183208582
2023-07-04,BTC-USD,30777.58203125,30515.165722590995
2023-07-05,BTC-USD,30514.166015625,30307.999993318997
2023-07-06,BTC-USD,29909.337890625,30367.497978447558
2023-07-07,BTC-USD,30342.265625,30326.38567781609
2023-07-08,BTC-USD,30292.541015625,30288.32611960259
2023-07-09,BTC-USD,30171.234375,30320.31852785505
2023-07-10,BTC-USD,30414.470703125,30498.360238349855
2023-07-11,BTC-USD,30620.951171875,30476.677147834667
2023-07-12,BTC-USD,30391.646484375,30592.403355691837
2023-07-13,BTC-USD,31476.048828125,30393.247779798035
2023-07-14,BTC-USD,30334.068359375,30233.795289307418
2023-07-15,BTC-USD,30295.806640625,30113.583206336927
2023-07-16,BTC-USD,30249.1328125,30084.69754591368
2023-07-17,BTC-USD,30145.888671875,29981.02439167848
2023-07-18,BTC-USD,29856.5625,29948.876614374458
2023-07-19,BTC-USD,29913.923828125,29841.14453932214
2023-07-20,BTC-USD,29792.015625,29916.1491822074
2023-07-21,BTC-USD,29908.744140625,29588.989316870924
2023-07-22,BTC-USD,29771.802734375,29813.3113740265
2023-07-23,BTC-USD,30084.5390625,29449.836207635446
2023-07-24,BTC-USD,29176.916015625,29740.477975356218
2023-07-25,BTC-USD,29227.390625,29156.34840979513
2023-07-26,BTC-USD,29354.97265625,29151.33239893748
2023-07-27,BTC-USD,29210.689453125,29216.538290714347
2023-07-28,BTC-USD,29319.24609375,29205.921290569553
2023-07-29,BTC-USD,29356.91796875,29217.04660742825
2023-07-30,BTC-USD,29275.30859375,29190.489570735754
2023-07-31,BTC-USD,29230.111328125,29197.888483552975
2023-08-01,BTC-USD,29675.732421875,29101.20714741303
2023-08-02,BTC-USD,29151.958984375,29318.75682817299
2023-08-03,BTC-USD,29178.6796875,28978.00503816749
2023-08-04,BTC-USD,29074.091796875,29135.8367824984
2023-08-05,BTC-USD,29042.126953125,28952.947891305288
2023-08-06,BTC-USD,29041.85546875,28979.123106524963
2023-08-07,BTC-USD,29180.578125,29117.058159739314
2023-08-08,BTC-USD,29765.4921875,29238.121195639775
2023-08-09,BTC-USD,29561.494140625,29569.132114491058
2023-08-10,BTC-USD,29429.591796875,29365.433191070184
2023-08-11,BTC-USD,29397.71484375,29321.77204818777
2023-08-12,BTC-USD,29415.96484375,29259.923885379972
2023-08-13,BTC-USD,29282.9140625,29266.92176769606
2023-08-14,BTC-USD,29408.443359375,29210.775909714903
2023-08-15,BTC-USD,29170.34765625,29026.65901276111
2023-08-16,BTC-USD,28701.779296875,28697.61225230468
2023-08-17,BTC-USD,26664.55078125,27711.189764140094
2023-08-18,BTC-USD,26049.556640625,26458.272293570073
2023-08-19,BTC-USD,26096.205078125,26130.730398789372
2023-08-20,BTC-USD,26189.583984375,26259.39397713361
2023-08-21,BTC-USD,26124.140625,26259.4153961975
2023-08-22,BTC-USD,26031.65625,26250.25103281925
2023-08-23,BTC-USD,26431.640625,26092.313420181235
2023-08-24,BTC-USD,26162.373046875,26421.762081089186
2023-08-25,BTC-USD,26047.66796875,26534.63395739819
2023-08-26,BTC-USD,26008.462890625,26049.161629283622
2023-08-27,BTC-USD,26089.693359375,26010.67881958904
2023-08-28,BTC-USD,26106.150390625,26532.50655875703
2023-08-29,BTC-USD,27727.392578125,26647.543786304243
2023-08-30,BTC-USD,27297.265625,26511.438596366137
2023-08-31,BTC-USD,25931.47265625,26549.84027175881
2023-09-01,BTC-USD,25800.724609375,25893.2046833457
2023-09-02,BTC-USD,25868.798828125,25966.73866551063
2023-09-03,BTC-USD,25969.56640625,25877.44252800775
2023-09-04,BTC-USD,25812.416015625,25874.045807870934
2023-09-05,BTC-USD,25779.982421875,25950.259548758488
2023-09-06,BTC-USD,25753.236328125,26159.927228162185
2023-09-07,BTC-USD,26240.1953125,25965.067847227034
2023-09-08,BTC-USD,25905.654296875,26413.734098150915
2023-09-09,BTC-USD,25895.677734375,25781.973213242254
2023-09-10,BTC-USD,25832.2265625,25750.07255302729
2023-09-11,BTC-USD,25162.654296875,25953.149517992442
2023-09-12,BTC-USD,25833.34375,26068.4430037013
2023-09-13,BTC-USD,26228.32421875,26150.92400037059
2023-09-14,BTC-USD,26539.673828125,26667.130610367007
2023-09-15,BTC-USD,26608.693359375,26808.565657510033
2023-09-16,BTC-USD,26568.28125,26838.89950131597
2023-09-17,BTC-USD,26534.1875,26867.257369422543
2023-09-18,BTC-USD,26754.28125,26889.59185183608
2023-09-19,BTC-USD,27211.1171875,27170.14011734885
2023-09-20,BTC-USD,27132.0078125,26979.629254480395
2023-09-21,BTC-USD,26567.6328125,26889.5516552599
2023-09-22,BTC-USD,26579.568359375,26628.141808934073
2023-09-23,BTC-USD,26579.390625,26619.27774723504
2023-09-24,BTC-USD,26256.826171875,26547.543936560385
2023-09-25,BTC-USD,26298.48046875,26487.22498629531
2023-09-26,BTC-USD,26217.25,26507.072360814363
2023-09-27,BTC-USD,26352.716796875,26569.155770941557
2023-09-28,BTC-USD,27021.546875,26658.84873697286
2023-09-29,BTC-USD,26911.720703125,26987.42835295915
2023-09-30,BTC-USD,26967.916015625,27455.985002169888
2023-10-01,BTC-USD,27983.75,27536.370178739086
2023-10-02,BTC-USD,27530.78515625,27914.45698371065
2023-10-03,BTC-USD,27429.978515625,27634.40831221925
2023-10-04,BTC-USD,27799.39453125,27668.844106032182
2023-10-05,BTC-USD,27415.912109375,27792.068906835986
2023-10-06,BTC-USD,27946.59765625,27769.20020292903
2023-10-07,BTC-USD,27968.83984375,27944.899889756056
2023-10-08,BTC-USD,27935.08984375,27861.195612047606
2023-10-09,BTC-USD,27583.677734375,27671.360258447246
2023-10-10,BTC-USD,27391.01953125,27380.529037081593
2023-10-11,BTC-USD,26873.3203125,27303.622554461403
2023-10-12,BTC-USD,26756.798828125,27307.79481390684
2023-10-13,BTC-USD,26862.375,27350.6475588949
2023-10-14,BTC-USD,26861.70703125,27434.570709106014
2023-10-15,BTC-USD,27159.65234375,27581.269925744327
2023-10-16,BTC-USD,28519.466796875,28007.547309694863
2023-10-17,BTC-USD,28415.748046875,28583.445437616785
2023-10-18,BTC-USD,28328.341796875,28822.05318752917
2023-10-19,BTC-USD,28719.806640625,29118.047696871356
2023-10-20,BTC-USD,29682.94921875,29170.953720707992
2023-10-21,BTC-USD,29918.412109375,29964.019562561054
2023-10-22,BTC-USD,29993.896484375,30878.590949104087
2023-10-23,BTC-USD,33086.234375,31986.7373375416
2023-10-24,BTC-USD,33901.52734375,33640.457735497206
2023-10-25,BTC-USD,34502.8203125,33767.803015732876
2023-10-26,BTC-USD,34156.6484375,33893.05860054309
2023-10-27,BTC-USD,33909.80078125,34108.808734525184
2023-10-28,BTC-USD,34089.57421875,34424.442019829075
2023-10-29,BTC-USD,34538.48046875,34583.538225282406
2023-10-30,BTC-USD,34502.36328125,34853.73206289459
2023-10-31,BTC-USD,34667.78125,34973.28774883653
2023-11-01,BTC-USD,35437.25390625,35043.62525634163
2023-11-02,BTC-USD,34938.2421875,35193.527755766285
2023-11-03,BTC-USD,34732.32421875,35082.085254405414
2023-11-04,BTC-USD,35082.1953125,35053.85513263778
2023-11-05,BTC-USD,35049.35546875,35111.137566104524
2023-11-06,BTC-USD,35037.37109375,35200.18265586356
2023-11-07,BTC-USD,35443.5625,35497.71850254801
2023-11-08,BTC-USD,35655.27734375,36587.15562052294
2023-11-09,BTC-USD,36693.125,36699.68986326374
2023-11-10,BTC-USD,37313.96875,36337.031365296614
2023-11-11,BTC-USD,37138.05078125,36579.40493805503
2023-11-12,BTC-USD,37054.51953125,36506.42721789868
2023-11-13,BTC-USD,36502.35546875,36462.64052717951
2023-11-14,BTC-USD,35537.640625,37246.25570439696
2023-11-15,BTC-USD,37880.58203125,36562.18552395555
2023-11-16,BTC-USD,36154.76953125,36891.60020940356
2023-11-17,BTC-USD,36596.68359375,36885.43382853485
2023-11-18,BTC-USD,36585.703125,37202.25518041601
2023-11-19,BTC-USD,37386.546875,36952.58515452042
2023-11-20,BTC-USD,37476.95703125,36818.384611385474
2023-11-21,BTC-USD,35813.8125,37216.50504249531
2023-11-22,BTC-USD,37432.33984375,37589.22437300513
2023-11-23,BTC-USD,37289.62109375,37754.244240899556
2023-11-24,BTC-USD,37720.28125,37759.62599958439
2023-11-25,BTC-USD,37796.79296875,37741.164528831105
2023-11-26,BTC-USD,37479.12109375,37784.11399204115
2023-11-27,BTC-USD,37254.16796875,37911.339059743994
2023-11-28,BTC-USD,37831.0859375,37952.362197746756
2023-11-29,BTC-USD,37858.4921875,38030.25341337036
2023-11-30,BTC-USD,37712.74609375,38056.19833089633
2023-12-01,BTC-USD,38688.75,38276.86868413865
2023-12-02,BTC-USD,39476.33203125,40577.373543623675
2023-12-03,BTC-USD,39978.390625,41617.152830670704
2023-12-04,BTC-USD,41980.09765625,42582.32701246084
2023-12-05,BTC-USD,44080.6484375,43467.8563990938
2023-12-06,BTC-USD,43746.4453125,44064.57022220263
2023-12-07,BTC-USD,43292.6640625,43727.84883155597
2023-12-08,BTC-USD,44166.6015625,43562.09591509366
2023-12-09,BTC-USD,43725.984375,44035.66883434023
2023-12-10,BTC-USD,43779.69921875,42782.38998687914
2023-12-11,BTC-USD,41243.83203125,42624.58247574607
2023-12-12,BTC-USD,41450.22265625,42378.86599862702
2023-12-13,BTC-USD,42890.7421875,42201.88521640744
2023-12-14,BTC-USD,43023.97265625,42537.80979654525
2023-12-15,BTC-USD,41929.7578125,42219.7647109462
2023-12-16,BTC-USD,42240.1171875,42190.274974024556
2023-12-17,BTC-USD,41364.6640625,42431.16197977832
2023-12-18,BTC-USD,42623.5390625,42451.823528289744
2023-12-19,BTC-USD,42270.52734375,42951.53893734507
2023-12-20,BTC-USD,43652.25,43531.843585180395
2023-12-21,BTC-USD,43869.15234375,43597.51869616856
2023-12-22,BTC-USD,43997.90234375,43580.9710895379
2023-12-23,BTC-USD,43739.54296875,43825.80873815739
2023-12-24,BTC-USD,43016.1171875,43281.98155920725
2023-12-25,BTC-USD,43613.140625,43151.22710390268
2023-12-26,BTC-USD,42520.40234375,43260.36535164712
2023-12-27,BTC-USD,43442.85546875,42829.45058206656
2023-12-28,BTC-USD,42627.85546875,42609.41847188608
2023-12-29,BTC-USD,42099.40234375,42622.41646870366
2023-12-30,BTC-USD,42156.90234375,42665.69160214911
2023-12-31,BTC-USD,42265.1875,43560.29763290254
2024-01-01,BTC-USD,44167.33203125,43545.81714369507
2024-01-02,BTC-USD,44957.96875,44422.43031457477
2024-01-03,BTC-USD,42848.17578125,44872.85972692257
2024-01-04,BTC-USD,44179.921875,43290.1880072794
2024-01-05,BTC-USD,44162.69140625,44747.89767484207
2024-01-06,BTC-USD,43989.1953125,44742.201632861485
2024-01-07,BTC-USD,43943.09765625,44988.92782277129
2024-01-08,BTC-USD,46970.50390625,44913.17955421643
2024-01-09,BTC-USD,46139.73046875,47348.3002020258
2024-01-10,BTC-USD,46627.77734375,45187.75101851546
2024-01-11,BTC-USD,46368.5859375,45074.22434820671
2024-01-12,BTC-USD,42853.16796875,44815.79441669665
2024-01-13,BTC-USD,42842.3828125,42526.33256695456
2024-01-14,BTC-USD,41796.26953125,42591.9079480835
2024-01-15,BTC-USD,42511.96875,42454.02230766054
2024-01-16,BTC-USD,43154.9453125,42463.790689092486
2024-01-17,BTC-USD,42742.65234375,42360.27543264749
2024-01-18,BTC-USD,41262.05859375,41599.75158070356
2024-01-19,BTC-USD,41618.40625,41185.754231780236
2024-01-20,BTC-USD,41665.5859375,41212.53424728985
2024-01-21,BTC-USD,41545.78515625,41109.22037406165
2024-01-22,BTC-USD,39507.3671875,41084.75762344667
2024-01-23,BTC-USD,39845.55078125,40807.97287386108
2024-01-24,BTC-USD,40077.07421875,40846.140908574846
2024-01-25,BTC-USD,39933.80859375,41051.39175128571
2024-01-26,BTC-USD,41816.87109375,41829.79564058534
2024-01-27,BTC-USD,42120.0546875,42139.59409158651
2024-01-28,BTC-USD,42035.59375,42684.54010163224
2024-01-29,BTC-USD,43288.24609375,42861.50348637618
2024-01-30,BTC-USD,42952.609375,42911.60170855039
2024-01-31,BTC-USD,42582.60546875,42944.25402047629
2024-02-01,BTC-USD,43075.7734375,43092.95743964353
2024-02-02,BTC-USD,43185.859375,43001.56201957581
2024-02-03,BTC-USD,42992.25,42976.55411089699
2024-02-04,BTC-USD,42583.58203125,42924.464834857936
2024-02-05,BTC-USD,42658.66796875,43401.33196936375
2024-02-06,BTC-USD,43084.671875,43672.282183513176
2024-02-07,BTC-USD,44318.22265625,43759.753812703675
2024-02-08,BTC-USD,45301.56640625,45178.072514241765
2024-02-09,BTC-USD,47147.19921875,45571.71172253788
2024-02-10,BTC-USD,47771.27734375,49159.99188346678
2024-02-11,BTC-USD,48293.91796875,50515.63681622597
2024-02-12,BTC-USD,49958.22265625,50887.547235581194
2024-02-13,BTC-USD,49742.44140625,51113.23117302271
2024-02-14,BTC-USD,51826.6953125,51439.325036407514
2024-02-15,BTC-USD,51938.5546875,51876.051744308315
2024-02-16,BTC-USD,52160.203125,51687.36280358318
2024-02-17,BTC-USD,51662.99609375,52021.41063778694
2024-02-18,BTC-USD,52122.546875,52041.05372853315
2024-02-19,BTC-USD,51779.14453125,52033.770826674736
2024-02-20,BTC-USD,52284.875,51951.11778059294
2024-02-21,BTC-USD,51839.1796875,51956.10944838915
2024-02-22,BTC-USD,51304.97265625,51936.432414822746
2024-02-23,BTC-USD,50731.94921875,52213.463391149795
2024-02-24,BTC-USD,51571.1015625,52019.45244833812
2024-02-25,BTC-USD,51733.23828125,52392.50742558146
2024-02-26,BTC-USD,54522.40234375,55051.32101366651
2024-02-27,BTC-USD,57085.37109375,60002.43725239626
2024-02-28,BTC-USD,62504.7890625,60525.505818453596
2024-02-29,BTC-USD,61198.3828125,64134.96656154913
2024-03-01,BTC-USD,62440.6328125,63308.574111755566
2024-03-02,BTC-USD,62029.84765625,64354.11322445456
2024-03-03,BTC-USD,63167.37109375,64570.67240018419
2024-03-04,BTC-USD,68330.4140625,65391.64788677939
2024-03-05,BTC-USD,63801.19921875,68072.80252336318
2024-03-06,BTC-USD,66106.8046875,66224.68735099713
2024-03-07,BTC-USD,66925.484375,67751.27814099677
2024-03-08,BTC-USD,68300.09375,68515.50078930489
2024-03-09,BTC-USD,68498.8828125,68591.222428797
2024-03-10,BTC-USD,69019.7890625,70727.9927571942
2024-03-11,BTC-USD,72123.90625,70576.03921151614
2024-03-12,BTC-USD,71481.2890625,71391.24672774678
2024-03-13,BTC-USD,73083.5,71118.85829286849
2024-03-14,BTC-USD,71396.59375,70834.0819760609
2024-03-15,BTC-USD,69403.7734375,68573.68294178523
2024-03-16,BTC-USD,65315.1171875,68363.51858596555
2024-03-17,BTC-USD,68390.625,67012.46305567544
2024-03-18,BTC-USD,67548.59375,66917.88272066413
2024-03-19,BTC-USD,61912.7734375,67161.3247169343
2024-03-20,BTC-USD,67913.671875,64249.52232898556
2024-03-21,BTC-USD,65491.390625,66717.49607166406
2024-03-22,BTC-USD,63778.76171875,66167.75658005587
2024-03-23,BTC-USD,64062.203125,65894.38346646626
2024-03-24,BTC-USD,67234.171875,66226.10080895154
2024-03-25,BTC-USD,69958.8125,67662.51417954688
2024-03-26,BTC-USD,69987.8359375,69209.3288517122
2024-03-27,BTC-USD,69455.34375,69048.18150429122
2024-03-28,BTC-USD,70744.953125,69741.41024128505
2024-03-29,BTC-USD,69892.828125,69996.14661098502
2024-03-30,BTC-USD,69645.3046875,69727.79844173744
2024-03-31,BTC-USD,71333.6484375,69049.6587752266
2024-04-01,BTC-USD,69702.1484375,67689.10955469229
2024-04-02,BTC-USD,65446.97265625,68024.80228568672
2024-04-03,BTC-USD,65980.8125,66535.83450641719
2024-04-04,BTC-USD,68508.84375,67880.47547141222
2024-04-05,BTC-USD,67837.640625,69131.79099236187
2024-04-06,BTC-USD,68896.109375,69437.8816291729
2024-04-07,BTC-USD,69362.5546875,69862.17459699944
2024-04-08,BTC-USD,71631.359375,69184.32761290479
2024-04-09,BTC-USD,69139.015625,69303.82249335296
2024-04-10,BTC-USD,70587.8828125,69523.79089497145
2024-04-11,BTC-USD,70060.609375,67683.00401912475
2024-04-12,BTC-USD,67195.8671875,67471.2142094187
2024-04-13,BTC-USD,63821.47265625,66395.71806533457
2024-04-14,BTC-USD,65738.7265625,63203.0367434029
2024-04-15,BTC-USD,63426.2109375,64505.68700137311
2024-04-16,BTC-USD,63811.86328125,62743.39455075147
2024-04-17,BTC-USD,61276.69140625,63240.830366864066
2024-04-18,BTC-USD,63512.75390625,61849.56336529579
2024-04-19,BTC-USD,63843.5703125,63150.591368177236
2024-04-20,BTC-USD,64994.44140625,63925.03415439849
2024-04-21,BTC-USD,64926.64453125,64923.09503258598
2024-04-22,BTC-USD,66837.6796875,64648.43375056125
2024-04-23,BTC-USD,66407.2734375,65426.028093081106
2024-04-24,BTC-USD,64276.8984375,65135.80283140393
2024-04-25,BTC-USD,64481.70703125,63595.042852941166
2024-04-26,BTC-USD,63755.3203125,63573.123607080815
2024-04-27,BTC-USD,63419.140625,63194.77381743282
2024-04-28,BTC-USD,63113.23046875,63067.68409083226
2024-04-29,BTC-USD,63841.12109375,62292.02195451472
2024-04-30,BTC-USD,60636.85546875,61763.4360645794
2024-05-01,BTC-USD,58254.01171875,60582.82779845348
2024-05-02,BTC-USD,59123.43359375,59898.13844270973
2024-05-03,BTC-USD,62889.8359375,60923.40678507385
2024-05-04,BTC-USD,63891.47265625,62494.899686834826
2024-05-05,BTC-USD,64031.1328125,63134.31545240295
2024-05-06,BTC-USD,63161.94921875,62991.8391853748
2024-05-07,BTC-USD,62334.81640625,61983.02540456681
2024-05-08,BTC-USD,61187.94140625,61927.55757849907
2024-05-09,BTC-USD,63049.9609375,61788.30999535837
2024-05-10,BTC-USD,60792.77734375,61996.79221789374
2024-05-11,BTC-USD,60793.7109375,61621.9232603515
2024-05-12,BTC-USD,61448.39453125,61941.30778888126
2024-05-13,BTC-USD,62901.44921875,61958.87273260385
2024-05-14,BTC-USD,61552.7890625,64062.87242435845
2024-05-15,BTC-USD,66267.4921875,63722.30507858507
2024-05-16,BTC-USD,65231.58203125,66814.08614520589
2024-05-17,BTC-USD,67051.875,65641.51598736536
2024-05-18,BTC-USD,66940.8046875,67222.61727966041
2024-05-19,BTC-USD,66278.3671875,68244.0617326739
2024-05-20,BTC-USD,71448.1953125,67945.92532617685
2024-05-21,BTC-USD,70136.53125,69281.24113782759
2024-05-22,BTC-USD,69122.3359375,69061.58595625032
2024-05-23,BTC-USD,67929.5625,68973.11797413103
2024-05-24,BTC-USD,68526.1015625,68617.69480435783
2024-05-25,BTC-USD,69265.9453125,69097.20566555644
2024-05-26,BTC-USD,68518.09375,68958.19785760246
2024-05-27,BTC-USD,69394.5546875,68455.40370185753
2024-05-28,BTC-USD,68296.21875,68043.81646087627
2024-05-29,BTC-USD,67578.09375,67957.47799254968
2024-05-30,BTC-USD,68364.9921875,68092.42450229303
2024-05-31,BTC-USD,67491.4140625,67851.5719904779
2024-06-01,BTC-USD,67706.9375,67964.30345672993
2024-06-02,BTC-USD,67751.6015625,68472.6904842084
2024-06-03,BTC-USD,68804.78125,67604.11048166592
2024-06-04,BTC-USD,70567.765625,69375.5479557106
2024-06-05,BTC-USD,71082.8203125,69640.74004480736
2024-06-06,BTC-USD,70757.1640625,68904.95662481456
2024-06-07,BTC-USD,69342.5859375,69482.66873608502
2024-06-08,BTC-USD,69305.7734375,69245.60910157625
2024-06-09,BTC-USD,69647.9921875,69155.98949191668
2024-06-10,BTC-USD,69512.28125,68027.97558737277
2024-06-11,BTC-USD,67332.03125,67775.65375537382
2024-06-12,BTC-USD,68241.1875,67626.8630980928
2024-06-13,BTC-USD,66756.3984375,66380.75012938032
2024-06-14,BTC-USD,66011.09375,66087.12671960371
2024-06-15,BTC-USD,66191.0,66017.69788845608
2024-06-16,BTC-USD,66639.046875,65996.72679892833
2024-06-17,BTC-USD,66490.296875,65454.73118986242
2024-06-18,BTC-USD,65140.74609375,65426.86062180634
2024-06-19,BTC-USD,64960.296875,64196.05273169705
2024-06-20,BTC-USD,64828.65625,64029.636248023795
2024-06-21,BTC-USD,64096.19921875,63862.880030221975
2024-06-22,BTC-USD,64252.578125,63201.395134810635
2024-06-23,BTC-USD,63180.796875,62288.55735109477
2024-06-24,BTC-USD,60277.4140625,61565.67790512891
2024-06-25,BTC-USD,61804.640625,60168.34314895968
2024-06-26,BTC-USD,60811.27734375,60711.445905726876
2024-06-27,BTC-USD,61604.80078125,60551.161310828145
2024-06-28,BTC-USD,60320.13671875,60790.93181670925
2024-06-29,BTC-USD,60887.37890625,60720.44532813884
2024-06-30,BTC-USD,62678.29296875,61357.62412213452
2024-07-01,BTC-USD,62851.98046875,61195.98770537703
2024-07-02,BTC-USD,62029.015625,61293.72211414904
2024-07-03,BTC-USD,60173.921875,60065.999025698395
2024-07-04,BTC-USD,56977.703125,58512.30982685997
2024-07-05,BTC-USD,56662.375,57649.95136930254
2024-07-06,BTC-USD,58303.5390625,57702.776850409646
2024-07-07,BTC-USD,55849.109375,58028.0341927493
2024-07-08,BTC-USD,56705.09765625,58015.87572889754
2024-07-09,BTC-USD,58009.2265625,57835.1840530646
2024-07-10,BTC-USD,57742.49609375,57969.5594498799
2024-07-11,BTC-USD,57344.9140625,58128.89529663563
2024-07-12,BTC-USD,57899.46484375,59084.00776260309
2024-07-13,BTC-USD,59231.953125,59556.574834854815
2024-07-14,BTC-USD,60787.79296875,60970.241200516706
2024-07-15,BTC-USD,64870.15234375,62654.62473863587
2024-07-16,BTC-USD,65097.1484375,64419.901933026624
2024-07-17,BTC-USD,64118.79296875,64847.719627229984
2024-07-18,BTC-USD,63974.06640625,64753.428562597815
2024-07-19,BTC-USD,66710.15625,65230.83411489585
2024-07-20,BTC-USD,67163.6484375,67408.91424095837
2024-07-21,BTC-USD,68154.5234375,67616.94320167463
2024-07-22,BTC-USD,67585.25,67145.48176865648
2024-07-23,BTC-USD,65927.671875,66862.4960106551
2024-07-24,BTC-USD,65372.1328125,66081.99576085468
2024-07-25,BTC-USD,65777.2265625,66067.80945553171
2024-07-26,BTC-USD,67912.0625,66283.39605113119
2024-07-27,BTC-USD,67813.3359375,67687.93929436602
2024-07-28,BTC-USD,68255.8671875,67350.0914625851
2024-07-29,BTC-USD,66819.9140625,67093.07488462374
2024-07-30,BTC-USD,66201.015625,66154.71913600719
2024-07-31,BTC-USD,64619.25,65844.09322669868
2024-08-01,BTC-USD,65357.5,63327.56749613193
2024-08-02,BTC-USD,61415.06640625,63573.53036083732
2024-08-03,BTC-USD,60680.09375,60090.351010617625
2024-08-04,BTC-USD,58116.9765625,58741.02855742355
2024-08-05,BTC-USD,53991.45703125,57444.17356898105
2024-08-06,BTC-USD,56034.31640625,55053.776109602455
2024-08-07,BTC-USD,55027.4609375,58136.29337499637
2024-08-08,BTC-USD,61710.13671875,59364.26022677115
2024-08-09,BTC-USD,60880.11328125,60346.765879863044
2024-08-10,BTC-USD,60945.8125,59835.09641314884
2024-08-11,BTC-USD,58719.484375,59615.85280185866
2024-08-12,BTC-USD,59354.515625,59253.287546158
2024-08-13,BTC-USD,60609.56640625,59113.6664034257
2024-08-14,BTC-USD,58737.26953125,59634.021304108224
2024-08-15,BTC-USD,57560.09765625,58594.1704522095
2024-08-16,BTC-USD,58894.10546875,59115.22400288747
2024-08-17,BTC-USD,59478.97265625,59121.58207899461
2024-08-18,BTC-USD,58483.96484375,60141.637161698505
2024-08-19,BTC-USD,59493.453125,59667.58818295531
2024-08-20,BTC-USD,59012.79296875,60589.0552900594
2024-08-21,BTC-USD,61175.19140625,59954.40391628521
2024-08-22,BTC-USD,60381.9140625,62022.72614744134
2024-08-23,BTC-USD,64094.35546875,62236.25667431443
2024-08-24,BTC-USD,64178.9921875,64033.612968878806
2024-08-25,BTC-USD,64333.54296875,63853.89525264057
2024-08-26,BTC-USD,62880.66015625,63297.36669280584
2024-08-27,BTC-USD,59504.1328125,61772.50079844152
2024-08-28,BTC-USD,59027.625,60375.08130230607
2024-08-29,BTC-USD,59388.1796875,59979.993719291364
2024-08-30,BTC-USD,59119.4765625,59807.98890289091
2024-08-31,BTC-USD,58969.8984375,58982.05485268835
2024-09-01,BTC-USD,57325.48828125,59026.273864822324
2024-09-02,BTC-USD,59112.48046875,58523.0063025792
2024-09-03,BTC-USD,57431.0234375,58808.91956473135
2024-09-04,BTC-USD,57971.5390625,57309.87011180897
2024-09-05,BTC-USD,56160.48828125,57070.13963168162
2024-09-06,BTC-USD,53948.75390625,56633.173840342286
2024-09-07,BTC-USD,54139.6875,54711.730032967396
2024-09-08,BTC-USD,54841.56640625,56107.18669230955
2024-09-09,BTC-USD,57019.53515625,57216.11953095737
2024-09-10,BTC-USD,57648.7109375,58631.911724913516
2024-09-11,BTC-USD,57343.171875,58689.25719814291
2024-09-12,BTC-USD,58127.01171875,59679.49371501786
2024-09-13,BTC-USD,60571.30078125,59976.698244829015
2024-09-14,BTC-USD,60005.12109375,61063.590008250576
2024-09-15,BTC-USD,59182.8359375,60433.030007320456
2024-09-16,BTC-USD,58192.5078125,60088.038585571994
2024-09-17,BTC-USD,60308.5390625,60369.552691367804
2024-09-18,BTC-USD,61649.6796875,62327.566492523925
2024-09-19,BTC-USD,62940.45703125,63313.28567761501
2024-09-20,BTC-USD,63192.9765625,63824.24289835415
2024-09-21,BTC-USD,63394.83984375,63902.50965848915
2024-09-22,BTC-USD,63648.7109375,63817.624346676384
2024-09-23,BTC-USD,63329.80078125,64195.59225266601
2024-09-24,BTC-USD,64301.96875,64365.071856286006
2024-09-25,BTC-USD,63143.14453125,64883.66290057561
2024-09-26,BTC-USD,65181.01953125,64741.39971148688
2024-09-27,BTC-USD,65790.6640625,65193.69590800468
2024-09-28,BTC-USD,65887.6484375,65353.56067844853
2024-09-29,BTC-USD,65635.3046875,65318.78726834345
2024-09-30,BTC-USD,63329.5,64411.80881815935
2024-10-01,BTC-USD,60837.0078125,62746.20345221122
2024-10-02,BTC-USD,60632.78515625,61470.79997065097
2024-10-03,BTC-USD,60759.40234375,61054.62411254632
2024-10-04,BTC-USD,62067.4765625,61464.66455924985
2024-10-05,BTC-USD,62089.94921875,62030.68918026929
2024-10-06,BTC-USD,62818.953125,61962.663039491534
2024-10-07,BTC-USD,62236.66015625,62301.35699136985
2024-10-08,BTC-USD,62131.96875,61640.625602520646
2024-10-09,BTC-USD,60582.1015625,61536.101444059066
2024-10-10,BTC-USD,60274.5,61049.00264269809
2024-10-11,BTC-USD,62445.08984375,61582.16052437825
2024-10-12,BTC-USD,63193.0234375,62259.783063394985
2024-10-13,BTC-USD,62851.375,63411.780259401734
2024-10-14,BTC-USD,66046.125,64429.70185680439
2024-10-15,BTC-USD,67041.109375,67269.38069410574
2024-10-16,BTC-USD,67612.71875,67694.72648877221
2024-10-17,BTC-USD,67399.8359375,67963.68168077135
2024-10-18,BTC-USD,68418.7890625,67789.00055954355
2024-10-19,BTC-USD,68362.734375,68485.75960068929
2024-10-20,BTC-USD,69001.703125,67584.77484179787
2024-10-21,BTC-USD,67367.8515625,68498.60503712049
2024-10-22,BTC-USD,67361.40625,67685.95139756009
2024-10-23,BTC-USD,66432.1953125,68085.63357333177
2024-10-24,BTC-USD,68161.0546875,67545.28335880318
2024-10-25,BTC-USD,66642.4140625,68564.85236783898
2024-10-26,BTC-USD,67014.6953125,67779.21022320942
2024-10-27,BTC-USD,67929.296875,68607.4757433319
2024-10-28,BTC-USD,69907.7578125,69505.47937035702
2024-10-29,BTC-USD,72720.4921875,70735.83139901039
2024-10-30,BTC-USD,72339.5390625,70492.91496310516
2024-10-31,BTC-USD,70215.1875,69649.70047727336
2024-11-01,BTC-USD,69482.46875,69405.29327215294
2024-11-02,BTC-USD,69289.2734375,68924.33435409227
2024-11-03,BTC-USD,68741.1171875,68357.65734876359
2024-11-04,BTC-USD,67811.5078125,68715.06626112357
2024-11-05,BTC-USD,69359.5625,70049.55240307192
2024-11-06,BTC-USD,75639.078125,70841.79385037112
2024-11-07,BTC-USD,75904.859375,78850.08223001723
2024-11-08,BTC-USD,76545.4765625,80867.22902088922
2024-11-09,BTC-USD,76778.8671875,81256.98854175497
2024-11-10,BTC-USD,80474.1875,81773.87081151054
2024-11-11,BTC-USD,88701.484375,84122.02649040021
2024-11-12,BTC-USD,87955.8125,89628.54896591396
2024-11-13,BTC-USD,90584.1640625,89700.6358160005
2024-11-14,BTC-USD,87250.4296875,90945.88104523085
2024-11-15,BTC-USD,91066.0078125,90053.77396958078
2024-11-16,BTC-USD,90558.4765625,91883.14171662854
2024-11-17,BTC-USD,89845.8515625,91791.82280517223
2024-11-18,BTC-USD,90542.640625,91717.40345284806
2024-11-19,BTC-USD,92343.7890625,92717.96197275308
2024-11-20,BTC-USD,94339.4921875,95253.38300144434
2024-11-21,BTC-USD,98504.7265625,96071.53890874982
2024-11-22,BTC-USD,98997.6640625,97190.30164550636
2024-11-23,BTC-USD,97777.28125,97056.51365860834
2024-11-24,BTC-USD,98013.8203125,95717.76160210345
2024-11-25,BTC-USD,93102.296875,95841.30358107963
2024-11-26,BTC-USD,91985.3203125,95589.8707459417
2024-11-27,BTC-USD,95962.53125,94431.25992076295
2024-11-28,BTC-USD,95652.46875,97067.83347771871
2024-11-29,BTC-USD,97461.5234375,96781.81868091907
2024-11-30,BTC-USD,96449.0546875,97339.29640376242
2024-12-01,BTC-USD,97279.7890625,96812.08537231931
2024-12-02,BTC-USD,95865.3046875,97577.3727947209
2024-12-03,BTC-USD,96002.1640625,97989.77790630051
2024-12-04,BTC-USD,98768.53125,98128.02517848898
2024-12-05,BTC-USD,96593.5703125,98491.84198332793
2024-12-06,BTC-USD,99920.7109375,98861.84073086586
2024-12-07,BTC-USD,99923.3359375,100093.22060344761
2024-12-08,BTC-USD,101236.015625,99820.58624935678
2024-12-09,BTC-USD,97432.71875,100590.0389856882
2024-12-10,BTC-USD,96675.4296875,99377.53373676962
2024-12-11,BTC-USD,101173.03125,99017.99776623661
2024-12-12,BTC-USD,100043.0,100967.54712645603
2024-12-13,BTC-USD,101459.2578125,100840.81577758808
2024-12-14,BTC-USD,101372.96875,102282.35972068187
2024-12-15,BTC-USD,104298.6953125,103079.99109330663
2024-12-16,BTC-USD,106029.71875,103895.7587422737
2024-12-17,BTC-USD,106140.6015625,103406.35373129159
2024-12-18,BTC-USD,100041.5390625,101251.04462863132
2024-12-19,BTC-USD,97490.953125,100065.21655151533
2024-12-20,BTC-USD,97755.9296875,97030.66920691413
2024-12-21,BTC-USD,97224.7265625,96701.51647251114
2024-12-22,BTC-USD,95104.9375,96028.97714573232
2024-12-23,BTC-USD,94686.2421875,97057.92972824741
2024-12-24,BTC-USD,98676.09375,97262.29368743731
2024-12-25,BTC-USD,99299.1953125,96996.56795160935
2024-12-26,BTC-USD,95795.515625,95669.09800867269
2024-12-27,BTC-USD,94164.859375,95101.39744270472
2024-12-28,BTC-USD,95163.9296875,94481.37620482243
2024-12-29,BTC-USD,93530.2265625,94425.48505005568
2024-12-30,BTC-USD,92643.2109375,94273.0300147785
2024-12-31,BTC-USD,93429.203125,94700.9290229828
2025-01-01,BTC-USD,94419.7578125,95245.56030244278
2025-01-02,BTC-USD,96886.875,96843.24313012933
2025-01-03,BTC-USD,98107.4296875,97468.7865000873
2025-01-04,BTC-USD,98236.2265625,97995.62919345748
2025-01-05,BTC-USD,98314.9609375,98306.95130451776
2025-01-06,BTC-USD,102078.0859375,97830.16650902476
2025-01-07,BTC-USD,96922.703125,99470.42762370573
2025-01-08,BTC-USD,95043.5234375,94733.25745639038
2025-01-09,BTC-USD,92484.0390625,94827.80634949444
2025-01-10,BTC-USD,94701.453125,94014.8402836367
2025-01-11,BTC-USD,94566.59375,94981.94481370824
2025-01-12,BTC-USD,94488.4375,95541.31350473304
2025-01-13,BTC-USD,94516.5234375,97114.79152715924
2025-01-14,BTC-USD,96534.046875,97713.54036618581
2025-01-15,BTC-USD,100504.4921875,97772.28266971918
2025-01-16,BTC-USD,99756.90625,101610.69374514824
2025-01-17,BTC-USD,104462.0390625,101020.8968916467
2025-01-18,BTC-USD,104408.0703125,102593.83100548327
2025-01-19,BTC-USD,101089.609375,101733.31785006447
2025-01-20,BTC-USD,102016.6640625,101640.50326783139
2025-01-21,BTC-USD,106146.265625,102917.64472457292
2025-01-22,BTC-USD,103653.0703125,103679.51501412928
2025-01-23,BTC-USD,103960.171875,103785.54925426439
2025-01-24,BTC-USD,104819.484375,104330.9223145267
2025-01-25,BTC-USD,104714.6484375,103916.70255918546
2025-01-26,BTC-USD,102682.5,103123.3540964911
2025-01-27,BTC-USD,102087.6875,103316.75405334777
2025-01-28,BTC-USD,101332.4765625,103733.81817275543
2025-01-29,BTC-USD,103703.2109375,103209.62694886867
2025-01-30,BTC-USD,104735.3046875,103417.84562842884
2025-01-31,BTC-USD,102405.0234375,100614.91446145409
2025-02-01,BTC-USD,100655.90625,99886.3369140395
2025-02-02,BTC-USD,97688.9765625,99758.67479214077
2025-02-03,BTC-USD,101405.421875,96783.73736558679
2025-02-04,BTC-USD,97871.8203125,99385.42296927453
2025-02-05,BTC-USD,96615.4453125,95985.73420144267
2025-02-06,BTC-USD,96593.296875,96024.96999374893
2025-02-07,BTC-USD,96529.0859375,96207.63093710762
2025-02-08,BTC-USD,96482.453125,96330.6023611878
2025-02-09,BTC-USD,96500.09375,96969.84587435052
2025-02-10,BTC-USD,97437.5546875,96515.30178412062
2025-02-11,BTC-USD,95747.4296875,96855.40785607767
2025-02-12,BTC-USD,97885.859375,96613.25924762114
2025-02-13,BTC-USD,96623.8671875,96830.34850837714
2025-02-14,BTC-USD,97508.96875,96723.64855323482
2025-02-15,BTC-USD,97580.3515625,96474.91996841575
2025-02-16,BTC-USD,96175.03125,96583.39240192124
2025-02-17,BTC-USD,95773.3828125,96014.83484168518
2025-02-18,BTC-USD,95539.546875,95815.39441449956
2025-02-19,BTC-USD,96635.609375,96228.84250587429
2025-02-20,BTC-USD,98333.9375,97040.6096761126
2025-02-21,BTC-USD,96125.546875,96417.51562892633
2025-02-22,BTC-USD,96577.7578125,96126.25831358446
2025-02-23,BTC-USD,96273.921875,95559.19109962763
2025-02-24,BTC-USD,91418.171875,92656.29065105827
2025-02-25,BTC-USD,88736.171875,87943.09872891354
2025-02-26,BTC-USD,84347.0234375,86269.78682276768
2025-02-27,BTC-USD,84704.2265625,85101.77520588045
2025-02-28,BTC-USD,84373.0078125,86614.52265928834
2025-03-01,BTC-USD,86031.9140625,87978.4542892376
2025-03-02,BTC-USD,94248.3515625,87104.86163189787
2025-03-03,BTC-USD,86065.671875,90388.13826698338
2025-03-04,BTC-USD,87222.1953125,86628.74450291584
2025-03-05,BTC-USD,90623.5625,88234.88732299877
2025-03-06,BTC-USD,89961.7265625,87653.35782853291
2025-03-07,BTC-USD,86742.671875,86690.78443314091
2025-03-08,BTC-USD,86154.59375,85245.09360895689
2025-03-09,BTC-USD,80601.0390625,85230.01592660905
2025-03-10,BTC-USD,78532.0,83369.73398142787
2025-03-11,BTC-USD,82862.2109375,82987.38053304412
2025-03-12,BTC-USD,83722.359375,83160.1903708613
2025-03-13,BTC-USD,81066.703125,83533.7385510863
2025-03-14,BTC-USD,83969.1015625,83565.28870428784
2025-03-15,BTC-USD,84343.109375,83568.79724128106
2025-03-16,BTC-USD,82579.6875,83232.67502149928
2025-03-17,BTC-USD,84075.6875,82991.95725693955
2025-03-18,BTC-USD,82718.5,84493.9324219305
2025-03-19,BTC-USD,86854.2265625,83679.6887056481
2025-03-20,BTC-USD,84167.1953125,85148.37060253232
2025-03-21,BTC-USD,84043.2421875,84490.97702142429
2025-03-22,BTC-USD,83832.484375,84672.43545618557
2025-03-23,BTC-USD,86054.375,85081.64261704907
2025-03-24,BTC-USD,87498.9140625,87202.82608943117
2025-03-25,BTC-USD,87471.703125,87654.86893801438
2025-03-26,BTC-USD,86900.8828125,87291.3488305306
2025-03-27,BTC-USD,87177.1015625,86856.72178629883
2025-03-28,BTC-USD,84353.1484375,85204.54262880531
2025-03-29,BTC-USD,82597.5859375,83671.48206059104
2025-03-30,BTC-USD,82334.5234375,83169.90808106602
2025-03-31,BTC-USD,82548.9140625,83578.78404930506
2025-04-01,BTC-USD,85169.171875,83363.14440878549
2025-04-02,BTC-USD,82485.7109375,84289.56098483277
2025-04-03,BTC-USD,83102.828125,83164.02879449869
2025-04-04,BTC-USD,83843.8046875,83061.74623544846
2025-04-05,BTC-USD,83504.796875,82641.61423704079
2025-04-06,BTC-USD,78214.484375,81726.82467531202
2025-04-07,BTC-USD,79235.3359375,80490.665319176
2025-04-08,BTC-USD,76271.953125,82157.45638910217
2025-04-09,BTC-USD,82573.953125,80795.03062620612
2025-04-10,BTC-USD,79626.140625,82957.11794991873
2025-04-11,BTC-USD,83404.8359375,83426.88949671993
2025-04-12,BTC-USD,85287.109375,83703.01721255053
2025-04-13,BTC-USD,83684.9765625,84572.6051594597
2025-04-14,BTC-USD,84542.390625,83289.79577342153
2025-04-15,BTC-USD,83668.9921875,84063.06829646988
2025-04-16,BTC-USD,84033.8671875,83903.29227440103
2025-04-17,BTC-USD,84895.75,84302.32922211556
2025-04-18,BTC-USD,84450.8046875,85624.39311226575
2025-04-19,BTC-USD,85063.4140625,85620.29570242602
2025-04-20,BTC-USD,85174.3046875,87583.97155549371
2025-04-21,BTC-USD,87518.90625,89014.11594642067
2025-04-22,BTC-USD,93441.890625,90744.6654814258
2025-04-23,BTC-USD,93699.109375,93575.06438847035
2025-04-24,BTC-USD,93943.796875,93879.54916462945
2025-04-25,BTC-USD,94720.5,93964.09810354309
2025-04-26,BTC-USD,94646.9296875,94436.89255671982
2025-04-27,BTC-USD,93754.84375,94913.77225505
2025-04-28,BTC-USD,94978.75,94262.82234880756
2025-04-29,BTC-USD,94284.7890625,95877.76321465407
2025-04-30,BTC-USD,94207.3125,96168.21475518058
2025-05-01,BTC-USD,96492.3359375,95829.16179325138
2025-05-02,BTC-USD,96910.0703125,96096.32200932737
2025-05-03,BTC-USD,95891.796875,96501.7453292292
2025-05-04,BTC-USD,94315.9765625,96041.82163286027
2025-05-05,BTC-USD,94748.0546875,96577.95088756879
2025-05-06,BTC-USD,96802.4765625,97174.81376365211
2025-05-07,BTC-USD,97032.3203125,98898.4679939276
2025-05-08,BTC-USD,103241.4609375,98968.24867259111
2025-05-09,BTC-USD,102970.8515625,103805.66915582023
2025-05-10,BTC-USD,104696.328125,103658.23311718622
2025-05-11,BTC-USD,104106.359375,103498.13613476002
2025-05-12,BTC-USD,102812.953125,103803.75470315834
2025-05-13,BTC-USD,104169.8125,103565.79757488026
2025-05-14,BTC-USD,103539.4140625,103804.04268444683
2025-05-15,BTC-USD,103744.640625,103830.67895578688
2025-05-16,BTC-USD,103489.2890625,103690.79667444411
2025-05-17,BTC-USD,103191.0859375,104443.2275654054
2025-05-18,BTC-USD,106446.0078125,104516.92863672327
2025-05-19,BTC-USD,105606.1796875,107121.92473826617
2025-05-20,BTC-USD,106791.0859375,107575.08260436403
2025-05-21,BTC-USD,109678.078125,108399.42183646631
2025-05-22,BTC-USD,111673.28125,108193.75876988706
2025-05-23,BTC-USD,107287.796875,111262.76436111207
2025-05-24,BTC-USD,107791.15625,107958.5631346728
2025-05-25,BTC-USD,109035.390625,108647.71243647099
2025-05-26,BTC-USD,109440.3671875,108683.5158923825
2025-05-27,BTC-USD,108994.640625,109666.42110688721
2025-05-28,BTC-USD,107802.328125,107987.59889916811
2025-05-29,BTC-USD,105641.7578125,106560.12342682286
2025-05-30,BTC-USD,103998.5703125,106250.79965286926
2025-05-31,BTC-USD,104638.09375,104828.60792202201
2025-06-01,BTC-USD,105652.1015625,104704.08631242887
2025-06-02,BTC-USD,105881.53125,105859.49830252095
2025-06-03,BTC-USD,105432.46875,105816.50065136146
2025-06-04,BTC-USD,104731.984375,104114.19702572892
2025-06-05,BTC-USD,101575.953125,104030.40308554866
2025-06-06,BTC-USD,104390.34375,103833.23264877476
2025-06-07,BTC-USD,105615.625,104524.43716969967
2025-06-08,BTC-USD,105793.6484375,107224.78093354391
2025-06-09,BTC-USD,110294.1015625,107131.24094259384
2025-06-10,BTC-USD,110257.234375,107099.02816268695
2025-06-11,BTC-USD,108686.625,106833.9538563735
2025-06-12,BTC-USD,105929.0546875,106626.9248766409
2025-06-13,BTC-USD,106090.96875,106475.74839493897
2025-06-14,BTC-USD,105472.40625,106429.87049921943
2025-06-15,BTC-USD,105552.0234375,105609.57216387716
2025-06-16,BTC-USD,106796.7578125,105358.34721183372
2025-06-17,BTC-USD,104601.1171875,106524.54448695968
2025-06-18,BTC-USD,104883.328125,103989.42363901393
2025-06-19,BTC-USD,104684.2890625,103751.37539223657
2025-06-20,BTC-USD,103309.6015625,103423.01124056673
2025-06-21,BTC-USD,102257.40625,103575.64432383678
2025-06-22,BTC-USD,100987.140625,104212.73182080005
2025-06-23,BTC-USD,105577.7734375,103668.20153354849
2025-06-24,BTC-USD,106045.6328125,105790.94090862511
2025-06-25,BTC-USD,107361.2578125,106368.65755993348
2025-06-26,BTC-USD,106960.0,107230.57516260115
2025-06-27,BTC-USD,107088.4296875,107294.21819814424
2025-06-28,BTC-USD,107327.703125,107734.06093411885
2025-06-29,BTC-USD,108385.5703125,107962.79285969134
2025-06-30,BTC-USD,107135.3359375,107379.51608805956
2025-07-01,BTC-USD,105698.28125,107981.62614018685
2025-07-02,BTC-USD,108859.3203125,107584.1026381545
2025-07-03,BTC-USD,109647.9765625,108539.10337637781
2025-07-04,BTC-USD,108034.3359375,108466.44583970837
2025-07-05,BTC-USD,108231.1796875,108606.96077050206
2025-07-06,BTC-USD,109232.0703125,108511.19754903462
2025-07-07,BTC-USD,108299.8515625,109340.95382813917
2025-07-08,BTC-USD,108950.2734375,110101.14608301345
2025-07-09,BTC-USD,111326.5546875,110861.6031492569
2025-07-10,BTC-USD,115987.203125,114571.04919648023
2025-07-11,BTC-USD,117516.9921875,117441.42027167675
2025-07-12,BTC-USD,117435.2265625,119683.96574792666
2025-07-13,BTC-USD,119116.1171875,119557.72852880371
2025-07-14,BTC-USD,119849.703125,120000.0744561817
2025-07-15,BTC-USD,117777.1875,119937.10679494712
2025-07-16,BTC-USD,118738.5078125,119469.9367214825
2025-07-17,BTC-USD,119289.84375,118186.22517125077
2025-07-18,BTC-USD,118003.2265625,118160.31110221703
2025-07-19,BTC-USD,117939.9765625,118093.91463986735
2025-07-20,BTC-USD,117300.7890625,117771.53778763756
2025-07-21,BTC-USD,117439.5390625,117900.73650548044
2025-07-22,BTC-USD,119995.4140625,118224.69550034843
2025-07-23,BTC-USD,118754.9609375,118093.39158653222
2025-07-24,BTC-USD,118368.0,117864.99575539345
2025-07-25,BTC-USD,117635.8828125,117962.18728225809
2025-07-26,BTC-USD,117947.3671875,118082.25660976484
2025-07-27,BTC-USD,119448.4921875,117883.20155103297
2025-07-28,BTC-USD,117924.4765625,117891.71870584357
2025-07-29,BTC-USD,117922.1484375,117065.66866061349
2025-07-30,BTC-USD,117831.1875,115742.4395364776
2025-07-31,BTC-USD,115758.203125,115637.39281485786
2025-08-01,BTC-USD,113320.0859375,114133.685750569
2025-08-02,BTC-USD,112526.9140625,113514.59792354477
2025-08-03,BTC-USD,114217.671875,113714.36636552388
2025-08-04,BTC-USD,115071.8828125,114646.83265180173
2025-08-05,BTC-USD,114141.4453125,114659.69138126621
2025-08-06,BTC-USD,115028.0,114949.37495221123
2025-08-07,BTC-USD,117496.8984375,115018.48799630649
2025-08-08,BTC-USD,116688.7265625,118058.96926512074
2025-08-09,BTC-USD,116500.359375,117550.64931197268
2025-08-10,BTC-USD,119306.7578125,117569.73400649168
2025-08-11,BTC-USD,118731.4453125,119356.85014034576
2025-08-12,BTC-USD,120172.90625,120187.5660614164
2025-08-13,BTC-USD,123344.0625,119861.85785666727
2025-08-14,BTC-USD,118359.578125,117099.5320846456
2025-08-15,BTC-USD,117398.3515625,116671.44810453967
2025-08-16,BTC-USD,117491.3515625,116391.94414715374
2025-08-17,BTC-USD,117453.0625,115675.94441160704
2025-08-18,BTC-USD,116252.3125,115228.74160569988
2025-08-19,BTC-USD,112831.1796875,113969.372498564
2025-08-20,BTC-USD,114274.7421875,113090.74853751295
2025-08-21,BTC-USD,112419.03125,114268.8976320204
2025-08-22,BTC-USD,116874.0859375,113718.97653429784
2025-08-23,BTC-USD,115374.328125,114857.48468124685
2025-08-24,BTC-USD,113458.4296875,112463.52491283082
2025-08-25,BTC-USD,110124.3515625,111053.04513613395
2025-08-26,BTC-USD,111802.65625,109599.1987506694
2025-08-27,BTC-USD,111222.0625,110374.07548013692
2025-08-28,BTC-USD,112544.8046875,109987.79149066765
2025-08-29,BTC-USD,108410.8359375,110226.07546592373
2025-08-30,BTC-USD,108808.0703125,108873.02257697762
2025-08-31,BTC-USD,108236.7109375,109298.34998860702
2025-09-01,BTC-USD,109250.59375,110562.09005752033
2025-09-02,BTC-USD,111200.5859375,110860.64016048849
2025-09-03,BTC-USD,111723.2109375,111274.30602270928
2025-09-04,BTC-USD,110723.6015625,111482.41605738152
2025-09-05,BTC-USD,110650.984375,111296.2462308101
2025-09-06,BTC-USD,110224.6953125,111437.22964410484
2025-09-07,BTC-USD,111167.6171875,111631.28744833362
2025-09-08,BTC-USD,112071.4296875,112815.90176451295
2025-09-09,BTC-USD,111530.546875,112791.6495377887
2025-09-10,BTC-USD,113955.359375,113499.73574152892
2025-09-11,BTC-USD,115507.5390625,115132.16882591839
2025-09-12,BTC-USD,116101.578125,115947.4384243774
2025-09-13,BTC-USD,115950.5078125,116361.19080460437
2025-09-14,BTC-USD,115407.65625,116348.36810651672
2025-09-15,BTC-USD,115444.875,116376.44281396687
2025-09-16,BTC-USD,116843.1875,116280.08207486355
2025-09-17,BTC-USD,116468.5078125,117475.21036761817
2025-09-18,BTC-USD,117137.203125,115758.16845159722
2025-09-19,BTC-USD,115688.859375,116104.44350087724
2025-09-20,BTC-USD,115721.9609375,114879.27637764513
2025-09-21,BTC-USD,115306.09375,114712.32311832673
2025-09-22,BTC-USD,112748.5078125,114144.45687498689
2025-09-23,BTC-USD,112014.5,113789.5797145429
2025-09-24,BTC-USD,113328.6328125,112881.38421054132
2025-09-25,BTC-USD,109049.2890625,112311.78462995864
2025-09-26,BTC-USD,109712.828125,109827.62084564414
2025-09-27,BTC-USD,109681.9453125,110180.88228991166
2025-09-28,BTC-USD,112122.640625,110924.83715480092
2025-09-29,BTC-USD,114400.3828125,112293.02867396822
2025-09-30,BTC-USD,114056.0859375,115212.94568615807
2025-10-01,BTC-USD,118648.9296875,116311.31688725748
2025-10-02,BTC-USD,120681.2578125,120534.32195266006
2025-10-03,BTC-USD,122266.53125,121310.82012669915
2025-10-04,BTC-USD,122425.4296875,121655.55862620364
2025-10-05,BTC-USD,123513.4765625,121638.16705316566
2025-10-06,BTC-USD,124752.53125,121069.02825279962
2025-10-07,BTC-USD,121451.3828125,120849.521233881
2025-10-08,BTC-USD,123354.8671875,118449.26425553071
2025-10-09,BTC-USD,121705.5859375,116958.01087910966
2025-10-10,BTC-USD,113214.3671875,116045.40964196468
2025-10-11,BTC-USD,110807.8828125,113902.50409752953
2025-10-12,BTC-USD,115169.765625,112831.03720034416
2025-10-13,BTC-USD,115271.078125,113613.26716170534
2025-10-14,BTC-USD,113118.6640625,113175.92456774638
2025-10-15,BTC-USD,110783.1640625,111488.57691458531
2025-10-16,BTC-USD,108186.0390625,108963.42615001812
2025-10-17,BTC-USD,106467.7890625,108785.43219079202
2025-10-18,BTC-USD,107198.265625,108343.73326335296
2025-10-19,BTC-USD,108666.7109375,109529.6781599121
2025-10-20,BTC-USD,110588.9296875,108023.5772966505
2025-10-21,BTC-USD,108476.890625,107656.66243856835
2025-10-22,BTC-USD,107688.5859375,108737.52396690537
2025-10-23,BTC-USD,110069.7265625,109631.04545467025
2025-10-24,BTC-USD,111033.921875,110687.8289297306
2025-10-25,BTC-USD,111641.7265625,112287.98212662835
2025-10-26,BTC-USD,114472.4453125,112166.13423844869
2025-10-27,BTC-USD,114119.328125,113195.17090004658
2025-10-28,BTC-USD,112956.1640625,112972.34610949749
2025-10-29,BTC-USD,110055.3046875,111024.83020740087
2025-10-30,BTC-USD,108305.546875,110287.69421347539
2025-10-31,BTC-USD,109556.1640625,110209.27018802312
2025-11-01,BTC-USD,110064.015625,110183.11359619781
2025-11-02,BTC-USD,110639.625,109791.3064308628
2025-11-03,BTC-USD,106547.5234375,107695.2567245264
2025-11-04,BTC-USD,101590.5234375,106146.86150219681
2025-11-05,BTC-USD,103891.8359375,103246.15373507688
2025-11-06,BTC-USD,101301.2890625,103698.65811917686
2025-11-07,BTC-USD,103372.40625,103060.75437972492
2025-11-08,BTC-USD,102282.1171875,103831.42786805046
2025-11-09,BTC-USD,104719.640625,103238.15548193389
2025-11-10,BTC-USD,105996.59375,102796.39126670026
2025-11-11,BTC-USD,102997.46875,104254.34734811352
2025-11-12,BTC-USD,101663.1875,100457.2348725975
2025-11-13,BTC-USD,99697.4921875,99036.54496012913
2025-11-14,BTC-USD,94397.7890625,94940.72972883115
2025-11-15,BTC-USD,95549.1484375,92544.4519774498
2025-11-16,BTC-USD,94177.078125,92552.36960128548
2025-11-17,BTC-USD,92093.875,91542.5644831401
2025-11-18,BTC-USD,92948.875,90148.33401858232
2025-11-19,BTC-USD,91465.9921875,90243.92410176055
2025-11-20,BTC-USD,86631.8984375,88482.69234334363
2025-11-21,BTC-USD,85090.6875,87059.42535312417
2025-11-22,BTC-USD,84648.359375,87164.57742796035
2025-11-23,BTC-USD,86805.0078125,87687.346380205
2025-11-24,BTC-USD,88270.5625,88062.1846568629
2025-11-25,BTC-USD,87341.890625,89233.73341432276
2025-11-26,BTC-USD,90518.3671875,89764.94289366278
2025-11-27,BTC-USD,91285.375,89814.61149342533
2025-11-28,BTC-USD,90919.265625,90013.4039998829
2025-11-29,BTC-USD,90851.7578125,90045.49934851173
2025-11-30,BTC-USD,90394.3125,89697.9946655858
2025-12-01,BTC-USD,86321.5703125,89980.84291955363
2025-12-02,BTC-USD,91350.203125,89154.31983045269
2025-12-03,BTC-USD,93527.8046875,90686.33401245014
2025-12-04,BTC-USD,92141.625,90627.6487513695
2025-12-05,BTC-USD,89387.7578125,90295.99576030986
2025-12-06,BTC-USD,89272.375,90454.72451467758
2025-12-07,BTC-USD,90405.640625,90288.1113902229
2025-12-08,BTC-USD,90640.203125,90790.99650512775
2025-12-09,BTC-USD,92691.7109375,91093.94424218092
2025-12-10,BTC-USD,92020.9453125,91029.67176230878
2025-12-11,BTC-USD,92511.3359375,90350.80512323392
2025-12-12,BTC-USD,90270.4140625,90582.5006047775
2025-12-13,BTC-USD,90298.7109375,88192.58350029401
2025-12-14,BTC-USD,88175.1796875,87495.29405255466
2025-12-15,BTC-USD,86419.78125,87301.39250447453
2025-12-16,BTC-USD,87843.984375,86370.37647043272
2025-12-17,BTC-USD,86143.7578125,86492.18262993626
2025-12-18,BTC-USD,85462.5078125,87047.82634510161
2025-12-19,BTC-USD,88103.3828125,87482.62018527352
2025-12-20,BTC-USD,88344.0,88165.68528374919
2025-12-21,BTC-USD,88621.75,88046.33429380207
2025-12-22,BTC-USD,88490.015625,87690.16125064829
2025-12-23,BTC-USD,87414.0,87700.63238973847
2025-12-24,BTC-USD,87611.9609375,87305.45779292124
2025-12-25,BTC-USD,87234.7421875,87183.99215969571
2025-12-26,BTC-USD,87301.4296875,87615.74899810346
2025-12-27,BTC-USD,87802.15625,87701.97576081136
2025-12-28,BTC-USD,87835.8359375,87945.14459046298
2025-12-29,BTC-USD,87138.140625,88469.01359329872
2025-12-30,BTC-USD,88430.1328125,87682.16113780407
2025-12-31,BTC-USD,87508.828125,88954.9454951776
2026-01-01,BTC-USD,88731.984375,89575.58918445952
2026-01-02,BTC-USD,89944.6953125,89989.26870816959
2026-01-03,BTC-USD,90603.1875,90727.11283668643
2026-01-04,BTC-USD,91413.4921875,91959.68158665809
2026-01-05,BTC-USD,93882.5546875,92606.98799560317
2026-01-06,BTC-USD,93729.03125,93175.20545893343
2026-01-07,BTC-USD,91308.0546875,93185.78583120386
2026-01-08,BTC-USD,91027.125,92089.50374083735
2026-01-09,BTC-USD,90513.1015625,91795.29266699679
2026-01-10,BTC-USD,90386.6484375,91800.61252006672
2026-01-11,BTC-USD,90827.4609375,92207.57282059843
2026-01-12,BTC-USD,91192.9921875,93360.94404951333
2026-01-13,BTC-USD,95321.78125,93971.25141967683
